fetched_at,corridor,road_segment,travel_time_mins,last_update
2026-09-01T01:50:19.376Z,16 Avenue,WB 16 Ave: Stoney Tr NE to Valley Ridge Bv NW via 16 Ave,31,2026-08-31T19:44:03.000
2026-09-01T01:50:19.376Z,16 Avenue,WB 16 Ave: Stoney Tr NE to Valley Ridge Bv Via Stoney Tr,27,2026-08-31T19:44:03.000
2026-09-01T01:50:19.376Z,Crowchild Trail,NB Crowchild Tr: 50 Ave SW to 24 Ave NW,7,2026-08-31T19:44:03.000
2026-09-01T01:50:19.376Z,Crowchild Trail,NB Crowchild Tr: 50 Ave SW to Memorial Dr NW,4,2026-08-31T19:44:03.000
2026-09-01T01:50:19.376Z,Crowchild Trail,NB Crowchild Tr: Glenmore Tr SW to 24 Ave NW,9,2026-08-31T19:44:03.000
2026-09-01T01:50:19.376Z,Crowchild Trail,SB Crowchild Tr: 12 Mile Coulee Rd NW to Glenmore Tr SW,17,2026-08-31T19:44:03.000
2026-09-01T01:50:19.376Z,Crowchild Trail,SB Crowchild Tr: 12 Mile Coulee Rd NW to Memorial Dr NW,12,2026-08-31T19:44:03.000
2026-09-01T01:50:19.376Z,Crowchild Trail,SB Crowchild Tr: 24 Ave NW to 17 Ave SW,5,2026-08-31T19:44:03.000
2026-09-01T01:50:19.376Z,Crowchild Trail,SB Crowchild Tr: 24 Ave NW to Glenmore Tr SW,9,2026-08-31T19:44:03.000
2026-09-01T01:50:19.376Z,Crowchild Trail,SB Crowchild Tr: 33 Ave SW to Deerfoot Tr SE,8,2026-08-31T19:44:03.000
2026-09-01T01:50:19.376Z,Crowchild Trail,SB Crowchild Tr: 33 Ave SW to Glenmore Tr SW,3,2026-08-31T19:44:03.000
2026-09-01T01:50:19.376Z,Deerfoot Trail,NB Deerfoot Tr: 17 Ave SE to Airport Tr NE,9,2026-08-31T19:44:03.000
2026-09-01T01:50:19.376Z,Deerfoot Trail,NB Deerfoot Tr: 17 Ave SE to Stoney Tr NE,12,2026-08-31T19:44:03.000
2026-09-01T01:50:19.376Z,Deerfoot Trail,NB Deerfoot Tr: 274 Ave S to City Centre via Deerfoot Tr,28,2026-08-31T19:44:03.000
2026-09-01T01:50:19.376Z,Deerfoot Trail,NB Deerfoot Tr: 32 Ave NE to Airport Tr NE,4,2026-08-31T19:44:03.000
2026-09-01T01:50:19.376Z,Deerfoot Trail,NB Deerfoot Tr: 32 Ave NE to Stoney Tr NE,7,2026-08-31T19:44:03.000
2026-09-01T01:50:19.376Z,Deerfoot Trail,NB Deerfoot Tr: 8 Ave NE to Airport Tr NE,7,2026-08-31T19:44:03.000
2026-09-01T01:50:19.376Z,Deerfoot Trail,NB Deerfoot Tr: 8 Ave NE to Stoney Tr NE,9,2026-08-31T19:44:03.000
2026-09-01T01:50:19.376Z,Deerfoot Trail,NB Deerfoot Tr: Anderson Rd SE to Airport Tr NE,16,2026-08-31T19:44:03.000
2026-09-01T01:50:19.376Z,Deerfoot Trail,NB Deerfoot Tr: Anderson Rd SE to Memorial Dr SE,10,2026-08-31T19:44:03.000
2026-09-01T01:50:19.376Z,Deerfoot Trail,NB Deerfoot Tr: Cranston Ave SE to Memorial Dr SE,17,2026-08-31T19:44:03.000
2026-09-01T01:50:19.376Z,Deerfoot Trail,NB Deerfoot Tr: Cranston Ave SE to Southland Dr SE,10,2026-08-31T19:44:03.000
2026-09-01T01:50:19.376Z,Deerfoot Trail,NB Deerfoot Tr: Glenmore Tr SE to Airport Tr NE,11,2026-08-31T19:44:03.000
2026-09-01T01:50:19.376Z,Deerfoot Trail,NB Deerfoot Tr: Glenmore Tr SE to Memorial Dr SE,5,2026-08-31T19:44:03.000
2026-09-01T01:50:19.376Z,Deerfoot Trail,NB Deerfoot Tr: Glenmore Tr SE to Stoney Tr NE,14,2026-08-31T19:44:03.000
2026-09-01T01:50:19.376Z,Deerfoot Trail,SB Deerfoot Tr: 17 Ave SE to Anderson Rd SE,8,2026-08-31T19:44:03.000
2026-09-01T01:50:19.376Z,Deerfoot Trail,SB Deerfoot Tr: 17 Ave SE to Stoney Tr SE,13,2026-08-31T19:44:03.000
2026-09-01T01:50:19.376Z,Deerfoot Trail,SB Deerfoot Tr: 64 Ave NE to Anderson Rd SE,14,2026-08-31T19:44:03.000
2026-09-01T01:50:19.376Z,Deerfoot Trail,SB Deerfoot Tr: 64 Ave NE to Memorial Dr SE,5,2026-08-31T19:44:03.000
2026-09-01T01:50:19.376Z,Deerfoot Trail,SB Deerfoot Tr: 8 Ave SE to Glenmore Tr SE,6,2026-08-31T19:44:03.000
2026-09-01T01:50:19.376Z,Deerfoot Trail,SB Deerfoot Tr: 8 Ave SE to Stoney Tr SE,14,2026-08-31T19:44:03.000
2026-09-01T01:50:19.376Z,Deerfoot Trail,SB Deerfoot Tr: Airport Tr NE to Anderson Rd SE,16,2026-08-31T19:44:03.000
2026-09-01T01:50:19.376Z,Deerfoot Trail,SB Deerfoot Tr: Airport Tr NE to Memorial Dr SE,7,2026-08-31T19:44:03.000
2026-09-01T01:50:19.376Z,Deerfoot Trail,SB Deerfoot Tr: Balzac  to Stoney Tr SE via Deerfoot Tr,25,2026-08-31T19:44:03.000
2026-09-01T01:50:19.376Z,Deerfoot Trail,SB Deerfoot Tr: Peigan Tr SE to Anderson Rd SE,7,2026-08-31T19:44:03.000
2026-09-01T01:50:19.376Z,Deerfoot Trail,SB Deerfoot Tr: Peigan Tr SE to Stoney Tr SE,12,2026-08-31T19:44:03.000
2026-09-01T01:50:19.376Z,Glenmore Trail,EB Glenmore Tr: Crowchild Tr SW to Deerfoot Tr SE,6,2026-08-31T19:44:03.000
2026-09-01T01:50:19.376Z,Glenmore Trail,WB Glenmore Tr: Odgen Rd SE to Bow Trail SW,11,2026-08-31T19:44:03.000
2026-09-01T01:50:19.376Z,Glenmore Trail,WB Glenmore Tr: Odgen Rd SE to Crowchild Tr SW,7,2026-08-31T19:44:03.000
2026-09-01T01:50:19.376Z,Macleod Trail,NB Macleod Tr: 274 Ave S to City Centre via Macleod Tr,29,2026-08-31T19:44:03.000
2026-09-01T01:50:19.376Z,Macleod Trail,NB Macleod Tr: Anderson Rd SE to 7 Av SE,16,2026-08-31T19:44:03.000
2026-09-01T01:50:19.376Z,Macleod Trail,NB Macleod Tr: Anderson Rd SE to Blackfoot Tr SW,24,2026-08-31T19:44:03.000
2026-09-01T01:50:19.376Z,Macleod Trail,NB Macleod Tr: Anderson Rd SE to Crowchild Tr SW,10,2026-08-31T19:44:03.000
2026-09-01T01:50:19.376Z,Macleod Trail,NB Macleod Tr: N of 25 Ave S to City Centre,3,2026-08-31T19:44:03.000
2026-09-01T01:50:19.376Z,Stoney Trail,EB Stoney Tr: Chaparral Blvd SE to 16 Ave NE,15,2026-08-31T19:44:03.000
2026-09-01T01:50:19.376Z,Stoney Trail,EB Stoney Tr: Chaparral Blvd SE to Glenmore Tr SE,9,2026-08-31T19:44:03.000
2026-09-01T01:50:19.376Z,Stoney Trail,EB Stoney Tr: Harvest Hills Blvd NW to 16 Ave NE,14,2026-08-31T19:44:03.000
2026-09-01T01:50:19.376Z,Stoney Trail,EB Stoney Tr: Harvest Hills Blvd NW to Glenmore Tr SE,19,2026-08-31T19:44:03.000
2026-09-01T01:50:19.376Z,Stoney Trail,EB Stoney W : Sarcee Tr NW to 16 Ave NE,18,2026-08-31T19:44:03.000
2026-09-01T01:50:19.376Z,Stoney Trail,EB Stoney W : Sarcee Tr NW to Deerfoot Tr N,8,2026-08-31T19:44:03.000
2026-09-01T01:50:19.376Z,Stoney Trail,NB Stoney Tr: 114 Ave SE to 16 Ave NE,8,2026-08-31T19:44:03.000
2026-09-01T01:50:19.376Z,Stoney Trail,NB Stoney Tr: 114 Ave SE to Deerfoot Tr NE,18,2026-08-31T19:44:03.000
2026-09-01T01:50:19.376Z,Stoney Trail,NB Stoney Tr: McKnight Blvd NE to Crowchild Tr NW,20,2026-08-31T19:44:03.000
2026-09-01T01:50:19.376Z,Stoney Trail,NB Stoney Tr: McKnight Blvd NE to Deerfoot Tr N,9,2026-08-31T19:44:03.000
2026-09-01T01:50:19.376Z,Stoney Trail,NB Stoney Tr: Peigan Tr SE to Deerfoot Tr NE,14,2026-08-31T19:44:03.000
2026-09-01T01:50:19.376Z,Stoney Trail,NB Stoney Tr: Peigan Tr SE to McKnight Blvd NE,6,2026-08-31T19:44:03.000
2026-09-01T01:50:19.376Z,Stoney Trail,SB Deerfoot Tr: Balzac  to Stoney Tr SE via Stoney Tr,26,2026-08-31T19:44:03.000
2026-09-01T01:50:19.376Z,Stoney Trail,SB Stoney Tr: Mcknight Blvd NE to Deerfoot Tr S,15,2026-08-31T19:44:03.000
2026-09-01T01:50:19.376Z,Stoney Trail,SB Stoney Tr: Mcknight Blvd NE to Glenmore Tr SE,8,2026-08-31T19:44:03.000
2026-09-01T01:50:19.376Z,Stoney Trail,SB Stoney Tr: Peigan Tr SE to 52 St SE,9,2026-08-31T19:44:03.000
2026-09-01T01:50:19.376Z,Stoney Trail,SB Stoney Tr: Peigan Tr SE to Macleod Tr SE,13,2026-08-31T19:44:03.000
2026-09-01T01:50:19.376Z,Stoney Trail,WB Stoney Tr: 52 St SE to James Mckevitt Rd SW,7,2026-08-31T19:44:03.000
2026-09-01T01:50:19.376Z,Stoney Trail,WB Stoney Tr: 52 St SE to Macleod Tr SE,5,2026-08-31T19:44:03.000
2026-09-01T01:50:19.376Z,Stoney Trail,WB Stoney Tr: Country Hills Blvd NW to 16 Ave NW,5,2026-08-31T19:44:03.000
2026-09-01T01:50:19.376Z,Stoney Trail,WB Stoney Tr: Deerfoot Tr NW to 16 Ave NW,13,2026-08-31T19:44:03.000
2026-09-01T01:50:19.376Z,Stoney Trail,WB Stoney Tr: Deerfoot Tr NW to Crowchild Tr NW,9,2026-08-31T19:44:03.000
2026-09-01T01:50:19.376Z,Trans Canada Highway,WB Trans Canada Hwy: Hwy 22 to Banff,54,2026-08-31T19:44:03.000
2026-09-01T01:50:19.376Z,Trans Canada Highway,WB Trans Canada Hwy: Hwy 22 to Kananaskis Village,44,2026-08-31T19:44:03.000
2026-09-01T07:04:34.653Z,16 Avenue,WB 16 Ave: Stoney Tr NE to Valley Ridge Bv NW via 16 Ave,29,2026-09-01T00:44:08.000
2026-09-01T07:04:34.653Z,16 Avenue,WB 16 Ave: Stoney Tr NE to Valley Ridge Bv Via Stoney Tr,26,2026-09-01T00:44:08.000
2026-09-01T07:04:34.653Z,Crowchild Trail,NB Crowchild Tr: 50 Ave SW to 24 Ave NW,7,2026-09-01T00:44:08.000
2026-09-01T07:04:34.653Z,Crowchild Trail,NB Crowchild Tr: 50 Ave SW to Memorial Dr NW,4,2026-09-01T00:44:08.000
2026-09-01T07:04:34.653Z,Crowchild Trail,NB Crowchild Tr: Glenmore Tr SW to 24 Ave NW,9,2026-09-01T00:44:08.000
2026-09-01T07:04:34.653Z,Crowchild Trail,SB Crowchild Tr: 12 Mile Coulee Rd NW to Glenmore Tr SW,17,2026-09-01T00:44:08.000
2026-09-01T07:04:34.653Z,Crowchild Trail,SB Crowchild Tr: 12 Mile Coulee Rd NW to Memorial Dr NW,12,2026-09-01T00:44:08.000
2026-09-01T07:04:34.653Z,Crowchild Trail,SB Crowchild Tr: 24 Ave NW to 17 Ave SW,5,2026-09-01T00:44:08.000
2026-09-01T07:04:34.653Z,Crowchild Trail,SB Crowchild Tr: 24 Ave NW to Glenmore Tr SW,9,2026-09-01T00:44:08.000
2026-09-01T07:04:34.653Z,Crowchild Trail,SB Crowchild Tr: 33 Ave SW to Deerfoot Tr SE,8,2026-09-01T00:44:08.000
2026-09-01T07:04:34.653Z,Crowchild Trail,SB Crowchild Tr: 33 Ave SW to Glenmore Tr SW,4,2026-09-01T00:44:08.000
2026-09-01T07:04:34.653Z,Deerfoot Trail,NB Deerfoot Tr: 17 Ave SE to Airport Tr NE,9,2026-09-01T00:44:08.000
2026-09-01T07:04:34.653Z,Deerfoot Trail,NB Deerfoot Tr: 17 Ave SE to Stoney Tr NE,12,2026-09-01T00:44:08.000
2026-09-01T07:04:34.653Z,Deerfoot Trail,NB Deerfoot Tr: 274 Ave S to City Centre via Deerfoot Tr,27,2026-09-01T00:44:08.000
2026-09-01T07:04:34.653Z,Deerfoot Trail,NB Deerfoot Tr: 32 Ave NE to Airport Tr NE,4,2026-09-01T00:44:08.000
2026-09-01T07:04:34.653Z,Deerfoot Trail,NB Deerfoot Tr: 32 Ave NE to Stoney Tr NE,7,2026-09-01T00:44:08.000
2026-09-01T07:04:34.653Z,Deerfoot Trail,NB Deerfoot Tr: 8 Ave NE to Airport Tr NE,7,2026-09-01T00:44:08.000
2026-09-01T07:04:34.653Z,Deerfoot Trail,NB Deerfoot Tr: 8 Ave NE to Stoney Tr NE,9,2026-09-01T00:44:08.000
2026-09-01T07:04:34.653Z,Deerfoot Trail,NB Deerfoot Tr: Anderson Rd SE to Airport Tr NE,16,2026-09-01T00:44:08.000
2026-09-01T07:04:34.653Z,Deerfoot Trail,NB Deerfoot Tr: Anderson Rd SE to Memorial Dr SE,10,2026-09-01T00:44:08.000
2026-09-01T07:04:34.653Z,Deerfoot Trail,NB Deerfoot Tr: Cranston Ave SE to Memorial Dr SE,17,2026-09-01T00:44:08.000
2026-09-01T07:04:34.653Z,Deerfoot Trail,NB Deerfoot Tr: Cranston Ave SE to Southland Dr SE,10,2026-09-01T00:44:08.000
2026-09-01T07:04:34.653Z,Deerfoot Trail,NB Deerfoot Tr: Glenmore Tr SE to Airport Tr NE,12,2026-09-01T00:44:08.000
2026-09-01T07:04:34.653Z,Deerfoot Trail,NB Deerfoot Tr: Glenmore Tr SE to Memorial Dr SE,5,2026-09-01T00:44:08.000
2026-09-01T07:04:34.653Z,Deerfoot Trail,NB Deerfoot Tr: Glenmore Tr SE to Stoney Tr NE,14,2026-09-01T00:44:08.000
2026-09-01T07:04:34.653Z,Deerfoot Trail,SB Deerfoot Tr: 17 Ave SE to Anderson Rd SE,8,2026-09-01T00:44:08.000
2026-09-01T07:04:34.653Z,Deerfoot Trail,SB Deerfoot Tr: 17 Ave SE to Stoney Tr SE,13,2026-09-01T00:44:08.000
2026-09-01T07:04:34.653Z,Deerfoot Trail,SB Deerfoot Tr: 64 Ave NE to Anderson Rd SE,14,2026-09-01T00:44:08.000
2026-09-01T07:04:34.653Z,Deerfoot Trail,SB Deerfoot Tr: 64 Ave NE to Memorial Dr SE,6,2026-09-01T00:44:08.000
2026-09-01T07:04:34.653Z,Deerfoot Trail,SB Deerfoot Tr: 8 Ave SE to Glenmore Tr SE,6,2026-09-01T00:44:08.000
2026-09-01T07:04:34.653Z,Deerfoot Trail,SB Deerfoot Tr: 8 Ave SE to Stoney Tr SE,15,2026-09-01T00:44:08.000
2026-09-01T07:04:34.653Z,Deerfoot Trail,SB Deerfoot Tr: Airport Tr NE to Anderson Rd SE,17,2026-09-01T00:44:08.000
2026-09-01T07:04:34.653Z,Deerfoot Trail,SB Deerfoot Tr: Airport Tr NE to Memorial Dr SE,8,2026-09-01T00:44:08.000
2026-09-01T07:04:34.653Z,Deerfoot Trail,SB Deerfoot Tr: Balzac  to Stoney Tr SE via Deerfoot Tr,26,2026-09-01T00:44:08.000
2026-09-01T07:04:34.653Z,Deerfoot Trail,SB Deerfoot Tr: Peigan Tr SE to Anderson Rd SE,7,2026-09-01T00:44:08.000
2026-09-01T07:04:34.653Z,Deerfoot Trail,SB Deerfoot Tr: Peigan Tr SE to Stoney Tr SE,12,2026-09-01T00:44:08.000
2026-09-01T07:04:34.653Z,Glenmore Trail,EB Glenmore Tr: Crowchild Tr SW to Deerfoot Tr SE,5,2026-09-01T00:44:08.000
2026-09-01T07:04:34.653Z,Glenmore Trail,WB Glenmore Tr: Odgen Rd SE to Bow Trail SW,11,2026-09-01T00:44:08.000
2026-09-01T07:04:34.653Z,Glenmore Trail,WB Glenmore Tr: Odgen Rd SE to Crowchild Tr SW,7,2026-09-01T00:44:08.000
2026-09-01T07:04:34.653Z,Macleod Trail,NB Macleod Tr: 274 Ave S to City Centre via Macleod Tr,26,2026-09-01T00:44:08.000
2026-09-01T07:04:34.653Z,Macleod Trail,NB Macleod Tr: Anderson Rd SE to 7 Av SE,13,2026-09-01T00:44:08.000
2026-09-01T07:04:34.653Z,Macleod Trail,NB Macleod Tr: Anderson Rd SE to Blackfoot Tr SW,23,2026-09-01T00:44:08.000
2026-09-01T07:04:34.653Z,Macleod Trail,NB Macleod Tr: Anderson Rd SE to Crowchild Tr SW,9,2026-09-01T00:44:08.000
2026-09-01T07:04:34.653Z,Macleod Trail,NB Macleod Tr: N of 25 Ave S to City Centre,3,2026-09-01T00:44:08.000
2026-09-01T07:04:34.653Z,Stoney Trail,EB Stoney Tr: Chaparral Blvd SE to 16 Ave NE,14,2026-09-01T00:44:08.000
2026-09-01T07:04:34.653Z,Stoney Trail,EB Stoney Tr: Chaparral Blvd SE to Glenmore Tr SE,9,2026-09-01T00:44:08.000
2026-09-01T07:04:34.653Z,Stoney Trail,EB Stoney Tr: Harvest Hills Blvd NW to 16 Ave NE,14,2026-09-01T00:44:08.000
2026-09-01T07:04:34.653Z,Stoney Trail,EB Stoney Tr: Harvest Hills Blvd NW to Glenmore Tr SE,19,2026-09-01T00:44:08.000
2026-09-01T07:04:34.653Z,Stoney Trail,EB Stoney W : Sarcee Tr NW to 16 Ave NE,18,2026-09-01T00:44:08.000
2026-09-01T07:04:34.653Z,Stoney Trail,EB Stoney W : Sarcee Tr NW to Deerfoot Tr N,8,2026-09-01T00:44:08.000
2026-09-01T07:04:34.653Z,Stoney Trail,NB Stoney Tr: 114 Ave SE to 16 Ave NE,8,2026-09-01T00:44:08.000
2026-09-01T07:04:34.653Z,Stoney Trail,NB Stoney Tr: 114 Ave SE to Deerfoot Tr NE,18,2026-09-01T00:44:08.000
2026-09-01T07:04:34.653Z,Stoney Trail,NB Stoney Tr: McKnight Blvd NE to Crowchild Tr NW,19,2026-09-01T00:44:08.000
2026-09-01T07:04:34.653Z,Stoney Trail,NB Stoney Tr: McKnight Blvd NE to Deerfoot Tr N,9,2026-09-01T00:44:08.000
2026-09-01T07:04:34.653Z,Stoney Trail,NB Stoney Tr: Peigan Tr SE to Deerfoot Tr NE,14,2026-09-01T00:44:08.000
2026-09-01T07:04:34.653Z,Stoney Trail,NB Stoney Tr: Peigan Tr SE to McKnight Blvd NE,6,2026-09-01T00:44:08.000
2026-09-01T07:04:34.653Z,Stoney Trail,SB Deerfoot Tr: Balzac  to Stoney Tr SE via Stoney Tr,27,2026-09-01T00:44:08.000
2026-09-01T07:04:34.653Z,Stoney Trail,SB Stoney Tr: Mcknight Blvd NE to Deerfoot Tr S,14,2026-09-01T00:44:08.000
2026-09-01T07:04:34.653Z,Stoney Trail,SB Stoney Tr: Mcknight Blvd NE to Glenmore Tr SE,8,2026-09-01T00:44:08.000
2026-09-01T07:04:34.653Z,Stoney Trail,SB Stoney Tr: Peigan Tr SE to 52 St SE,8,2026-09-01T00:44:08.000
2026-09-01T07:04:34.653Z,Stoney Trail,SB Stoney Tr: Peigan Tr SE to Macleod Tr SE,13,2026-09-01T00:44:08.000
2026-09-01T07:04:34.653Z,Stoney Trail,WB Stoney Tr: 52 St SE to James Mckevitt Rd SW,7,2026-09-01T00:44:08.000
2026-09-01T07:04:34.653Z,Stoney Trail,WB Stoney Tr: 52 St SE to Macleod Tr SE,5,2026-09-01T00:44:08.000
2026-09-01T07:04:34.653Z,Stoney Trail,WB Stoney Tr: Country Hills Blvd NW to 16 Ave NW,5,2026-09-01T00:44:08.000
2026-09-01T07:04:34.653Z,Stoney Trail,WB Stoney Tr: Deerfoot Tr NW to 16 Ave NW,12,2026-09-01T00:44:08.000
2026-09-01T07:04:34.653Z,Stoney Trail,WB Stoney Tr: Deerfoot Tr NW to Crowchild Tr NW,9,2026-09-01T00:44:08.000
2026-09-01T07:04:34.653Z,Trans Canada Highway,WB Trans Canada Hwy: Hwy 22 to Banff,50,2026-09-01T00:44:08.000
2026-09-01T07:04:34.653Z,Trans Canada Highway,WB Trans Canada Hwy: Hwy 22 to Kananaskis Village,42,2026-09-01T00:44:08.000
2026-09-01T12:35:29.435Z,16 Avenue,WB 16 Ave: Stoney Tr NE to Valley Ridge Bv NW via 16 Ave,30,2026-09-01T06:24:04.000
2026-09-01T12:35:29.435Z,16 Avenue,WB 16 Ave: Stoney Tr NE to Valley Ridge Bv Via Stoney Tr,26,2026-09-01T06:24:04.000
2026-09-01T12:35:29.435Z,Crowchild Trail,NB Crowchild Tr: 50 Ave SW to 24 Ave NW,7,2026-09-01T06:24:04.000
2026-09-01T12:35:29.435Z,Crowchild Trail,NB Crowchild Tr: 50 Ave SW to Memorial Dr NW,4,2026-09-01T06:24:04.000
2026-09-01T12:35:29.435Z,Crowchild Trail,NB Crowchild Tr: Glenmore Tr SW to 24 Ave NW,9,2026-09-01T06:24:04.000
2026-09-01T12:35:29.435Z,Crowchild Trail,SB Crowchild Tr: 12 Mile Coulee Rd NW to Glenmore Tr SW,15,2026-09-01T06:24:04.000
2026-09-01T12:35:29.435Z,Crowchild Trail,SB Crowchild Tr: 12 Mile Coulee Rd NW to Memorial Dr NW,11,2026-09-01T06:24:04.000
2026-09-01T12:35:29.435Z,Crowchild Trail,SB Crowchild Tr: 24 Ave NW to 17 Ave SW,5,2026-09-01T06:24:04.000
2026-09-01T12:35:29.435Z,Crowchild Trail,SB Crowchild Tr: 24 Ave NW to Glenmore Tr SW,8,2026-09-01T06:24:04.000
2026-09-01T12:35:29.435Z,Crowchild Trail,SB Crowchild Tr: 33 Ave SW to Deerfoot Tr SE,7,2026-09-01T06:24:04.000
2026-09-01T12:35:29.435Z,Crowchild Trail,SB Crowchild Tr: 33 Ave SW to Glenmore Tr SW,3,2026-09-01T06:24:04.000
2026-09-01T12:35:29.435Z,Deerfoot Trail,NB Deerfoot Tr: 17 Ave SE to Airport Tr NE,9,2026-09-01T06:24:04.000
2026-09-01T12:35:29.435Z,Deerfoot Trail,NB Deerfoot Tr: 17 Ave SE to Stoney Tr NE,12,2026-09-01T06:24:04.000
2026-09-01T12:35:29.435Z,Deerfoot Trail,NB Deerfoot Tr: 274 Ave S to City Centre via Deerfoot Tr,26,2026-09-01T06:24:04.000
2026-09-01T12:35:29.435Z,Deerfoot Trail,NB Deerfoot Tr: 32 Ave NE to Airport Tr NE,4,2026-09-01T06:24:04.000
2026-09-01T12:35:29.435Z,Deerfoot Trail,NB Deerfoot Tr: 32 Ave NE to Stoney Tr NE,7,2026-09-01T06:24:04.000
2026-09-01T12:35:29.435Z,Deerfoot Trail,NB Deerfoot Tr: 8 Ave NE to Airport Tr NE,7,2026-09-01T06:24:04.000
2026-09-01T12:35:29.435Z,Deerfoot Trail,NB Deerfoot Tr: 8 Ave NE to Stoney Tr NE,9,2026-09-01T06:24:04.000
2026-09-01T12:35:29.435Z,Deerfoot Trail,NB Deerfoot Tr: Anderson Rd SE to Airport Tr NE,15,2026-09-01T06:24:04.000
2026-09-01T12:35:29.435Z,Deerfoot Trail,NB Deerfoot Tr: Anderson Rd SE to Memorial Dr SE,9,2026-09-01T06:24:04.000
2026-09-01T12:35:29.435Z,Deerfoot Trail,NB Deerfoot Tr: Cranston Ave SE to Memorial Dr SE,16,2026-09-01T06:24:04.000
2026-09-01T12:35:29.435Z,Deerfoot Trail,NB Deerfoot Tr: Cranston Ave SE to Southland Dr SE,10,2026-09-01T06:24:04.000
2026-09-01T12:35:29.435Z,Deerfoot Trail,NB Deerfoot Tr: Glenmore Tr SE to Airport Tr NE,11,2026-09-01T06:24:04.000
2026-09-01T12:35:29.435Z,Deerfoot Trail,NB Deerfoot Tr: Glenmore Tr SE to Memorial Dr SE,5,2026-09-01T06:24:04.000
2026-09-01T12:35:29.435Z,Deerfoot Trail,NB Deerfoot Tr: Glenmore Tr SE to Stoney Tr NE,14,2026-09-01T06:24:04.000
2026-09-01T12:35:29.435Z,Deerfoot Trail,SB Deerfoot Tr: 17 Ave SE to Anderson Rd SE,8,2026-09-01T06:24:04.000
2026-09-01T12:35:29.435Z,Deerfoot Trail,SB Deerfoot Tr: 17 Ave SE to Stoney Tr SE,13,2026-09-01T06:24:04.000
2026-09-01T12:35:29.435Z,Deerfoot Trail,SB Deerfoot Tr: 64 Ave NE to Anderson Rd SE,13,2026-09-01T06:24:04.000
2026-09-01T12:35:29.435Z,Deerfoot Trail,SB Deerfoot Tr: 64 Ave NE to Memorial Dr SE,5,2026-09-01T06:24:04.000
2026-09-01T12:35:29.435Z,Deerfoot Trail,SB Deerfoot Tr: 8 Ave SE to Glenmore Tr SE,6,2026-09-01T06:24:04.000
2026-09-01T12:35:29.435Z,Deerfoot Trail,SB Deerfoot Tr: 8 Ave SE to Stoney Tr SE,14,2026-09-01T06:24:04.000
2026-09-01T12:35:29.435Z,Deerfoot Trail,SB Deerfoot Tr: Airport Tr NE to Anderson Rd SE,15,2026-09-01T06:24:04.000
2026-09-01T12:35:29.435Z,Deerfoot Trail,SB Deerfoot Tr: Airport Tr NE to Memorial Dr SE,7,2026-09-01T06:24:04.000
2026-09-01T12:35:29.435Z,Deerfoot Trail,SB Deerfoot Tr: Balzac  to Stoney Tr SE via Deerfoot Tr,24,2026-09-01T06:24:04.000
2026-09-01T12:35:29.435Z,Deerfoot Trail,SB Deerfoot Tr: Peigan Tr SE to Anderson Rd SE,7,2026-09-01T06:24:04.000
2026-09-01T12:35:29.435Z,Deerfoot Trail,SB Deerfoot Tr: Peigan Tr SE to Stoney Tr SE,12,2026-09-01T06:24:04.000
2026-09-01T12:35:29.435Z,Glenmore Trail,EB Glenmore Tr: Crowchild Tr SW to Deerfoot Tr SE,5,2026-09-01T06:24:04.000
2026-09-01T12:35:29.435Z,Glenmore Trail,WB Glenmore Tr: Odgen Rd SE to Bow Trail SW,11,2026-09-01T06:24:04.000
2026-09-01T12:35:29.435Z,Glenmore Trail,WB Glenmore Tr: Odgen Rd SE to Crowchild Tr SW,7,2026-09-01T06:24:04.000
2026-09-01T12:35:29.435Z,Macleod Trail,NB Macleod Tr: 274 Ave S to City Centre via Macleod Tr,26,2026-09-01T06:24:04.000
2026-09-01T12:35:29.435Z,Macleod Trail,NB Macleod Tr: Anderson Rd SE to 7 Av SE,13,2026-09-01T06:24:04.000
2026-09-01T12:35:29.435Z,Macleod Trail,NB Macleod Tr: Anderson Rd SE to Blackfoot Tr SW,23,2026-09-01T06:24:04.000
2026-09-01T12:35:29.435Z,Macleod Trail,NB Macleod Tr: Anderson Rd SE to Crowchild Tr SW,9,2026-09-01T06:24:04.000
2026-09-01T12:35:29.435Z,Macleod Trail,NB Macleod Tr: N of 25 Ave S to City Centre,3,2026-09-01T06:24:04.000
2026-09-01T12:35:29.435Z,Stoney Trail,EB Stoney Tr: Chaparral Blvd SE to 16 Ave NE,15,2026-09-01T06:24:04.000
2026-09-01T12:35:29.435Z,Stoney Trail,EB Stoney Tr: Chaparral Blvd SE to Glenmore Tr SE,9,2026-09-01T06:24:04.000
2026-09-01T12:35:29.435Z,Stoney Trail,EB Stoney Tr: Harvest Hills Blvd NW to 16 Ave NE,14,2026-09-01T06:24:04.000
2026-09-01T12:35:29.435Z,Stoney Trail,EB Stoney Tr: Harvest Hills Blvd NW to Glenmore Tr SE,20,2026-09-01T06:24:04.000
2026-09-01T12:35:29.435Z,Stoney Trail,EB Stoney W : Sarcee Tr NW to 16 Ave NE,18,2026-09-01T06:24:04.000
2026-09-01T12:35:29.435Z,Stoney Trail,EB Stoney W : Sarcee Tr NW to Deerfoot Tr N,8,2026-09-01T06:24:04.000
2026-09-01T12:35:29.435Z,Stoney Trail,NB Stoney Tr: 114 Ave SE to 16 Ave NE,8,2026-09-01T06:24:04.000
2026-09-01T12:35:29.435Z,Stoney Trail,NB Stoney Tr: 114 Ave SE to Deerfoot Tr NE,19,2026-09-01T06:24:04.000
2026-09-01T12:35:29.435Z,Stoney Trail,NB Stoney Tr: McKnight Blvd NE to Crowchild Tr NW,20,2026-09-01T06:24:04.000
2026-09-01T12:35:29.435Z,Stoney Trail,NB Stoney Tr: McKnight Blvd NE to Deerfoot Tr N,9,2026-09-01T06:24:04.000
2026-09-01T12:35:29.435Z,Stoney Trail,NB Stoney Tr: Peigan Tr SE to Deerfoot Tr NE,14,2026-09-01T06:24:04.000
2026-09-01T12:35:29.435Z,Stoney Trail,NB Stoney Tr: Peigan Tr SE to McKnight Blvd NE,6,2026-09-01T06:24:04.000
2026-09-01T12:35:29.435Z,Stoney Trail,SB Deerfoot Tr: Balzac  to Stoney Tr SE via Stoney Tr,28,2026-09-01T06:24:04.000
2026-09-01T12:35:29.435Z,Stoney Trail,SB Stoney Tr: Mcknight Blvd NE to Deerfoot Tr S,16,2026-09-01T06:24:04.000
2026-09-01T12:35:29.435Z,Stoney Trail,SB Stoney Tr: Mcknight Blvd NE to Glenmore Tr SE,8,2026-09-01T06:24:04.000
2026-09-01T12:35:29.435Z,Stoney Trail,SB Stoney Tr: Peigan Tr SE to 52 St SE,9,2026-09-01T06:24:04.000
2026-09-01T12:35:29.435Z,Stoney Trail,SB Stoney Tr: Peigan Tr SE to Macleod Tr SE,14,2026-09-01T06:24:04.000
2026-09-01T12:35:29.435Z,Stoney Trail,WB Stoney Tr: 52 St SE to James Mckevitt Rd SW,7,2026-09-01T06:24:04.000
2026-09-01T12:35:29.435Z,Stoney Trail,WB Stoney Tr: 52 St SE to Macleod Tr SE,5,2026-09-01T06:24:04.000
2026-09-01T12:35:29.435Z,Stoney Trail,WB Stoney Tr: Country Hills Blvd NW to 16 Ave NW,6,2026-09-01T06:24:04.000
2026-09-01T12:35:29.435Z,Stoney Trail,WB Stoney Tr: Deerfoot Tr NW to 16 Ave NW,13,2026-09-01T06:24:04.000
2026-09-01T12:35:29.435Z,Stoney Trail,WB Stoney Tr: Deerfoot Tr NW to Crowchild Tr NW,9,2026-09-01T06:24:04.000
2026-09-01T12:35:29.435Z,Trans Canada Highway,WB Trans Canada Hwy: Hwy 22 to Banff,50,2026-09-01T06:24:04.000
2026-09-01T12:35:29.435Z,Trans Canada Highway,WB Trans Canada Hwy: Hwy 22 to Kananaskis Village,41,2026-09-01T06:24:04.000
2026-09-01T16:52:55.636Z,16 Avenue,WB 16 Ave: Stoney Tr NE to Valley Ridge Bv NW via 16 Ave,33,2026-09-01T10:44:04.000
2026-09-01T16:52:55.636Z,16 Avenue,WB 16 Ave: Stoney Tr NE to Valley Ridge Bv Via Stoney Tr,27,2026-09-01T10:44:04.000
2026-09-01T16:52:55.636Z,Crowchild Trail,NB Crowchild Tr: 50 Ave SW to 24 Ave NW,8,2026-09-01T10:44:04.000
2026-09-01T16:52:55.636Z,Crowchild Trail,NB Crowchild Tr: 50 Ave SW to Memorial Dr NW,4,2026-09-01T10:44:04.000
2026-09-01T16:52:55.636Z,Crowchild Trail,NB Crowchild Tr: Glenmore Tr SW to 24 Ave NW,9,2026-09-01T10:44:04.000
2026-09-01T16:52:55.636Z,Crowchild Trail,SB Crowchild Tr: 12 Mile Coulee Rd NW to Glenmore Tr SW,17,2026-09-01T10:44:04.000
2026-09-01T16:52:55.636Z,Crowchild Trail,SB Crowchild Tr: 12 Mile Coulee Rd NW to Memorial Dr NW,13,2026-09-01T10:44:04.000
2026-09-01T16:52:55.636Z,Crowchild Trail,SB Crowchild Tr: 24 Ave NW to 17 Ave SW,5,2026-09-01T10:44:04.000
2026-09-01T16:52:55.636Z,Crowchild Trail,SB Crowchild Tr: 24 Ave NW to Glenmore Tr SW,9,2026-09-01T10:44:04.000
2026-09-01T16:52:55.636Z,Crowchild Trail,SB Crowchild Tr: 33 Ave SW to Deerfoot Tr SE,8,2026-09-01T10:44:04.000
2026-09-01T16:52:55.636Z,Crowchild Trail,SB Crowchild Tr: 33 Ave SW to Glenmore Tr SW,4,2026-09-01T10:44:04.000
2026-09-01T16:52:55.636Z,Deerfoot Trail,NB Deerfoot Tr: 17 Ave SE to Airport Tr NE,9,2026-09-01T10:44:04.000
2026-09-01T16:52:55.636Z,Deerfoot Trail,NB Deerfoot Tr: 17 Ave SE to Stoney Tr NE,11,2026-09-01T10:44:04.000
2026-09-01T16:52:55.636Z,Deerfoot Trail,NB Deerfoot Tr: 274 Ave S to City Centre via Deerfoot Tr,29,2026-09-01T10:44:04.000
2026-09-01T16:52:55.636Z,Deerfoot Trail,NB Deerfoot Tr: 32 Ave NE to Airport Tr NE,4,2026-09-01T10:44:04.000
2026-09-01T16:52:55.636Z,Deerfoot Trail,NB Deerfoot Tr: 32 Ave NE to Stoney Tr NE,7,2026-09-01T10:44:04.000
2026-09-01T16:52:55.636Z,Deerfoot Trail,NB Deerfoot Tr: 8 Ave NE to Airport Tr NE,6,2026-09-01T10:44:04.000
2026-09-01T16:52:55.636Z,Deerfoot Trail,NB Deerfoot Tr: 8 Ave NE to Stoney Tr NE,9,2026-09-01T10:44:04.000
2026-09-01T16:52:55.636Z,Deerfoot Trail,NB Deerfoot Tr: Anderson Rd SE to Airport Tr NE,16,2026-09-01T10:44:04.000
2026-09-01T16:52:55.636Z,Deerfoot Trail,NB Deerfoot Tr: Anderson Rd SE to Memorial Dr SE,10,2026-09-01T10:44:04.000
2026-09-01T16:52:55.636Z,Deerfoot Trail,NB Deerfoot Tr: Cranston Ave SE to Memorial Dr SE,18,2026-09-01T10:44:04.000
2026-09-01T16:52:55.636Z,Deerfoot Trail,NB Deerfoot Tr: Cranston Ave SE to Southland Dr SE,11,2026-09-01T10:44:04.000
2026-09-01T16:52:55.636Z,Deerfoot Trail,NB Deerfoot Tr: Glenmore Tr SE to Airport Tr NE,11,2026-09-01T10:44:04.000
2026-09-01T16:52:55.636Z,Deerfoot Trail,NB Deerfoot Tr: Glenmore Tr SE to Memorial Dr SE,5,2026-09-01T10:44:04.000
2026-09-01T16:52:55.636Z,Deerfoot Trail,NB Deerfoot Tr: Glenmore Tr SE to Stoney Tr NE,14,2026-09-01T10:44:04.000
2026-09-01T16:52:55.636Z,Deerfoot Trail,SB Deerfoot Tr: 17 Ave SE to Anderson Rd SE,9,2026-09-01T10:44:04.000
2026-09-01T16:52:55.636Z,Deerfoot Trail,SB Deerfoot Tr: 17 Ave SE to Stoney Tr SE,14,2026-09-01T10:44:04.000
2026-09-01T16:52:55.636Z,Deerfoot Trail,SB Deerfoot Tr: 64 Ave NE to Anderson Rd SE,14,2026-09-01T10:44:04.000
2026-09-01T16:52:55.636Z,Deerfoot Trail,SB Deerfoot Tr: 64 Ave NE to Memorial Dr SE,5,2026-09-01T10:44:04.000
2026-09-01T16:52:55.636Z,Deerfoot Trail,SB Deerfoot Tr: 8 Ave SE to Glenmore Tr SE,7,2026-09-01T10:44:04.000
2026-09-01T16:52:55.636Z,Deerfoot Trail,SB Deerfoot Tr: 8 Ave SE to Stoney Tr SE,15,2026-09-01T10:44:04.000
2026-09-01T16:52:55.636Z,Deerfoot Trail,SB Deerfoot Tr: Airport Tr NE to Anderson Rd SE,16,2026-09-01T10:44:04.000
2026-09-01T16:52:55.636Z,Deerfoot Trail,SB Deerfoot Tr: Airport Tr NE to Memorial Dr SE,7,2026-09-01T10:44:04.000
2026-09-01T16:52:55.636Z,Deerfoot Trail,SB Deerfoot Tr: Balzac  to Stoney Tr SE via Deerfoot Tr,25,2026-09-01T10:44:04.000
2026-09-01T16:52:55.636Z,Deerfoot Trail,SB Deerfoot Tr: Peigan Tr SE to Anderson Rd SE,7,2026-09-01T10:44:04.000
2026-09-01T16:52:55.636Z,Deerfoot Trail,SB Deerfoot Tr: Peigan Tr SE to Stoney Tr SE,12,2026-09-01T10:44:04.000
2026-09-01T16:52:55.636Z,Glenmore Trail,EB Glenmore Tr: Crowchild Tr SW to Deerfoot Tr SE,6,2026-09-01T10:44:04.000
2026-09-01T16:52:55.636Z,Glenmore Trail,WB Glenmore Tr: Odgen Rd SE to Bow Trail SW,11,2026-09-01T10:44:04.000
2026-09-01T16:52:55.636Z,Glenmore Trail,WB Glenmore Tr: Odgen Rd SE to Crowchild Tr SW,8,2026-09-01T10:44:04.000
2026-09-01T16:52:55.636Z,Macleod Trail,NB Macleod Tr: 274 Ave S to City Centre via Macleod Tr,31,2026-09-01T10:44:04.000
2026-09-01T16:52:55.636Z,Macleod Trail,NB Macleod Tr: Anderson Rd SE to 7 Av SE,15,2026-09-01T10:44:04.000
2026-09-01T16:52:55.636Z,Macleod Trail,NB Macleod Tr: Anderson Rd SE to Blackfoot Tr SW,25,2026-09-01T10:44:04.000
2026-09-01T16:52:55.636Z,Macleod Trail,NB Macleod Tr: Anderson Rd SE to Crowchild Tr SW,10,2026-09-01T10:44:04.000
2026-09-01T16:52:55.636Z,Macleod Trail,NB Macleod Tr: N of 25 Ave S to City Centre,3,2026-09-01T10:44:04.000
2026-09-01T16:52:55.636Z,Stoney Trail,EB Stoney Tr: Chaparral Blvd SE to 16 Ave NE,15,2026-09-01T10:44:04.000
2026-09-01T16:52:55.636Z,Stoney Trail,EB Stoney Tr: Chaparral Blvd SE to Glenmore Tr SE,9,2026-09-01T10:44:04.000
2026-09-01T16:52:55.636Z,Stoney Trail,EB Stoney Tr: Harvest Hills Blvd NW to 16 Ave NE,13,2026-09-01T10:44:04.000
2026-09-01T16:52:55.636Z,Stoney Trail,EB Stoney Tr: Harvest Hills Blvd NW to Glenmore Tr SE,19,2026-09-01T10:44:04.000
2026-09-01T16:52:55.636Z,Stoney Trail,EB Stoney W : Sarcee Tr NW to 16 Ave NE,18,2026-09-01T10:44:04.000
2026-09-01T16:52:55.636Z,Stoney Trail,EB Stoney W : Sarcee Tr NW to Deerfoot Tr N,8,2026-09-01T10:44:04.000
2026-09-01T16:52:55.636Z,Stoney Trail,NB Stoney Tr: 114 Ave SE to 16 Ave NE,8,2026-09-01T10:44:04.000
2026-09-01T16:52:55.636Z,Stoney Trail,NB Stoney Tr: 114 Ave SE to Deerfoot Tr NE,19,2026-09-01T10:44:04.000
2026-09-01T16:52:55.636Z,Stoney Trail,NB Stoney Tr: McKnight Blvd NE to Crowchild Tr NW,20,2026-09-01T10:44:04.000
2026-09-01T16:52:55.636Z,Stoney Trail,NB Stoney Tr: McKnight Blvd NE to Deerfoot Tr N,9,2026-09-01T10:44:04.000
2026-09-01T16:52:55.636Z,Stoney Trail,NB Stoney Tr: Peigan Tr SE to Deerfoot Tr NE,15,2026-09-01T10:44:04.000
2026-09-01T16:52:55.636Z,Stoney Trail,NB Stoney Tr: Peigan Tr SE to McKnight Blvd NE,6,2026-09-01T10:44:04.000
2026-09-01T16:52:55.636Z,Stoney Trail,SB Deerfoot Tr: Balzac  to Stoney Tr SE via Stoney Tr,26,2026-09-01T10:44:04.000
2026-09-01T16:52:55.636Z,Stoney Trail,SB Stoney Tr: Mcknight Blvd NE to Deerfoot Tr S,14,2026-09-01T10:44:04.000
2026-09-01T16:52:55.636Z,Stoney Trail,SB Stoney Tr: Mcknight Blvd NE to Glenmore Tr SE,8,2026-09-01T10:44:04.000
2026-09-01T16:52:55.636Z,Stoney Trail,SB Stoney Tr: Peigan Tr SE to 52 St SE,8,2026-09-01T10:44:04.000
2026-09-01T16:52:55.636Z,Stoney Trail,SB Stoney Tr: Peigan Tr SE to Macleod Tr SE,13,2026-09-01T10:44:04.000
2026-09-01T16:52:55.636Z,Stoney Trail,WB Stoney Tr: 52 St SE to James Mckevitt Rd SW,7,2026-09-01T10:44:04.000
2026-09-01T16:52:55.636Z,Stoney Trail,WB Stoney Tr: 52 St SE to Macleod Tr SE,5,2026-09-01T10:44:04.000
2026-09-01T16:52:55.636Z,Stoney Trail,WB Stoney Tr: Country Hills Blvd NW to 16 Ave NW,5,2026-09-01T10:44:04.000
2026-09-01T16:52:55.636Z,Stoney Trail,WB Stoney Tr: Deerfoot Tr NW to 16 Ave NW,13,2026-09-01T10:44:04.000
2026-09-01T16:52:55.636Z,Stoney Trail,WB Stoney Tr: Deerfoot Tr NW to Crowchild Tr NW,9,2026-09-01T10:44:04.000
2026-09-01T16:52:55.636Z,Trans Canada Highway,WB Trans Canada Hwy: Hwy 22 to Banff,59,2026-09-01T10:44:04.000
2026-09-01T16:52:55.636Z,Trans Canada Highway,WB Trans Canada Hwy: Hwy 22 to Kananaskis Village,44,2026-09-01T10:44:04.000
2026-09-01T19:42:53.844Z,16 Avenue,WB 16 Ave: Stoney Tr NE to Valley Ridge Bv NW via 16 Ave,34,2026-09-01T13:24:04.000
2026-09-01T19:42:53.844Z,16 Avenue,WB 16 Ave: Stoney Tr NE to Valley Ridge Bv Via Stoney Tr,27,2026-09-01T13:24:04.000
2026-09-01T19:42:53.844Z,Crowchild Trail,NB Crowchild Tr: 50 Ave SW to 24 Ave NW,8,2026-09-01T13:24:04.000
2026-09-01T19:42:53.844Z,Crowchild Trail,NB Crowchild Tr: 50 Ave SW to Memorial Dr NW,4,2026-09-01T13:24:04.000
2026-09-01T19:42:53.844Z,Crowchild Trail,NB Crowchild Tr: Glenmore Tr SW to 24 Ave NW,10,2026-09-01T13:24:04.000
2026-09-01T19:42:53.844Z,Crowchild Trail,SB Crowchild Tr: 12 Mile Coulee Rd NW to Glenmore Tr SW,17,2026-09-01T13:24:04.000
2026-09-01T19:42:53.844Z,Crowchild Trail,SB Crowchild Tr: 12 Mile Coulee Rd NW to Memorial Dr NW,12,2026-09-01T13:24:04.000
2026-09-01T19:42:53.844Z,Crowchild Trail,SB Crowchild Tr: 24 Ave NW to 17 Ave SW,6,2026-09-01T13:24:04.000
2026-09-01T19:42:53.844Z,Crowchild Trail,SB Crowchild Tr: 24 Ave NW to Glenmore Tr SW,10,2026-09-01T13:24:04.000
2026-09-01T19:42:53.844Z,Crowchild Trail,SB Crowchild Tr: 33 Ave SW to Deerfoot Tr SE,8,2026-09-01T13:24:04.000
2026-09-01T19:42:53.844Z,Crowchild Trail,SB Crowchild Tr: 33 Ave SW to Glenmore Tr SW,3,2026-09-01T13:24:04.000
2026-09-01T19:42:53.844Z,Deerfoot Trail,NB Deerfoot Tr: 17 Ave SE to Airport Tr NE,8,2026-09-01T13:24:04.000
2026-09-01T19:42:53.844Z,Deerfoot Trail,NB Deerfoot Tr: 17 Ave SE to Stoney Tr NE,11,2026-09-01T13:24:04.000
2026-09-01T19:42:53.844Z,Deerfoot Trail,NB Deerfoot Tr: 274 Ave S to City Centre via Deerfoot Tr,30,2026-09-01T13:24:04.000
2026-09-01T19:42:53.844Z,Deerfoot Trail,NB Deerfoot Tr: 32 Ave NE to Airport Tr NE,4,2026-09-01T13:24:04.000
2026-09-01T19:42:53.844Z,Deerfoot Trail,NB Deerfoot Tr: 32 Ave NE to Stoney Tr NE,7,2026-09-01T13:24:04.000
2026-09-01T19:42:53.844Z,Deerfoot Trail,NB Deerfoot Tr: 8 Ave NE to Airport Tr NE,6,2026-09-01T13:24:04.000
2026-09-01T19:42:53.844Z,Deerfoot Trail,NB Deerfoot Tr: 8 Ave NE to Stoney Tr NE,9,2026-09-01T13:24:04.000
2026-09-01T19:42:53.844Z,Deerfoot Trail,NB Deerfoot Tr: Anderson Rd SE to Airport Tr NE,17,2026-09-01T13:24:04.000
2026-09-01T19:42:53.844Z,Deerfoot Trail,NB Deerfoot Tr: Anderson Rd SE to Memorial Dr SE,11,2026-09-01T13:24:04.000
2026-09-01T19:42:53.844Z,Deerfoot Trail,NB Deerfoot Tr: Cranston Ave SE to Memorial Dr SE,19,2026-09-01T13:24:04.000
2026-09-01T19:42:53.844Z,Deerfoot Trail,NB Deerfoot Tr: Cranston Ave SE to Southland Dr SE,10,2026-09-01T13:24:04.000
2026-09-01T19:42:53.844Z,Deerfoot Trail,NB Deerfoot Tr: Glenmore Tr SE to Airport Tr NE,12,2026-09-01T13:24:04.000
2026-09-01T19:42:53.844Z,Deerfoot Trail,NB Deerfoot Tr: Glenmore Tr SE to Memorial Dr SE,6,2026-09-01T13:24:04.000
2026-09-01T19:42:53.844Z,Deerfoot Trail,NB Deerfoot Tr: Glenmore Tr SE to Stoney Tr NE,14,2026-09-01T13:24:04.000
2026-09-01T19:42:53.844Z,Deerfoot Trail,SB Deerfoot Tr: 17 Ave SE to Anderson Rd SE,9,2026-09-01T13:24:04.000
2026-09-01T19:42:53.844Z,Deerfoot Trail,SB Deerfoot Tr: 17 Ave SE to Stoney Tr SE,13,2026-09-01T13:24:04.000
2026-09-01T19:42:53.844Z,Deerfoot Trail,SB Deerfoot Tr: 64 Ave NE to Anderson Rd SE,14,2026-09-01T13:24:04.000
2026-09-01T19:42:53.844Z,Deerfoot Trail,SB Deerfoot Tr: 64 Ave NE to Memorial Dr SE,5,2026-09-01T13:24:04.000
2026-09-01T19:42:53.844Z,Deerfoot Trail,SB Deerfoot Tr: 8 Ave SE to Glenmore Tr SE,6,2026-09-01T13:24:04.000
2026-09-01T19:42:53.844Z,Deerfoot Trail,SB Deerfoot Tr: 8 Ave SE to Stoney Tr SE,15,2026-09-01T13:24:04.000
2026-09-01T19:42:53.844Z,Deerfoot Trail,SB Deerfoot Tr: Airport Tr NE to Anderson Rd SE,16,2026-09-01T13:24:04.000
2026-09-01T19:42:53.844Z,Deerfoot Trail,SB Deerfoot Tr: Airport Tr NE to Memorial Dr SE,7,2026-09-01T13:24:04.000
2026-09-01T19:42:53.844Z,Deerfoot Trail,SB Deerfoot Tr: Balzac  to Stoney Tr SE via Deerfoot Tr,25,2026-09-01T13:24:04.000
2026-09-01T19:42:53.844Z,Deerfoot Trail,SB Deerfoot Tr: Peigan Tr SE to Anderson Rd SE,7,2026-09-01T13:24:04.000
2026-09-01T19:42:53.844Z,Deerfoot Trail,SB Deerfoot Tr: Peigan Tr SE to Stoney Tr SE,12,2026-09-01T13:24:04.000
2026-09-01T19:42:53.844Z,Glenmore Trail,EB Glenmore Tr: Crowchild Tr SW to Deerfoot Tr SE,6,2026-09-01T13:24:04.000
2026-09-01T19:42:53.844Z,Glenmore Trail,WB Glenmore Tr: Odgen Rd SE to Bow Trail SW,11,2026-09-01T13:24:04.000
2026-09-01T19:42:53.844Z,Glenmore Trail,WB Glenmore Tr: Odgen Rd SE to Crowchild Tr SW,7,2026-09-01T13:24:04.000
2026-09-01T19:42:53.844Z,Macleod Trail,NB Macleod Tr: 274 Ave S to City Centre via Macleod Tr,32,2026-09-01T13:24:04.000
2026-09-01T19:42:53.844Z,Macleod Trail,NB Macleod Tr: Anderson Rd SE to 7 Av SE,17,2026-09-01T13:24:04.000
2026-09-01T19:42:53.844Z,Macleod Trail,NB Macleod Tr: Anderson Rd SE to Blackfoot Tr SW,27,2026-09-01T13:24:04.000
2026-09-01T19:42:53.844Z,Macleod Trail,NB Macleod Tr: Anderson Rd SE to Crowchild Tr SW,12,2026-09-01T13:24:04.000
2026-09-01T19:42:53.844Z,Macleod Trail,NB Macleod Tr: N of 25 Ave S to City Centre,3,2026-09-01T13:24:04.000
2026-09-01T19:42:53.844Z,Stoney Trail,EB Stoney Tr: Chaparral Blvd SE to 16 Ave NE,15,2026-09-01T13:24:04.000
2026-09-01T19:42:53.844Z,Stoney Trail,EB Stoney Tr: Chaparral Blvd SE to Glenmore Tr SE,10,2026-09-01T13:24:04.000
2026-09-01T19:42:53.844Z,Stoney Trail,EB Stoney Tr: Harvest Hills Blvd NW to 16 Ave NE,14,2026-09-01T13:24:04.000
2026-09-01T19:42:53.844Z,Stoney Trail,EB Stoney Tr: Harvest Hills Blvd NW to Glenmore Tr SE,20,2026-09-01T13:24:04.000
2026-09-01T19:42:53.844Z,Stoney Trail,EB Stoney W : Sarcee Tr NW to 16 Ave NE,18,2026-09-01T13:24:04.000
2026-09-01T19:42:53.844Z,Stoney Trail,EB Stoney W : Sarcee Tr NW to Deerfoot Tr N,7,2026-09-01T13:24:04.000
2026-09-01T19:42:53.844Z,Stoney Trail,NB Stoney Tr: 114 Ave SE to 16 Ave NE,8,2026-09-01T13:24:04.000
2026-09-01T19:42:53.844Z,Stoney Trail,NB Stoney Tr: 114 Ave SE to Deerfoot Tr NE,18,2026-09-01T13:24:04.000
2026-09-01T19:42:53.844Z,Stoney Trail,NB Stoney Tr: McKnight Blvd NE to Crowchild Tr NW,20,2026-09-01T13:24:04.000
2026-09-01T19:42:53.844Z,Stoney Trail,NB Stoney Tr: McKnight Blvd NE to Deerfoot Tr N,9,2026-09-01T13:24:04.000
2026-09-01T19:42:53.844Z,Stoney Trail,NB Stoney Tr: Peigan Tr SE to Deerfoot Tr NE,14,2026-09-01T13:24:04.000
2026-09-01T19:42:53.844Z,Stoney Trail,NB Stoney Tr: Peigan Tr SE to McKnight Blvd NE,6,2026-09-01T13:24:04.000
2026-09-01T19:42:53.844Z,Stoney Trail,SB Deerfoot Tr: Balzac  to Stoney Tr SE via Stoney Tr,27,2026-09-01T13:24:04.000
2026-09-01T19:42:53.844Z,Stoney Trail,SB Stoney Tr: Mcknight Blvd NE to Deerfoot Tr S,15,2026-09-01T13:24:04.000
2026-09-01T19:42:53.844Z,Stoney Trail,SB Stoney Tr: Mcknight Blvd NE to Glenmore Tr SE,8,2026-09-01T13:24:04.000
2026-09-01T19:42:53.844Z,Stoney Trail,SB Stoney Tr: Peigan Tr SE to 52 St SE,9,2026-09-01T13:24:04.000
2026-09-01T19:42:53.844Z,Stoney Trail,SB Stoney Tr: Peigan Tr SE to Macleod Tr SE,13,2026-09-01T13:24:04.000
2026-09-01T19:42:53.844Z,Stoney Trail,WB Stoney Tr: 52 St SE to James Mckevitt Rd SW,7,2026-09-01T13:24:04.000
2026-09-01T19:42:53.844Z,Stoney Trail,WB Stoney Tr: 52 St SE to Macleod Tr SE,5,2026-09-01T13:24:04.000
2026-09-01T19:42:53.844Z,Stoney Trail,WB Stoney Tr: Country Hills Blvd NW to 16 Ave NW,5,2026-09-01T13:24:04.000
2026-09-01T19:42:53.844Z,Stoney Trail,WB Stoney Tr: Deerfoot Tr NW to 16 Ave NW,13,2026-09-01T13:24:04.000
2026-09-01T19:42:53.844Z,Stoney Trail,WB Stoney Tr: Deerfoot Tr NW to Crowchild Tr NW,9,2026-09-01T13:24:04.000
2026-09-01T19:42:53.844Z,Trans Canada Highway,WB Trans Canada Hwy: Hwy 22 to Banff,59,2026-09-01T13:24:04.000
2026-09-01T19:42:53.844Z,Trans Canada Highway,WB Trans Canada Hwy: Hwy 22 to Kananaskis Village,44,2026-09-01T13:24:04.000
2026-09-01T22:17:07.780Z,16 Avenue,WB 16 Ave: Stoney Tr NE to Valley Ridge Bv NW via 16 Ave,36,2026-09-01T16:04:04.000
2026-09-01T22:17:07.780Z,16 Avenue,WB 16 Ave: Stoney Tr NE to Valley Ridge Bv Via Stoney Tr,27,2026-09-01T16:04:04.000
2026-09-01T22:17:07.780Z,Crowchild Trail,NB Crowchild Tr: 50 Ave SW to 24 Ave NW,12,2026-09-01T16:04:04.000
2026-09-01T22:17:07.780Z,Crowchild Trail,NB Crowchild Tr: 50 Ave SW to Memorial Dr NW,5,2026-09-01T16:04:04.000
2026-09-01T22:17:07.780Z,Crowchild Trail,NB Crowchild Tr: Glenmore Tr SW to 24 Ave NW,14,2026-09-01T16:04:04.000
2026-09-01T22:17:07.780Z,Crowchild Trail,SB Crowchild Tr: 12 Mile Coulee Rd NW to Glenmore Tr SW,21,2026-09-01T16:04:04.000
2026-09-01T22:17:07.780Z,Crowchild Trail,SB Crowchild Tr: 12 Mile Coulee Rd NW to Memorial Dr NW,14,2026-09-01T16:04:04.000
2026-09-01T22:17:07.780Z,Crowchild Trail,SB Crowchild Tr: 24 Ave NW to 17 Ave SW,7,2026-09-01T16:04:04.000
2026-09-01T22:17:07.780Z,Crowchild Trail,SB Crowchild Tr: 24 Ave NW to Glenmore Tr SW,13,2026-09-01T16:04:04.000
2026-09-01T22:17:07.780Z,Crowchild Trail,SB Crowchild Tr: 33 Ave SW to Deerfoot Tr SE,12,2026-09-01T16:04:04.000
2026-09-01T22:17:07.780Z,Crowchild Trail,SB Crowchild Tr: 33 Ave SW to Glenmore Tr SW,6,2026-09-01T16:04:04.000
2026-09-01T22:17:07.780Z,Deerfoot Trail,NB Deerfoot Tr: 17 Ave SE to Airport Tr NE,10,2026-09-01T16:04:04.000
2026-09-01T22:17:07.780Z,Deerfoot Trail,NB Deerfoot Tr: 17 Ave SE to Stoney Tr NE,14,2026-09-01T16:04:04.000
2026-09-01T22:17:07.780Z,Deerfoot Trail,NB Deerfoot Tr: 274 Ave S to City Centre via Deerfoot Tr,36,2026-09-01T16:04:04.000
2026-09-01T22:17:07.780Z,Deerfoot Trail,NB Deerfoot Tr: 32 Ave NE to Airport Tr NE,6,2026-09-01T16:04:04.000
2026-09-01T22:17:07.780Z,Deerfoot Trail,NB Deerfoot Tr: 32 Ave NE to Stoney Tr NE,9,2026-09-01T16:04:04.000
2026-09-01T22:17:07.780Z,Deerfoot Trail,NB Deerfoot Tr: 8 Ave NE to Airport Tr NE,8,2026-09-01T16:04:04.000
2026-09-01T22:17:07.780Z,Deerfoot Trail,NB Deerfoot Tr: 8 Ave NE to Stoney Tr NE,11,2026-09-01T16:04:04.000
2026-09-01T22:17:07.780Z,Deerfoot Trail,NB Deerfoot Tr: Anderson Rd SE to Airport Tr NE,24,2026-09-01T16:04:04.000
2026-09-01T22:17:07.780Z,Deerfoot Trail,NB Deerfoot Tr: Anderson Rd SE to Memorial Dr SE,17,2026-09-01T16:04:04.000
2026-09-01T22:17:07.780Z,Deerfoot Trail,NB Deerfoot Tr: Cranston Ave SE to Memorial Dr SE,25,2026-09-01T16:04:04.000
2026-09-01T22:17:07.780Z,Deerfoot Trail,NB Deerfoot Tr: Cranston Ave SE to Southland Dr SE,11,2026-09-01T16:04:04.000
2026-09-01T22:17:07.780Z,Deerfoot Trail,NB Deerfoot Tr: Glenmore Tr SE to Airport Tr NE,15,2026-09-01T16:04:04.000
2026-09-01T22:17:07.780Z,Deerfoot Trail,NB Deerfoot Tr: Glenmore Tr SE to Memorial Dr SE,7,2026-09-01T16:04:04.000
2026-09-01T22:17:07.780Z,Deerfoot Trail,NB Deerfoot Tr: Glenmore Tr SE to Stoney Tr NE,18,2026-09-01T16:04:04.000
2026-09-01T22:17:07.780Z,Deerfoot Trail,SB Deerfoot Tr: 17 Ave SE to Anderson Rd SE,17,2026-09-01T16:04:04.000
2026-09-01T22:17:07.780Z,Deerfoot Trail,SB Deerfoot Tr: 17 Ave SE to Stoney Tr SE,22,2026-09-01T16:04:04.000
2026-09-01T22:17:07.780Z,Deerfoot Trail,SB Deerfoot Tr: 64 Ave NE to Anderson Rd SE,23,2026-09-01T16:04:04.000
2026-09-01T22:17:07.780Z,Deerfoot Trail,SB Deerfoot Tr: 64 Ave NE to Memorial Dr SE,5,2026-09-01T16:04:04.000
2026-09-01T22:17:07.780Z,Deerfoot Trail,SB Deerfoot Tr: 8 Ave SE to Glenmore Tr SE,7,2026-09-01T16:04:04.000
2026-09-01T22:17:07.780Z,Deerfoot Trail,SB Deerfoot Tr: 8 Ave SE to Stoney Tr SE,24,2026-09-01T16:04:04.000
2026-09-01T22:17:07.780Z,Deerfoot Trail,SB Deerfoot Tr: Airport Tr NE to Anderson Rd SE,25,2026-09-01T16:04:04.000
2026-09-01T22:17:07.780Z,Deerfoot Trail,SB Deerfoot Tr: Airport Tr NE to Memorial Dr SE,7,2026-09-01T16:04:04.000
2026-09-01T22:17:07.780Z,Deerfoot Trail,SB Deerfoot Tr: Balzac  to Stoney Tr SE via Deerfoot Tr,34,2026-09-01T16:04:04.000
2026-09-01T22:17:07.780Z,Deerfoot Trail,SB Deerfoot Tr: Peigan Tr SE to Anderson Rd SE,16,2026-09-01T16:04:04.000
2026-09-01T22:17:07.780Z,Deerfoot Trail,SB Deerfoot Tr: Peigan Tr SE to Stoney Tr SE,21,2026-09-01T16:04:04.000
2026-09-01T22:17:07.780Z,Glenmore Trail,EB Glenmore Tr: Crowchild Tr SW to Deerfoot Tr SE,7,2026-09-01T16:04:04.000
2026-09-01T22:17:07.780Z,Glenmore Trail,WB Glenmore Tr: Odgen Rd SE to Bow Trail SW,15,2026-09-01T16:04:04.000
2026-09-01T22:17:07.780Z,Glenmore Trail,WB Glenmore Tr: Odgen Rd SE to Crowchild Tr SW,11,2026-09-01T16:04:04.000
2026-09-01T22:17:07.780Z,Macleod Trail,NB Macleod Tr: 274 Ave S to City Centre via Macleod Tr,33,2026-09-01T16:04:04.000
2026-09-01T22:17:07.780Z,Macleod Trail,NB Macleod Tr: Anderson Rd SE to 7 Av SE,18,2026-09-01T16:04:04.000
2026-09-01T22:17:07.780Z,Macleod Trail,NB Macleod Tr: Anderson Rd SE to Blackfoot Tr SW,30,2026-09-01T16:04:04.000
2026-09-01T22:17:07.780Z,Macleod Trail,NB Macleod Tr: Anderson Rd SE to Crowchild Tr SW,14,2026-09-01T16:04:04.000
2026-09-01T22:17:07.780Z,Macleod Trail,NB Macleod Tr: N of 25 Ave S to City Centre,3,2026-09-01T16:04:04.000
2026-09-01T22:17:07.780Z,Stoney Trail,EB Stoney Tr: Chaparral Blvd SE to 16 Ave NE,15,2026-09-01T16:04:04.000
2026-09-01T22:17:07.780Z,Stoney Trail,EB Stoney Tr: Chaparral Blvd SE to Glenmore Tr SE,10,2026-09-01T16:04:04.000
2026-09-01T22:17:07.780Z,Stoney Trail,EB Stoney Tr: Harvest Hills Blvd NW to 16 Ave NE,14,2026-09-01T16:04:04.000
2026-09-01T22:17:07.780Z,Stoney Trail,EB Stoney Tr: Harvest Hills Blvd NW to Glenmore Tr SE,20,2026-09-01T16:04:04.000
2026-09-01T22:17:07.780Z,Stoney Trail,EB Stoney W : Sarcee Tr NW to 16 Ave NE,19,2026-09-01T16:04:04.000
2026-09-01T22:17:07.780Z,Stoney Trail,EB Stoney W : Sarcee Tr NW to Deerfoot Tr N,7,2026-09-01T16:04:04.000
2026-09-01T22:17:07.780Z,Stoney Trail,NB Stoney Tr: 114 Ave SE to 16 Ave NE,8,2026-09-01T16:04:04.000
2026-09-01T22:17:07.780Z,Stoney Trail,NB Stoney Tr: 114 Ave SE to Deerfoot Tr NE,18,2026-09-01T16:04:04.000
2026-09-01T22:17:07.780Z,Stoney Trail,NB Stoney Tr: McKnight Blvd NE to Crowchild Tr NW,20,2026-09-01T16:04:04.000
2026-09-01T22:17:07.780Z,Stoney Trail,NB Stoney Tr: McKnight Blvd NE to Deerfoot Tr N,9,2026-09-01T16:04:04.000
2026-09-01T22:17:07.780Z,Stoney Trail,NB Stoney Tr: Peigan Tr SE to Deerfoot Tr NE,14,2026-09-01T16:04:04.000
2026-09-01T22:17:07.780Z,Stoney Trail,NB Stoney Tr: Peigan Tr SE to McKnight Blvd NE,6,2026-09-01T16:04:04.000
2026-09-01T22:17:07.780Z,Stoney Trail,SB Deerfoot Tr: Balzac  to Stoney Tr SE via Stoney Tr,28,2026-09-01T16:04:04.000
2026-09-01T22:17:07.780Z,Stoney Trail,SB Stoney Tr: Mcknight Blvd NE to Deerfoot Tr S,15,2026-09-01T16:04:04.000
2026-09-01T22:17:07.780Z,Stoney Trail,SB Stoney Tr: Mcknight Blvd NE to Glenmore Tr SE,8,2026-09-01T16:04:04.000
2026-09-01T22:17:07.780Z,Stoney Trail,SB Stoney Tr: Peigan Tr SE to 52 St SE,9,2026-09-01T16:04:04.000
2026-09-01T22:17:07.780Z,Stoney Trail,SB Stoney Tr: Peigan Tr SE to Macleod Tr SE,13,2026-09-01T16:04:04.000
2026-09-01T22:17:07.780Z,Stoney Trail,WB Stoney Tr: 52 St SE to James Mckevitt Rd SW,7,2026-09-01T16:04:04.000
2026-09-01T22:17:07.780Z,Stoney Trail,WB Stoney Tr: 52 St SE to Macleod Tr SE,5,2026-09-01T16:04:04.000
2026-09-01T22:17:07.780Z,Stoney Trail,WB Stoney Tr: Country Hills Blvd NW to 16 Ave NW,5,2026-09-01T16:04:04.000
2026-09-01T22:17:07.780Z,Stoney Trail,WB Stoney Tr: Deerfoot Tr NW to 16 Ave NW,13,2026-09-01T16:04:04.000
2026-09-01T22:17:07.780Z,Stoney Trail,WB Stoney Tr: Deerfoot Tr NW to Crowchild Tr NW,9,2026-09-01T16:04:04.000
2026-09-01T22:17:07.780Z,Trans Canada Highway,WB Trans Canada Hwy: Hwy 22 to Banff,56,2026-09-01T16:04:04.000
2026-09-01T22:17:07.780Z,Trans Canada Highway,WB Trans Canada Hwy: Hwy 22 to Kananaskis Village,45,2026-09-01T16:04:04.000
2026-09-02T00:18:48.623Z,16 Avenue,WB 16 Ave: Stoney Tr NE to Valley Ridge Bv NW via 16 Ave,36,2026-09-01T18:04:04.000
2026-09-02T00:18:48.623Z,16 Avenue,WB 16 Ave: Stoney Tr NE to Valley Ridge Bv Via Stoney Tr,39,2026-09-01T18:04:04.000
2026-09-02T00:18:48.623Z,Crowchild Trail,NB Crowchild Tr: 50 Ave SW to 24 Ave NW,10,2026-09-01T18:04:04.000
2026-09-02T00:18:48.623Z,Crowchild Trail,NB Crowchild Tr: 50 Ave SW to Memorial Dr NW,4,2026-09-01T18:04:04.000
2026-09-02T00:18:48.623Z,Crowchild Trail,NB Crowchild Tr: Glenmore Tr SW to 24 Ave NW,12,2026-09-01T18:04:04.000
2026-09-02T00:18:48.623Z,Crowchild Trail,SB Crowchild Tr: 12 Mile Coulee Rd NW to Glenmore Tr SW,17,2026-09-01T18:04:04.000
2026-09-02T00:18:48.623Z,Crowchild Trail,SB Crowchild Tr: 12 Mile Coulee Rd NW to Memorial Dr NW,12,2026-09-01T18:04:04.000
2026-09-02T00:18:48.623Z,Crowchild Trail,SB Crowchild Tr: 24 Ave NW to 17 Ave SW,6,2026-09-01T18:04:04.000
2026-09-02T00:18:48.623Z,Crowchild Trail,SB Crowchild Tr: 24 Ave NW to Glenmore Tr SW,10,2026-09-01T18:04:04.000
2026-09-02T00:18:48.623Z,Crowchild Trail,SB Crowchild Tr: 33 Ave SW to Deerfoot Tr SE,8,2026-09-01T18:04:04.000
2026-09-02T00:18:48.623Z,Crowchild Trail,SB Crowchild Tr: 33 Ave SW to Glenmore Tr SW,3,2026-09-01T18:04:04.000
2026-09-02T00:18:48.623Z,Deerfoot Trail,NB Deerfoot Tr: 17 Ave SE to Airport Tr NE,10,2026-09-01T18:04:04.000
2026-09-02T00:18:48.623Z,Deerfoot Trail,NB Deerfoot Tr: 17 Ave SE to Stoney Tr NE,14,2026-09-01T18:04:04.000
2026-09-02T00:18:48.623Z,Deerfoot Trail,NB Deerfoot Tr: 274 Ave S to City Centre via Deerfoot Tr,31,2026-09-01T18:04:04.000
2026-09-02T00:18:48.623Z,Deerfoot Trail,NB Deerfoot Tr: 32 Ave NE to Airport Tr NE,5,2026-09-01T18:04:04.000
2026-09-02T00:18:48.623Z,Deerfoot Trail,NB Deerfoot Tr: 32 Ave NE to Stoney Tr NE,8,2026-09-01T18:04:04.000
2026-09-02T00:18:48.623Z,Deerfoot Trail,NB Deerfoot Tr: 8 Ave NE to Airport Tr NE,8,2026-09-01T18:04:04.000
2026-09-02T00:18:48.623Z,Deerfoot Trail,NB Deerfoot Tr: 8 Ave NE to Stoney Tr NE,11,2026-09-01T18:04:04.000
2026-09-02T00:18:48.623Z,Deerfoot Trail,NB Deerfoot Tr: Anderson Rd SE to Airport Tr NE,18,2026-09-01T18:04:04.000
2026-09-02T00:18:48.623Z,Deerfoot Trail,NB Deerfoot Tr: Anderson Rd SE to Memorial Dr SE,11,2026-09-01T18:04:04.000
2026-09-02T00:18:48.623Z,Deerfoot Trail,NB Deerfoot Tr: Cranston Ave SE to Memorial Dr SE,20,2026-09-01T18:04:04.000
2026-09-02T00:18:48.623Z,Deerfoot Trail,NB Deerfoot Tr: Cranston Ave SE to Southland Dr SE,11,2026-09-01T18:04:04.000
2026-09-02T00:18:48.623Z,Deerfoot Trail,NB Deerfoot Tr: Glenmore Tr SE to Airport Tr NE,13,2026-09-01T18:04:04.000
2026-09-02T00:18:48.623Z,Deerfoot Trail,NB Deerfoot Tr: Glenmore Tr SE to Memorial Dr SE,6,2026-09-01T18:04:04.000
2026-09-02T00:18:48.623Z,Deerfoot Trail,NB Deerfoot Tr: Glenmore Tr SE to Stoney Tr NE,16,2026-09-01T18:04:04.000
2026-09-02T00:18:48.623Z,Deerfoot Trail,SB Deerfoot Tr: 17 Ave SE to Anderson Rd SE,13,2026-09-01T18:04:04.000
2026-09-02T00:18:48.623Z,Deerfoot Trail,SB Deerfoot Tr: 17 Ave SE to Stoney Tr SE,18,2026-09-01T18:04:04.000
2026-09-02T00:18:48.623Z,Deerfoot Trail,SB Deerfoot Tr: 64 Ave NE to Anderson Rd SE,18,2026-09-01T18:04:04.000
2026-09-02T00:18:48.623Z,Deerfoot Trail,SB Deerfoot Tr: 64 Ave NE to Memorial Dr SE,5,2026-09-01T18:04:04.000
2026-09-02T00:18:48.623Z,Deerfoot Trail,SB Deerfoot Tr: 8 Ave SE to Glenmore Tr SE,7,2026-09-01T18:04:04.000
2026-09-02T00:18:48.623Z,Deerfoot Trail,SB Deerfoot Tr: 8 Ave SE to Stoney Tr SE,20,2026-09-01T18:04:04.000
2026-09-02T00:18:48.623Z,Deerfoot Trail,SB Deerfoot Tr: Airport Tr NE to Anderson Rd SE,21,2026-09-01T18:04:04.000
2026-09-02T00:18:48.623Z,Deerfoot Trail,SB Deerfoot Tr: Airport Tr NE to Memorial Dr SE,7,2026-09-01T18:04:04.000
2026-09-02T00:18:48.623Z,Deerfoot Trail,SB Deerfoot Tr: Balzac  to Stoney Tr SE via Deerfoot Tr,30,2026-09-01T18:04:04.000
2026-09-02T00:18:48.623Z,Deerfoot Trail,SB Deerfoot Tr: Peigan Tr SE to Anderson Rd SE,12,2026-09-01T18:04:04.000
2026-09-02T00:18:48.623Z,Deerfoot Trail,SB Deerfoot Tr: Peigan Tr SE to Stoney Tr SE,17,2026-09-01T18:04:04.000
2026-09-02T00:18:48.623Z,Glenmore Trail,EB Glenmore Tr: Crowchild Tr SW to Deerfoot Tr SE,6,2026-09-01T18:04:04.000
2026-09-02T00:18:48.623Z,Glenmore Trail,WB Glenmore Tr: Odgen Rd SE to Bow Trail SW,12,2026-09-01T18:04:04.000
2026-09-02T00:18:48.623Z,Glenmore Trail,WB Glenmore Tr: Odgen Rd SE to Crowchild Tr SW,8,2026-09-01T18:04:04.000
2026-09-02T00:18:48.623Z,Macleod Trail,NB Macleod Tr: 274 Ave S to City Centre via Macleod Tr,32,2026-09-01T18:04:04.000
2026-09-02T00:18:48.623Z,Macleod Trail,NB Macleod Tr: Anderson Rd SE to 7 Av SE,17,2026-09-01T18:04:04.000
2026-09-02T00:18:48.623Z,Macleod Trail,NB Macleod Tr: Anderson Rd SE to Blackfoot Tr SW,26,2026-09-01T18:04:04.000
2026-09-02T00:18:48.623Z,Macleod Trail,NB Macleod Tr: Anderson Rd SE to Crowchild Tr SW,11,2026-09-01T18:04:04.000
2026-09-02T00:18:48.623Z,Macleod Trail,NB Macleod Tr: N of 25 Ave S to City Centre,3,2026-09-01T18:04:04.000
2026-09-02T00:18:48.623Z,Stoney Trail,EB Stoney Tr: Chaparral Blvd SE to 16 Ave NE,16,2026-09-01T18:04:04.000
2026-09-02T00:18:48.623Z,Stoney Trail,EB Stoney Tr: Chaparral Blvd SE to Glenmore Tr SE,10,2026-09-01T18:04:04.000
2026-09-02T00:18:48.623Z,Stoney Trail,EB Stoney Tr: Harvest Hills Blvd NW to 16 Ave NE,14,2026-09-01T18:04:04.000
2026-09-02T00:18:48.623Z,Stoney Trail,EB Stoney Tr: Harvest Hills Blvd NW to Glenmore Tr SE,19,2026-09-01T18:04:04.000
2026-09-02T00:18:48.623Z,Stoney Trail,EB Stoney W : Sarcee Tr NW to 16 Ave NE,18,2026-09-01T18:04:04.000
2026-09-02T00:18:48.623Z,Stoney Trail,EB Stoney W : Sarcee Tr NW to Deerfoot Tr N,7,2026-09-01T18:04:04.000
2026-09-02T00:18:48.623Z,Stoney Trail,NB Stoney Tr: 114 Ave SE to 16 Ave NE,8,2026-09-01T18:04:04.000
2026-09-02T00:18:48.623Z,Stoney Trail,NB Stoney Tr: 114 Ave SE to Deerfoot Tr NE,19,2026-09-01T18:04:04.000
2026-09-02T00:18:48.623Z,Stoney Trail,NB Stoney Tr: McKnight Blvd NE to Crowchild Tr NW,33,2026-09-01T18:04:04.000
2026-09-02T00:18:48.623Z,Stoney Trail,NB Stoney Tr: McKnight Blvd NE to Deerfoot Tr N,9,2026-09-01T18:04:04.000
2026-09-02T00:18:48.623Z,Stoney Trail,NB Stoney Tr: Peigan Tr SE to Deerfoot Tr NE,14,2026-09-01T18:04:04.000
2026-09-02T00:18:48.623Z,Stoney Trail,NB Stoney Tr: Peigan Tr SE to McKnight Blvd NE,6,2026-09-01T18:04:04.000
2026-09-02T00:18:48.623Z,Stoney Trail,SB Deerfoot Tr: Balzac  to Stoney Tr SE via Stoney Tr,26,2026-09-01T18:04:04.000
2026-09-02T00:18:48.623Z,Stoney Trail,SB Stoney Tr: Mcknight Blvd NE to Deerfoot Tr S,14,2026-09-01T18:04:04.000
2026-09-02T00:18:48.623Z,Stoney Trail,SB Stoney Tr: Mcknight Blvd NE to Glenmore Tr SE,8,2026-09-01T18:04:04.000
2026-09-02T00:18:48.623Z,Stoney Trail,SB Stoney Tr: Peigan Tr SE to 52 St SE,8,2026-09-01T18:04:04.000
2026-09-02T00:18:48.623Z,Stoney Trail,SB Stoney Tr: Peigan Tr SE to Macleod Tr SE,13,2026-09-01T18:04:04.000
2026-09-02T00:18:48.623Z,Stoney Trail,WB Stoney Tr: 52 St SE to James Mckevitt Rd SW,7,2026-09-01T18:04:04.000
2026-09-02T00:18:48.623Z,Stoney Trail,WB Stoney Tr: 52 St SE to Macleod Tr SE,5,2026-09-01T18:04:04.000
2026-09-02T00:18:48.623Z,Stoney Trail,WB Stoney Tr: Country Hills Blvd NW to 16 Ave NW,5,2026-09-01T18:04:04.000
2026-09-02T00:18:48.623Z,Stoney Trail,WB Stoney Tr: Deerfoot Tr NW to 16 Ave NW,25,2026-09-01T18:04:04.000
2026-09-02T00:18:48.623Z,Stoney Trail,WB Stoney Tr: Deerfoot Tr NW to Crowchild Tr NW,22,2026-09-01T18:04:04.000
2026-09-02T00:18:48.623Z,Trans Canada Highway,WB Trans Canada Hwy: Hwy 22 to Banff,52,2026-09-01T18:04:04.000
2026-09-02T00:18:48.623Z,Trans Canada Highway,WB Trans Canada Hwy: Hwy 22 to Kananaskis Village,43,2026-09-01T18:04:04.000
2026-09-02T04:45:00.545Z,16 Avenue,WB 16 Ave: Stoney Tr NE to Valley Ridge Bv NW via 16 Ave,29,2026-09-01T22:24:08.000
2026-09-02T04:45:00.545Z,16 Avenue,WB 16 Ave: Stoney Tr NE to Valley Ridge Bv Via Stoney Tr,26,2026-09-01T22:24:08.000
2026-09-02T04:45:00.545Z,Crowchild Trail,NB Crowchild Tr: 50 Ave SW to 24 Ave NW,8,2026-09-01T22:24:08.000
2026-09-02T04:45:00.545Z,Crowchild Trail,NB Crowchild Tr: 50 Ave SW to Memorial Dr NW,5,2026-09-01T22:24:08.000
2026-09-02T04:45:00.545Z,Crowchild Trail,NB Crowchild Tr: Glenmore Tr SW to 24 Ave NW,10,2026-09-01T22:24:08.000
2026-09-02T04:45:00.545Z,Crowchild Trail,SB Crowchild Tr: 12 Mile Coulee Rd NW to Glenmore Tr SW,17,2026-09-01T22:24:08.000
2026-09-02T04:45:00.545Z,Crowchild Trail,SB Crowchild Tr: 12 Mile Coulee Rd NW to Memorial Dr NW,12,2026-09-01T22:24:08.000
2026-09-02T04:45:00.545Z,Crowchild Trail,SB Crowchild Tr: 24 Ave NW to 17 Ave SW,5,2026-09-01T22:24:08.000
2026-09-02T04:45:00.545Z,Crowchild Trail,SB Crowchild Tr: 24 Ave NW to Glenmore Tr SW,9,2026-09-01T22:24:08.000
2026-09-02T04:45:00.545Z,Crowchild Trail,SB Crowchild Tr: 33 Ave SW to Deerfoot Tr SE,8,2026-09-01T22:24:08.000
2026-09-02T04:45:00.545Z,Crowchild Trail,SB Crowchild Tr: 33 Ave SW to Glenmore Tr SW,4,2026-09-01T22:24:08.000
2026-09-02T04:45:00.545Z,Deerfoot Trail,NB Deerfoot Tr: 17 Ave SE to Airport Tr NE,10,2026-09-01T22:24:08.000
2026-09-02T04:45:00.545Z,Deerfoot Trail,NB Deerfoot Tr: 17 Ave SE to Stoney Tr NE,13,2026-09-01T22:24:08.000
2026-09-02T04:45:00.545Z,Deerfoot Trail,NB Deerfoot Tr: 274 Ave S to City Centre via Deerfoot Tr,28,2026-09-01T22:24:08.000
2026-09-02T04:45:00.545Z,Deerfoot Trail,NB Deerfoot Tr: 32 Ave NE to Airport Tr NE,5,2026-09-01T22:24:08.000
2026-09-02T04:45:00.545Z,Deerfoot Trail,NB Deerfoot Tr: 32 Ave NE to Stoney Tr NE,7,2026-09-01T22:24:08.000
2026-09-02T04:45:00.545Z,Deerfoot Trail,NB Deerfoot Tr: 8 Ave NE to Airport Tr NE,7,2026-09-01T22:24:08.000
2026-09-02T04:45:00.545Z,Deerfoot Trail,NB Deerfoot Tr: 8 Ave NE to Stoney Tr NE,10,2026-09-01T22:24:08.000
2026-09-02T04:45:00.545Z,Deerfoot Trail,NB Deerfoot Tr: Anderson Rd SE to Airport Tr NE,17,2026-09-01T22:24:08.000
2026-09-02T04:45:00.545Z,Deerfoot Trail,NB Deerfoot Tr: Anderson Rd SE to Memorial Dr SE,10,2026-09-01T22:24:08.000
2026-09-02T04:45:00.545Z,Deerfoot Trail,NB Deerfoot Tr: Cranston Ave SE to Memorial Dr SE,18,2026-09-01T22:24:08.000
2026-09-02T04:45:00.545Z,Deerfoot Trail,NB Deerfoot Tr: Cranston Ave SE to Southland Dr SE,10,2026-09-01T22:24:08.000
2026-09-02T04:45:00.545Z,Deerfoot Trail,NB Deerfoot Tr: Glenmore Tr SE to Airport Tr NE,13,2026-09-01T22:24:08.000
2026-09-02T04:45:00.545Z,Deerfoot Trail,NB Deerfoot Tr: Glenmore Tr SE to Memorial Dr SE,5,2026-09-01T22:24:08.000
2026-09-02T04:45:00.545Z,Deerfoot Trail,NB Deerfoot Tr: Glenmore Tr SE to Stoney Tr NE,15,2026-09-01T22:24:08.000
2026-09-02T04:45:00.545Z,Deerfoot Trail,SB Deerfoot Tr: 17 Ave SE to Anderson Rd SE,9,2026-09-01T22:24:08.000
2026-09-02T04:45:00.545Z,Deerfoot Trail,SB Deerfoot Tr: 17 Ave SE to Stoney Tr SE,14,2026-09-01T22:24:08.000
2026-09-02T04:45:00.545Z,Deerfoot Trail,SB Deerfoot Tr: 64 Ave NE to Anderson Rd SE,15,2026-09-01T22:24:08.000
2026-09-02T04:45:00.545Z,Deerfoot Trail,SB Deerfoot Tr: 64 Ave NE to Memorial Dr SE,5,2026-09-01T22:24:08.000
2026-09-02T04:45:00.545Z,Deerfoot Trail,SB Deerfoot Tr: 8 Ave SE to Glenmore Tr SE,7,2026-09-01T22:24:08.000
2026-09-02T04:45:00.545Z,Deerfoot Trail,SB Deerfoot Tr: 8 Ave SE to Stoney Tr SE,15,2026-09-01T22:24:08.000
2026-09-02T04:45:00.545Z,Deerfoot Trail,SB Deerfoot Tr: Airport Tr NE to Anderson Rd SE,17,2026-09-01T22:24:08.000
2026-09-02T04:45:00.545Z,Deerfoot Trail,SB Deerfoot Tr: Airport Tr NE to Memorial Dr SE,8,2026-09-01T22:24:08.000
2026-09-02T04:45:00.545Z,Deerfoot Trail,SB Deerfoot Tr: Balzac  to Stoney Tr SE via Deerfoot Tr,26,2026-09-01T22:24:08.000
2026-09-02T04:45:00.545Z,Deerfoot Trail,SB Deerfoot Tr: Peigan Tr SE to Anderson Rd SE,7,2026-09-01T22:24:08.000
2026-09-02T04:45:00.545Z,Deerfoot Trail,SB Deerfoot Tr: Peigan Tr SE to Stoney Tr SE,12,2026-09-01T22:24:08.000
2026-09-02T04:45:00.545Z,Glenmore Trail,EB Glenmore Tr: Crowchild Tr SW to Deerfoot Tr SE,5,2026-09-01T22:24:08.000
2026-09-02T04:45:00.545Z,Glenmore Trail,WB Glenmore Tr: Odgen Rd SE to Bow Trail SW,12,2026-09-01T22:24:08.000
2026-09-02T04:45:00.545Z,Glenmore Trail,WB Glenmore Tr: Odgen Rd SE to Crowchild Tr SW,8,2026-09-01T22:24:08.000
2026-09-02T04:45:00.545Z,Macleod Trail,NB Macleod Tr: 274 Ave S to City Centre via Macleod Tr,28,2026-09-01T22:24:08.000
2026-09-02T04:45:00.545Z,Macleod Trail,NB Macleod Tr: Anderson Rd SE to 7 Av SE,14,2026-09-01T22:24:08.000
2026-09-02T04:45:00.545Z,Macleod Trail,NB Macleod Tr: Anderson Rd SE to Blackfoot Tr SW,23,2026-09-01T22:24:08.000
2026-09-02T04:45:00.545Z,Macleod Trail,NB Macleod Tr: Anderson Rd SE to Crowchild Tr SW,9,2026-09-01T22:24:08.000
2026-09-02T04:45:00.545Z,Macleod Trail,NB Macleod Tr: N of 25 Ave S to City Centre,3,2026-09-01T22:24:08.000
2026-09-02T04:45:00.545Z,Stoney Trail,EB Stoney Tr: Chaparral Blvd SE to 16 Ave NE,15,2026-09-01T22:24:08.000
2026-09-02T04:45:00.545Z,Stoney Trail,EB Stoney Tr: Chaparral Blvd SE to Glenmore Tr SE,10,2026-09-01T22:24:08.000
2026-09-02T04:45:00.545Z,Stoney Trail,EB Stoney Tr: Harvest Hills Blvd NW to 16 Ave NE,13,2026-09-01T22:24:08.000
2026-09-02T04:45:00.545Z,Stoney Trail,EB Stoney Tr: Harvest Hills Blvd NW to Glenmore Tr SE,19,2026-09-01T22:24:08.000
2026-09-02T04:45:00.545Z,Stoney Trail,EB Stoney W : Sarcee Tr NW to 16 Ave NE,17,2026-09-01T22:24:08.000
2026-09-02T04:45:00.545Z,Stoney Trail,EB Stoney W : Sarcee Tr NW to Deerfoot Tr N,7,2026-09-01T22:24:08.000
2026-09-02T04:45:00.545Z,Stoney Trail,NB Stoney Tr: 114 Ave SE to 16 Ave NE,8,2026-09-01T22:24:08.000
2026-09-02T04:45:00.545Z,Stoney Trail,NB Stoney Tr: 114 Ave SE to Deerfoot Tr NE,18,2026-09-01T22:24:08.000
2026-09-02T04:45:00.545Z,Stoney Trail,NB Stoney Tr: McKnight Blvd NE to Crowchild Tr NW,20,2026-09-01T22:24:08.000
2026-09-02T04:45:00.545Z,Stoney Trail,NB Stoney Tr: McKnight Blvd NE to Deerfoot Tr N,8,2026-09-01T22:24:08.000
2026-09-02T04:45:00.545Z,Stoney Trail,NB Stoney Tr: Peigan Tr SE to Deerfoot Tr NE,14,2026-09-01T22:24:08.000
2026-09-02T04:45:00.545Z,Stoney Trail,NB Stoney Tr: Peigan Tr SE to McKnight Blvd NE,5,2026-09-01T22:24:08.000
2026-09-02T04:45:00.545Z,Stoney Trail,SB Deerfoot Tr: Balzac  to Stoney Tr SE via Stoney Tr,26,2026-09-01T22:24:08.000
2026-09-02T04:45:00.545Z,Stoney Trail,SB Stoney Tr: Mcknight Blvd NE to Deerfoot Tr S,15,2026-09-01T22:24:08.000
2026-09-02T04:45:00.545Z,Stoney Trail,SB Stoney Tr: Mcknight Blvd NE to Glenmore Tr SE,8,2026-09-01T22:24:08.000
2026-09-02T04:45:00.545Z,Stoney Trail,SB Stoney Tr: Peigan Tr SE to 52 St SE,9,2026-09-01T22:24:08.000
2026-09-02T04:45:00.545Z,Stoney Trail,SB Stoney Tr: Peigan Tr SE to Macleod Tr SE,13,2026-09-01T22:24:08.000
2026-09-02T04:45:00.545Z,Stoney Trail,WB Stoney Tr: 52 St SE to James Mckevitt Rd SW,7,2026-09-01T22:24:08.000
2026-09-02T04:45:00.545Z,Stoney Trail,WB Stoney Tr: 52 St SE to Macleod Tr SE,5,2026-09-01T22:24:08.000
2026-09-02T04:45:00.545Z,Stoney Trail,WB Stoney Tr: Country Hills Blvd NW to 16 Ave NW,5,2026-09-01T22:24:08.000
2026-09-02T04:45:00.545Z,Stoney Trail,WB Stoney Tr: Deerfoot Tr NW to 16 Ave NW,13,2026-09-01T22:24:08.000
2026-09-02T04:45:00.545Z,Stoney Trail,WB Stoney Tr: Deerfoot Tr NW to Crowchild Tr NW,9,2026-09-01T22:24:08.000
2026-09-02T04:45:00.545Z,Trans Canada Highway,WB Trans Canada Hwy: Hwy 22 to Banff,51,2026-09-01T22:24:08.000
2026-09-02T04:45:00.545Z,Trans Canada Highway,WB Trans Canada Hwy: Hwy 22 to Kananaskis Village,43,2026-09-01T22:24:08.000
2026-09-02T09:13:57.427Z,16 Avenue,WB 16 Ave: Stoney Tr NE to Valley Ridge Bv NW via 16 Ave,29,2026-09-02T03:04:04.000
2026-09-02T09:13:57.427Z,16 Avenue,WB 16 Ave: Stoney Tr NE to Valley Ridge Bv Via Stoney Tr,26,2026-09-02T03:04:04.000
2026-09-02T09:13:57.427Z,Crowchild Trail,NB Crowchild Tr: 50 Ave SW to 24 Ave NW,8,2026-09-02T03:04:04.000
2026-09-02T09:13:57.427Z,Crowchild Trail,NB Crowchild Tr: 50 Ave SW to Memorial Dr NW,4,2026-09-02T03:04:04.000
2026-09-02T09:13:57.427Z,Crowchild Trail,NB Crowchild Tr: Glenmore Tr SW to 24 Ave NW,9,2026-09-02T03:04:04.000
2026-09-02T09:13:57.427Z,Crowchild Trail,SB Crowchild Tr: 12 Mile Coulee Rd NW to Glenmore Tr SW,16,2026-09-02T03:04:04.000
2026-09-02T09:13:57.427Z,Crowchild Trail,SB Crowchild Tr: 12 Mile Coulee Rd NW to Memorial Dr NW,12,2026-09-02T03:04:04.000
2026-09-02T09:13:57.427Z,Crowchild Trail,SB Crowchild Tr: 24 Ave NW to 17 Ave SW,5,2026-09-02T03:04:04.000
2026-09-02T09:13:57.427Z,Crowchild Trail,SB Crowchild Tr: 24 Ave NW to Glenmore Tr SW,9,2026-09-02T03:04:04.000
2026-09-02T09:13:57.427Z,Crowchild Trail,SB Crowchild Tr: 33 Ave SW to Deerfoot Tr SE,8,2026-09-02T03:04:04.000
2026-09-02T09:13:57.427Z,Crowchild Trail,SB Crowchild Tr: 33 Ave SW to Glenmore Tr SW,3,2026-09-02T03:04:04.000
2026-09-02T09:13:57.427Z,Deerfoot Trail,NB Deerfoot Tr: 17 Ave SE to Airport Tr NE,10,2026-09-02T03:04:04.000
2026-09-02T09:13:57.427Z,Deerfoot Trail,NB Deerfoot Tr: 17 Ave SE to Stoney Tr NE,14,2026-09-02T03:04:04.000
2026-09-02T09:13:57.427Z,Deerfoot Trail,NB Deerfoot Tr: 274 Ave S to City Centre via Deerfoot Tr,29,2026-09-02T03:04:04.000
2026-09-02T09:13:57.427Z,Deerfoot Trail,NB Deerfoot Tr: 32 Ave NE to Airport Tr NE,5,2026-09-02T03:04:04.000
2026-09-02T09:13:57.427Z,Deerfoot Trail,NB Deerfoot Tr: 32 Ave NE to Stoney Tr NE,8,2026-09-02T03:04:04.000
2026-09-02T09:13:57.427Z,Deerfoot Trail,NB Deerfoot Tr: 8 Ave NE to Airport Tr NE,8,2026-09-02T03:04:04.000
2026-09-02T09:13:57.427Z,Deerfoot Trail,NB Deerfoot Tr: 8 Ave NE to Stoney Tr NE,11,2026-09-02T03:04:04.000
2026-09-02T09:13:57.427Z,Deerfoot Trail,NB Deerfoot Tr: Anderson Rd SE to Airport Tr NE,18,2026-09-02T03:04:04.000
2026-09-02T09:13:57.427Z,Deerfoot Trail,NB Deerfoot Tr: Anderson Rd SE to Memorial Dr SE,11,2026-09-02T03:04:04.000
2026-09-02T09:13:57.427Z,Deerfoot Trail,NB Deerfoot Tr: Cranston Ave SE to Memorial Dr SE,19,2026-09-02T03:04:04.000
2026-09-02T09:13:57.427Z,Deerfoot Trail,NB Deerfoot Tr: Cranston Ave SE to Southland Dr SE,11,2026-09-02T03:04:04.000
2026-09-02T09:13:57.427Z,Deerfoot Trail,NB Deerfoot Tr: Glenmore Tr SE to Airport Tr NE,13,2026-09-02T03:04:04.000
2026-09-02T09:13:57.427Z,Deerfoot Trail,NB Deerfoot Tr: Glenmore Tr SE to Memorial Dr SE,6,2026-09-02T03:04:04.000
2026-09-02T09:13:57.427Z,Deerfoot Trail,NB Deerfoot Tr: Glenmore Tr SE to Stoney Tr NE,16,2026-09-02T03:04:04.000
2026-09-02T09:13:57.427Z,Deerfoot Trail,SB Deerfoot Tr: 17 Ave SE to Anderson Rd SE,9,2026-09-02T03:04:04.000
2026-09-02T09:13:57.427Z,Deerfoot Trail,SB Deerfoot Tr: 17 Ave SE to Stoney Tr SE,13,2026-09-02T03:04:04.000
2026-09-02T09:13:57.427Z,Deerfoot Trail,SB Deerfoot Tr: 64 Ave NE to Anderson Rd SE,15,2026-09-02T03:04:04.000
2026-09-02T09:13:57.427Z,Deerfoot Trail,SB Deerfoot Tr: 64 Ave NE to Memorial Dr SE,6,2026-09-02T03:04:04.000
2026-09-02T09:13:57.427Z,Deerfoot Trail,SB Deerfoot Tr: 8 Ave SE to Glenmore Tr SE,7,2026-09-02T03:04:04.000
2026-09-02T09:13:57.427Z,Deerfoot Trail,SB Deerfoot Tr: 8 Ave SE to Stoney Tr SE,15,2026-09-02T03:04:04.000
2026-09-02T09:13:57.427Z,Deerfoot Trail,SB Deerfoot Tr: Airport Tr NE to Anderson Rd SE,17,2026-09-02T03:04:04.000
2026-09-02T09:13:57.427Z,Deerfoot Trail,SB Deerfoot Tr: Airport Tr NE to Memorial Dr SE,8,2026-09-02T03:04:04.000
2026-09-02T09:13:57.427Z,Deerfoot Trail,SB Deerfoot Tr: Balzac  to Stoney Tr SE via Deerfoot Tr,26,2026-09-02T03:04:04.000
2026-09-02T09:13:57.427Z,Deerfoot Trail,SB Deerfoot Tr: Peigan Tr SE to Anderson Rd SE,7,2026-09-02T03:04:04.000
2026-09-02T09:13:57.427Z,Deerfoot Trail,SB Deerfoot Tr: Peigan Tr SE to Stoney Tr SE,12,2026-09-02T03:04:04.000
2026-09-02T09:13:57.427Z,Glenmore Trail,EB Glenmore Tr: Crowchild Tr SW to Deerfoot Tr SE,6,2026-09-02T03:04:04.000
2026-09-02T09:13:57.427Z,Glenmore Trail,WB Glenmore Tr: Odgen Rd SE to Bow Trail SW,12,2026-09-02T03:04:04.000
2026-09-02T09:13:57.427Z,Glenmore Trail,WB Glenmore Tr: Odgen Rd SE to Crowchild Tr SW,8,2026-09-02T03:04:04.000
2026-09-02T09:13:57.427Z,Macleod Trail,NB Macleod Tr: 274 Ave S to City Centre via Macleod Tr,27,2026-09-02T03:04:04.000
2026-09-02T09:13:57.427Z,Macleod Trail,NB Macleod Tr: Anderson Rd SE to 7 Av SE,14,2026-09-02T03:04:04.000
2026-09-02T09:13:57.427Z,Macleod Trail,NB Macleod Tr: Anderson Rd SE to Blackfoot Tr SW,23,2026-09-02T03:04:04.000
2026-09-02T09:13:57.427Z,Macleod Trail,NB Macleod Tr: Anderson Rd SE to Crowchild Tr SW,9,2026-09-02T03:04:04.000
2026-09-02T09:13:57.427Z,Macleod Trail,NB Macleod Tr: N of 25 Ave S to City Centre,3,2026-09-02T03:04:04.000
2026-09-02T09:13:57.427Z,Stoney Trail,EB Stoney Tr: Chaparral Blvd SE to 16 Ave NE,14,2026-09-02T03:04:04.000
2026-09-02T09:13:57.427Z,Stoney Trail,EB Stoney Tr: Chaparral Blvd SE to Glenmore Tr SE,9,2026-09-02T03:04:04.000
2026-09-02T09:13:57.427Z,Stoney Trail,EB Stoney Tr: Harvest Hills Blvd NW to 16 Ave NE,14,2026-09-02T03:04:04.000
2026-09-02T09:13:57.427Z,Stoney Trail,EB Stoney Tr: Harvest Hills Blvd NW to Glenmore Tr SE,19,2026-09-02T03:04:04.000
2026-09-02T09:13:57.427Z,Stoney Trail,EB Stoney W : Sarcee Tr NW to 16 Ave NE,18,2026-09-02T03:04:04.000
2026-09-02T09:13:57.427Z,Stoney Trail,EB Stoney W : Sarcee Tr NW to Deerfoot Tr N,7,2026-09-02T03:04:04.000
2026-09-02T09:13:57.427Z,Stoney Trail,NB Stoney Tr: 114 Ave SE to 16 Ave NE,8,2026-09-02T03:04:04.000
2026-09-02T09:13:57.427Z,Stoney Trail,NB Stoney Tr: 114 Ave SE to Deerfoot Tr NE,18,2026-09-02T03:04:04.000
2026-09-02T09:13:57.427Z,Stoney Trail,NB Stoney Tr: McKnight Blvd NE to Crowchild Tr NW,19,2026-09-02T03:04:04.000
2026-09-02T09:13:57.427Z,Stoney Trail,NB Stoney Tr: McKnight Blvd NE to Deerfoot Tr N,8,2026-09-02T03:04:04.000
2026-09-02T09:13:57.427Z,Stoney Trail,NB Stoney Tr: Peigan Tr SE to Deerfoot Tr NE,14,2026-09-02T03:04:04.000
2026-09-02T09:13:57.427Z,Stoney Trail,NB Stoney Tr: Peigan Tr SE to McKnight Blvd NE,6,2026-09-02T03:04:04.000
2026-09-02T09:13:57.427Z,Stoney Trail,SB Deerfoot Tr: Balzac  to Stoney Tr SE via Stoney Tr,26,2026-09-02T03:04:04.000
2026-09-02T09:13:57.427Z,Stoney Trail,SB Stoney Tr: Mcknight Blvd NE to Deerfoot Tr S,14,2026-09-02T03:04:04.000
2026-09-02T09:13:57.427Z,Stoney Trail,SB Stoney Tr: Mcknight Blvd NE to Glenmore Tr SE,8,2026-09-02T03:04:04.000
2026-09-02T09:13:57.427Z,Stoney Trail,SB Stoney Tr: Peigan Tr SE to 52 St SE,8,2026-09-02T03:04:04.000
2026-09-02T09:13:57.427Z,Stoney Trail,SB Stoney Tr: Peigan Tr SE to Macleod Tr SE,13,2026-09-02T03:04:04.000
2026-09-02T09:13:57.427Z,Stoney Trail,WB Stoney Tr: 52 St SE to James Mckevitt Rd SW,7,2026-09-02T03:04:04.000
2026-09-02T09:13:57.427Z,Stoney Trail,WB Stoney Tr: 52 St SE to Macleod Tr SE,5,2026-09-02T03:04:04.000
2026-09-02T09:13:57.427Z,Stoney Trail,WB Stoney Tr: Country Hills Blvd NW to 16 Ave NW,5,2026-09-02T03:04:04.000
2026-09-02T09:13:57.427Z,Stoney Trail,WB Stoney Tr: Deerfoot Tr NW to 16 Ave NW,13,2026-09-02T03:04:04.000
2026-09-02T09:13:57.427Z,Stoney Trail,WB Stoney Tr: Deerfoot Tr NW to Crowchild Tr NW,9,2026-09-02T03:04:04.000
2026-09-02T09:13:57.427Z,Trans Canada Highway,WB Trans Canada Hwy: Hwy 22 to Banff,50,2026-09-02T03:04:04.000
2026-09-02T09:13:57.427Z,Trans Canada Highway,WB Trans Canada Hwy: Hwy 22 to Kananaskis Village,42,2026-09-02T03:04:04.000
2026-09-02T13:42:12.608Z,16 Avenue,WB 16 Ave: Stoney Tr NE to Valley Ridge Bv NW via 16 Ave,36,2026-09-02T07:24:04.000
2026-09-02T13:42:12.608Z,16 Avenue,WB 16 Ave: Stoney Tr NE to Valley Ridge Bv Via Stoney Tr,26,2026-09-02T07:24:04.000
2026-09-02T13:42:12.608Z,Crowchild Trail,NB Crowchild Tr: 50 Ave SW to 24 Ave NW,7,2026-09-02T07:24:04.000
2026-09-02T13:42:12.608Z,Crowchild Trail,NB Crowchild Tr: 50 Ave SW to Memorial Dr NW,4,2026-09-02T07:24:04.000
2026-09-02T13:42:12.608Z,Crowchild Trail,NB Crowchild Tr: Glenmore Tr SW to 24 Ave NW,9,2026-09-02T07:24:04.000
2026-09-02T13:42:12.608Z,Crowchild Trail,SB Crowchild Tr: 12 Mile Coulee Rd NW to Glenmore Tr SW,17,2026-09-02T07:24:04.000
2026-09-02T13:42:12.608Z,Crowchild Trail,SB Crowchild Tr: 12 Mile Coulee Rd NW to Memorial Dr NW,12,2026-09-02T07:24:04.000
2026-09-02T13:42:12.608Z,Crowchild Trail,SB Crowchild Tr: 24 Ave NW to 17 Ave SW,6,2026-09-02T07:24:04.000
2026-09-02T13:42:12.608Z,Crowchild Trail,SB Crowchild Tr: 24 Ave NW to Glenmore Tr SW,10,2026-09-02T07:24:04.000
2026-09-02T13:42:12.608Z,Crowchild Trail,SB Crowchild Tr: 33 Ave SW to Deerfoot Tr SE,8,2026-09-02T07:24:04.000
2026-09-02T13:42:12.608Z,Crowchild Trail,SB Crowchild Tr: 33 Ave SW to Glenmore Tr SW,3,2026-09-02T07:24:04.000
2026-09-02T13:42:12.608Z,Deerfoot Trail,NB Deerfoot Tr: 17 Ave SE to Airport Tr NE,9,2026-09-02T07:24:04.000
2026-09-02T13:42:12.608Z,Deerfoot Trail,NB Deerfoot Tr: 17 Ave SE to Stoney Tr NE,12,2026-09-02T07:24:04.000
2026-09-02T13:42:12.608Z,Deerfoot Trail,NB Deerfoot Tr: 274 Ave S to City Centre via Deerfoot Tr,33,2026-09-02T07:24:04.000
2026-09-02T13:42:12.608Z,Deerfoot Trail,NB Deerfoot Tr: 32 Ave NE to Airport Tr NE,4,2026-09-02T07:24:04.000
2026-09-02T13:42:12.608Z,Deerfoot Trail,NB Deerfoot Tr: 32 Ave NE to Stoney Tr NE,7,2026-09-02T07:24:04.000
2026-09-02T13:42:12.608Z,Deerfoot Trail,NB Deerfoot Tr: 8 Ave NE to Airport Tr NE,7,2026-09-02T07:24:04.000
2026-09-02T13:42:12.608Z,Deerfoot Trail,NB Deerfoot Tr: 8 Ave NE to Stoney Tr NE,9,2026-09-02T07:24:04.000
2026-09-02T13:42:12.608Z,Deerfoot Trail,NB Deerfoot Tr: Anderson Rd SE to Airport Tr NE,17,2026-09-02T07:24:04.000
2026-09-02T13:42:12.608Z,Deerfoot Trail,NB Deerfoot Tr: Anderson Rd SE to Memorial Dr SE,10,2026-09-02T07:24:04.000
2026-09-02T13:42:12.608Z,Deerfoot Trail,NB Deerfoot Tr: Cranston Ave SE to Memorial Dr SE,22,2026-09-02T07:24:04.000
2026-09-02T13:42:12.608Z,Deerfoot Trail,NB Deerfoot Tr: Cranston Ave SE to Southland Dr SE,14,2026-09-02T07:24:04.000
2026-09-02T13:42:12.608Z,Deerfoot Trail,NB Deerfoot Tr: Glenmore Tr SE to Airport Tr NE,11,2026-09-02T07:24:04.000
2026-09-02T13:42:12.608Z,Deerfoot Trail,NB Deerfoot Tr: Glenmore Tr SE to Memorial Dr SE,5,2026-09-02T07:24:04.000
2026-09-02T13:42:12.608Z,Deerfoot Trail,NB Deerfoot Tr: Glenmore Tr SE to Stoney Tr NE,14,2026-09-02T07:24:04.000
2026-09-02T13:42:12.608Z,Deerfoot Trail,SB Deerfoot Tr: 17 Ave SE to Anderson Rd SE,9,2026-09-02T07:24:04.000
2026-09-02T13:42:12.608Z,Deerfoot Trail,SB Deerfoot Tr: 17 Ave SE to Stoney Tr SE,13,2026-09-02T07:24:04.000
2026-09-02T13:42:12.608Z,Deerfoot Trail,SB Deerfoot Tr: 64 Ave NE to Anderson Rd SE,14,2026-09-02T07:24:04.000
2026-09-02T13:42:12.608Z,Deerfoot Trail,SB Deerfoot Tr: 64 Ave NE to Memorial Dr SE,5,2026-09-02T07:24:04.000
2026-09-02T13:42:12.608Z,Deerfoot Trail,SB Deerfoot Tr: 8 Ave SE to Glenmore Tr SE,7,2026-09-02T07:24:04.000
2026-09-02T13:42:12.608Z,Deerfoot Trail,SB Deerfoot Tr: 8 Ave SE to Stoney Tr SE,15,2026-09-02T07:24:04.000
2026-09-02T13:42:12.608Z,Deerfoot Trail,SB Deerfoot Tr: Airport Tr NE to Anderson Rd SE,16,2026-09-02T07:24:04.000
2026-09-02T13:42:12.608Z,Deerfoot Trail,SB Deerfoot Tr: Airport Tr NE to Memorial Dr SE,7,2026-09-02T07:24:04.000
2026-09-02T13:42:12.608Z,Deerfoot Trail,SB Deerfoot Tr: Balzac  to Stoney Tr SE via Deerfoot Tr,26,2026-09-02T07:24:04.000
2026-09-02T13:42:12.608Z,Deerfoot Trail,SB Deerfoot Tr: Peigan Tr SE to Anderson Rd SE,7,2026-09-02T07:24:04.000
2026-09-02T13:42:12.608Z,Deerfoot Trail,SB Deerfoot Tr: Peigan Tr SE to Stoney Tr SE,12,2026-09-02T07:24:04.000
2026-09-02T13:42:12.608Z,Glenmore Trail,EB Glenmore Tr: Crowchild Tr SW to Deerfoot Tr SE,6,2026-09-02T07:24:04.000
2026-09-02T13:42:12.608Z,Glenmore Trail,WB Glenmore Tr: Odgen Rd SE to Bow Trail SW,12,2026-09-02T07:24:04.000
2026-09-02T13:42:12.608Z,Glenmore Trail,WB Glenmore Tr: Odgen Rd SE to Crowchild Tr SW,8,2026-09-02T07:24:04.000
2026-09-02T13:42:12.608Z,Macleod Trail,NB Macleod Tr: 274 Ave S to City Centre via Macleod Tr,29,2026-09-02T07:24:04.000
2026-09-02T13:42:12.608Z,Macleod Trail,NB Macleod Tr: Anderson Rd SE to 7 Av SE,16,2026-09-02T07:24:04.000
2026-09-02T13:42:12.608Z,Macleod Trail,NB Macleod Tr: Anderson Rd SE to Blackfoot Tr SW,25,2026-09-02T07:24:04.000
2026-09-02T13:42:12.608Z,Macleod Trail,NB Macleod Tr: Anderson Rd SE to Crowchild Tr SW,10,2026-09-02T07:24:04.000
2026-09-02T13:42:12.608Z,Macleod Trail,NB Macleod Tr: N of 25 Ave S to City Centre,3,2026-09-02T07:24:04.000
2026-09-02T13:42:12.608Z,Stoney Trail,EB Stoney Tr: Chaparral Blvd SE to 16 Ave NE,14,2026-09-02T07:24:04.000
2026-09-02T13:42:12.608Z,Stoney Trail,EB Stoney Tr: Chaparral Blvd SE to Glenmore Tr SE,9,2026-09-02T07:24:04.000
2026-09-02T13:42:12.608Z,Stoney Trail,EB Stoney Tr: Harvest Hills Blvd NW to 16 Ave NE,14,2026-09-02T07:24:04.000
2026-09-02T13:42:12.608Z,Stoney Trail,EB Stoney Tr: Harvest Hills Blvd NW to Glenmore Tr SE,24,2026-09-02T07:24:04.000
2026-09-02T13:42:12.608Z,Stoney Trail,EB Stoney W : Sarcee Tr NW to 16 Ave NE,18,2026-09-02T07:24:04.000
2026-09-02T13:42:12.608Z,Stoney Trail,EB Stoney W : Sarcee Tr NW to Deerfoot Tr N,7,2026-09-02T07:24:04.000
2026-09-02T13:42:12.608Z,Stoney Trail,NB Stoney Tr: 114 Ave SE to 16 Ave NE,8,2026-09-02T07:24:04.000
2026-09-02T13:42:12.608Z,Stoney Trail,NB Stoney Tr: 114 Ave SE to Deerfoot Tr NE,18,2026-09-02T07:24:04.000
2026-09-02T13:42:12.608Z,Stoney Trail,NB Stoney Tr: McKnight Blvd NE to Crowchild Tr NW,20,2026-09-02T07:24:04.000
2026-09-02T13:42:12.608Z,Stoney Trail,NB Stoney Tr: McKnight Blvd NE to Deerfoot Tr N,8,2026-09-02T07:24:04.000
2026-09-02T13:42:12.608Z,Stoney Trail,NB Stoney Tr: Peigan Tr SE to Deerfoot Tr NE,14,2026-09-02T07:24:04.000
2026-09-02T13:42:12.608Z,Stoney Trail,NB Stoney Tr: Peigan Tr SE to McKnight Blvd NE,6,2026-09-02T07:24:04.000
2026-09-02T13:42:12.608Z,Stoney Trail,SB Deerfoot Tr: Balzac  to Stoney Tr SE via Stoney Tr,31,2026-09-02T07:24:04.000
2026-09-02T13:42:12.608Z,Stoney Trail,SB Stoney Tr: Mcknight Blvd NE to Deerfoot Tr S,19,2026-09-02T07:24:04.000
2026-09-02T13:42:12.608Z,Stoney Trail,SB Stoney Tr: Mcknight Blvd NE to Glenmore Tr SE,12,2026-09-02T07:24:04.000
2026-09-02T13:42:12.608Z,Stoney Trail,SB Stoney Tr: Peigan Tr SE to 52 St SE,9,2026-09-02T07:24:04.000
2026-09-02T13:42:12.608Z,Stoney Trail,SB Stoney Tr: Peigan Tr SE to Macleod Tr SE,13,2026-09-02T07:24:04.000
2026-09-02T13:42:12.608Z,Stoney Trail,WB Stoney Tr: 52 St SE to James Mckevitt Rd SW,7,2026-09-02T07:24:04.000
2026-09-02T13:42:12.608Z,Stoney Trail,WB Stoney Tr: 52 St SE to Macleod Tr SE,5,2026-09-02T07:24:04.000
2026-09-02T13:42:12.608Z,Stoney Trail,WB Stoney Tr: Country Hills Blvd NW to 16 Ave NW,5,2026-09-02T07:24:04.000
2026-09-02T13:42:12.608Z,Stoney Trail,WB Stoney Tr: Deerfoot Tr NW to 16 Ave NW,13,2026-09-02T07:24:04.000
2026-09-02T13:42:12.608Z,Stoney Trail,WB Stoney Tr: Deerfoot Tr NW to Crowchild Tr NW,10,2026-09-02T07:24:04.000
2026-09-02T13:42:12.608Z,Trans Canada Highway,WB Trans Canada Hwy: Hwy 22 to Banff,52,2026-09-02T07:24:04.000
2026-09-02T13:42:12.608Z,Trans Canada Highway,WB Trans Canada Hwy: Hwy 22 to Kananaskis Village,43,2026-09-02T07:24:04.000
2026-09-02T17:32:29.658Z,16 Avenue,WB 16 Ave: Stoney Tr NE to Valley Ridge Bv NW via 16 Ave,32,2026-09-02T11:24:05.000
2026-09-02T17:32:29.658Z,16 Avenue,WB 16 Ave: Stoney Tr NE to Valley Ridge Bv Via Stoney Tr,27,2026-09-02T11:24:05.000
2026-09-02T17:32:29.658Z,Crowchild Trail,NB Crowchild Tr: 50 Ave SW to 24 Ave NW,7,2026-09-02T11:24:05.000
2026-09-02T17:32:29.658Z,Crowchild Trail,NB Crowchild Tr: 50 Ave SW to Memorial Dr NW,4,2026-09-02T11:24:05.000
2026-09-02T17:32:29.658Z,Crowchild Trail,NB Crowchild Tr: Glenmore Tr SW to 24 Ave NW,9,2026-09-02T11:24:05.000
2026-09-02T17:32:29.658Z,Crowchild Trail,SB Crowchild Tr: 12 Mile Coulee Rd NW to Glenmore Tr SW,17,2026-09-02T11:24:05.000
2026-09-02T17:32:29.658Z,Crowchild Trail,SB Crowchild Tr: 12 Mile Coulee Rd NW to Memorial Dr NW,12,2026-09-02T11:24:05.000
2026-09-02T17:32:29.658Z,Crowchild Trail,SB Crowchild Tr: 24 Ave NW to 17 Ave SW,6,2026-09-02T11:24:05.000
2026-09-02T17:32:29.658Z,Crowchild Trail,SB Crowchild Tr: 24 Ave NW to Glenmore Tr SW,10,2026-09-02T11:24:05.000
2026-09-02T17:32:29.658Z,Crowchild Trail,SB Crowchild Tr: 33 Ave SW to Deerfoot Tr SE,8,2026-09-02T11:24:05.000
2026-09-02T17:32:29.658Z,Crowchild Trail,SB Crowchild Tr: 33 Ave SW to Glenmore Tr SW,4,2026-09-02T11:24:05.000
2026-09-02T17:32:29.658Z,Deerfoot Trail,NB Deerfoot Tr: 17 Ave SE to Airport Tr NE,9,2026-09-02T11:24:05.000
2026-09-02T17:32:29.658Z,Deerfoot Trail,NB Deerfoot Tr: 17 Ave SE to Stoney Tr NE,12,2026-09-02T11:24:05.000
2026-09-02T17:32:29.658Z,Deerfoot Trail,NB Deerfoot Tr: 274 Ave S to City Centre via Deerfoot Tr,29,2026-09-02T11:24:05.000
2026-09-02T17:32:29.658Z,Deerfoot Trail,NB Deerfoot Tr: 32 Ave NE to Airport Tr NE,4,2026-09-02T11:24:05.000
2026-09-02T17:32:29.658Z,Deerfoot Trail,NB Deerfoot Tr: 32 Ave NE to Stoney Tr NE,7,2026-09-02T11:24:05.000
2026-09-02T17:32:29.658Z,Deerfoot Trail,NB Deerfoot Tr: 8 Ave NE to Airport Tr NE,7,2026-09-02T11:24:05.000
2026-09-02T17:32:29.658Z,Deerfoot Trail,NB Deerfoot Tr: 8 Ave NE to Stoney Tr NE,9,2026-09-02T11:24:05.000
2026-09-02T17:32:29.658Z,Deerfoot Trail,NB Deerfoot Tr: Anderson Rd SE to Airport Tr NE,17,2026-09-02T11:24:05.000
2026-09-02T17:32:29.658Z,Deerfoot Trail,NB Deerfoot Tr: Anderson Rd SE to Memorial Dr SE,10,2026-09-02T11:24:05.000
2026-09-02T17:32:29.658Z,Deerfoot Trail,NB Deerfoot Tr: Cranston Ave SE to Memorial Dr SE,19,2026-09-02T11:24:05.000
2026-09-02T17:32:29.658Z,Deerfoot Trail,NB Deerfoot Tr: Cranston Ave SE to Southland Dr SE,11,2026-09-02T11:24:05.000
2026-09-02T17:32:29.658Z,Deerfoot Trail,NB Deerfoot Tr: Glenmore Tr SE to Airport Tr NE,12,2026-09-02T11:24:05.000
2026-09-02T17:32:29.658Z,Deerfoot Trail,NB Deerfoot Tr: Glenmore Tr SE to Memorial Dr SE,5,2026-09-02T11:24:05.000
2026-09-02T17:32:29.658Z,Deerfoot Trail,NB Deerfoot Tr: Glenmore Tr SE to Stoney Tr NE,14,2026-09-02T11:24:05.000
2026-09-02T17:32:29.658Z,Deerfoot Trail,SB Deerfoot Tr: 17 Ave SE to Anderson Rd SE,9,2026-09-02T11:24:05.000
2026-09-02T17:32:29.658Z,Deerfoot Trail,SB Deerfoot Tr: 17 Ave SE to Stoney Tr SE,14,2026-09-02T11:24:05.000
2026-09-02T17:32:29.658Z,Deerfoot Trail,SB Deerfoot Tr: 64 Ave NE to Anderson Rd SE,14,2026-09-02T11:24:05.000
2026-09-02T17:32:29.658Z,Deerfoot Trail,SB Deerfoot Tr: 64 Ave NE to Memorial Dr SE,5,2026-09-02T11:24:05.000
2026-09-02T17:32:29.658Z,Deerfoot Trail,SB Deerfoot Tr: 8 Ave SE to Glenmore Tr SE,6,2026-09-02T11:24:05.000
2026-09-02T17:32:29.658Z,Deerfoot Trail,SB Deerfoot Tr: 8 Ave SE to Stoney Tr SE,15,2026-09-02T11:24:05.000
2026-09-02T17:32:29.658Z,Deerfoot Trail,SB Deerfoot Tr: Airport Tr NE to Anderson Rd SE,16,2026-09-02T11:24:05.000
2026-09-02T17:32:29.658Z,Deerfoot Trail,SB Deerfoot Tr: Airport Tr NE to Memorial Dr SE,7,2026-09-02T11:24:05.000
2026-09-02T17:32:29.658Z,Deerfoot Trail,SB Deerfoot Tr: Balzac  to Stoney Tr SE via Deerfoot Tr,26,2026-09-02T11:24:05.000
2026-09-02T17:32:29.658Z,Deerfoot Trail,SB Deerfoot Tr: Peigan Tr SE to Anderson Rd SE,7,2026-09-02T11:24:05.000
2026-09-02T17:32:29.658Z,Deerfoot Trail,SB Deerfoot Tr: Peigan Tr SE to Stoney Tr SE,12,2026-09-02T11:24:05.000
2026-09-02T17:32:29.658Z,Glenmore Trail,EB Glenmore Tr: Crowchild Tr SW to Deerfoot Tr SE,6,2026-09-02T11:24:05.000
2026-09-02T17:32:29.658Z,Glenmore Trail,WB Glenmore Tr: Odgen Rd SE to Bow Trail SW,11,2026-09-02T11:24:05.000
2026-09-02T17:32:29.658Z,Glenmore Trail,WB Glenmore Tr: Odgen Rd SE to Crowchild Tr SW,8,2026-09-02T11:24:05.000
2026-09-02T17:32:29.658Z,Macleod Trail,NB Macleod Tr: 274 Ave S to City Centre via Macleod Tr,34,2026-09-02T11:24:05.000
2026-09-02T17:32:29.658Z,Macleod Trail,NB Macleod Tr: Anderson Rd SE to 7 Av SE,19,2026-09-02T11:24:05.000
2026-09-02T17:32:29.658Z,Macleod Trail,NB Macleod Tr: Anderson Rd SE to Blackfoot Tr SW,28,2026-09-02T11:24:05.000
2026-09-02T17:32:29.658Z,Macleod Trail,NB Macleod Tr: Anderson Rd SE to Crowchild Tr SW,12,2026-09-02T11:24:05.000
2026-09-02T17:32:29.658Z,Macleod Trail,NB Macleod Tr: N of 25 Ave S to City Centre,3,2026-09-02T11:24:05.000
2026-09-02T17:32:29.658Z,Stoney Trail,EB Stoney Tr: Chaparral Blvd SE to 16 Ave NE,15,2026-09-02T11:24:05.000
2026-09-02T17:32:29.658Z,Stoney Trail,EB Stoney Tr: Chaparral Blvd SE to Glenmore Tr SE,10,2026-09-02T11:24:05.000
2026-09-02T17:32:29.658Z,Stoney Trail,EB Stoney Tr: Harvest Hills Blvd NW to 16 Ave NE,14,2026-09-02T11:24:05.000
2026-09-02T17:32:29.658Z,Stoney Trail,EB Stoney Tr: Harvest Hills Blvd NW to Glenmore Tr SE,20,2026-09-02T11:24:05.000
2026-09-02T17:32:29.658Z,Stoney Trail,EB Stoney W : Sarcee Tr NW to 16 Ave NE,18,2026-09-02T11:24:05.000
2026-09-02T17:32:29.658Z,Stoney Trail,EB Stoney W : Sarcee Tr NW to Deerfoot Tr N,8,2026-09-02T11:24:05.000
2026-09-02T17:32:29.658Z,Stoney Trail,NB Stoney Tr: 114 Ave SE to 16 Ave NE,8,2026-09-02T11:24:05.000
2026-09-02T17:32:29.658Z,Stoney Trail,NB Stoney Tr: 114 Ave SE to Deerfoot Tr NE,19,2026-09-02T11:24:05.000
2026-09-02T17:32:29.658Z,Stoney Trail,NB Stoney Tr: McKnight Blvd NE to Crowchild Tr NW,20,2026-09-02T11:24:05.000
2026-09-02T17:32:29.658Z,Stoney Trail,NB Stoney Tr: McKnight Blvd NE to Deerfoot Tr N,9,2026-09-02T11:24:05.000
2026-09-02T17:32:29.658Z,Stoney Trail,NB Stoney Tr: Peigan Tr SE to Deerfoot Tr NE,14,2026-09-02T11:24:05.000
2026-09-02T17:32:29.658Z,Stoney Trail,NB Stoney Tr: Peigan Tr SE to McKnight Blvd NE,6,2026-09-02T11:24:05.000
2026-09-02T17:32:29.658Z,Stoney Trail,SB Deerfoot Tr: Balzac  to Stoney Tr SE via Stoney Tr,27,2026-09-02T11:24:05.000
2026-09-02T17:32:29.658Z,Stoney Trail,SB Stoney Tr: Mcknight Blvd NE to Deerfoot Tr S,15,2026-09-02T11:24:05.000
2026-09-02T17:32:29.658Z,Stoney Trail,SB Stoney Tr: Mcknight Blvd NE to Glenmore Tr SE,8,2026-09-02T11:24:05.000
2026-09-02T17:32:29.658Z,Stoney Trail,SB Stoney Tr: Peigan Tr SE to 52 St SE,9,2026-09-02T11:24:05.000
2026-09-02T17:32:29.658Z,Stoney Trail,SB Stoney Tr: Peigan Tr SE to Macleod Tr SE,14,2026-09-02T11:24:05.000
2026-09-02T17:32:29.658Z,Stoney Trail,WB Stoney Tr: 52 St SE to James Mckevitt Rd SW,7,2026-09-02T11:24:05.000
2026-09-02T17:32:29.658Z,Stoney Trail,WB Stoney Tr: 52 St SE to Macleod Tr SE,5,2026-09-02T11:24:05.000
2026-09-02T17:32:29.658Z,Stoney Trail,WB Stoney Tr: Country Hills Blvd NW to 16 Ave NW,5,2026-09-02T11:24:05.000
2026-09-02T17:32:29.658Z,Stoney Trail,WB Stoney Tr: Deerfoot Tr NW to 16 Ave NW,12,2026-09-02T11:24:05.000
2026-09-02T17:32:29.658Z,Stoney Trail,WB Stoney Tr: Deerfoot Tr NW to Crowchild Tr NW,9,2026-09-02T11:24:05.000
2026-09-02T17:32:29.658Z,Trans Canada Highway,WB Trans Canada Hwy: Hwy 22 to Banff,52,2026-09-02T11:24:05.000
2026-09-02T17:32:29.658Z,Trans Canada Highway,WB Trans Canada Hwy: Hwy 22 to Kananaskis Village,44,2026-09-02T11:24:05.000
2026-09-02T20:04:51.174Z,16 Avenue,WB 16 Ave: Stoney Tr NE to Valley Ridge Bv NW via 16 Ave,35,2026-09-02T13:44:04.000
2026-09-02T20:04:51.174Z,16 Avenue,WB 16 Ave: Stoney Tr NE to Valley Ridge Bv Via Stoney Tr,27,2026-09-02T13:44:04.000
2026-09-02T20:04:51.174Z,Crowchild Trail,NB Crowchild Tr: 50 Ave SW to 24 Ave NW,8,2026-09-02T13:44:04.000
2026-09-02T20:04:51.174Z,Crowchild Trail,NB Crowchild Tr: 50 Ave SW to Memorial Dr NW,4,2026-09-02T13:44:04.000
2026-09-02T20:04:51.174Z,Crowchild Trail,NB Crowchild Tr: Glenmore Tr SW to 24 Ave NW,10,2026-09-02T13:44:04.000
2026-09-02T20:04:51.174Z,Crowchild Trail,SB Crowchild Tr: 12 Mile Coulee Rd NW to Glenmore Tr SW,18,2026-09-02T13:44:04.000
2026-09-02T20:04:51.174Z,Crowchild Trail,SB Crowchild Tr: 12 Mile Coulee Rd NW to Memorial Dr NW,14,2026-09-02T13:44:04.000
2026-09-02T20:04:51.174Z,Crowchild Trail,SB Crowchild Tr: 24 Ave NW to 17 Ave SW,6,2026-09-02T13:44:04.000
2026-09-02T20:04:51.174Z,Crowchild Trail,SB Crowchild Tr: 24 Ave NW to Glenmore Tr SW,10,2026-09-02T13:44:04.000
2026-09-02T20:04:51.174Z,Crowchild Trail,SB Crowchild Tr: 33 Ave SW to Deerfoot Tr SE,8,2026-09-02T13:44:04.000
2026-09-02T20:04:51.174Z,Crowchild Trail,SB Crowchild Tr: 33 Ave SW to Glenmore Tr SW,4,2026-09-02T13:44:04.000
2026-09-02T20:04:51.174Z,Deerfoot Trail,NB Deerfoot Tr: 17 Ave SE to Airport Tr NE,9,2026-09-02T13:44:04.000
2026-09-02T20:04:51.174Z,Deerfoot Trail,NB Deerfoot Tr: 17 Ave SE to Stoney Tr NE,11,2026-09-02T13:44:04.000
2026-09-02T20:04:51.174Z,Deerfoot Trail,NB Deerfoot Tr: 274 Ave S to City Centre via Deerfoot Tr,29,2026-09-02T13:44:04.000
2026-09-02T20:04:51.174Z,Deerfoot Trail,NB Deerfoot Tr: 32 Ave NE to Airport Tr NE,4,2026-09-02T13:44:04.000
2026-09-02T20:04:51.174Z,Deerfoot Trail,NB Deerfoot Tr: 32 Ave NE to Stoney Tr NE,7,2026-09-02T13:44:04.000
2026-09-02T20:04:51.174Z,Deerfoot Trail,NB Deerfoot Tr: 8 Ave NE to Airport Tr NE,6,2026-09-02T13:44:04.000
2026-09-02T20:04:51.174Z,Deerfoot Trail,NB Deerfoot Tr: 8 Ave NE to Stoney Tr NE,9,2026-09-02T13:44:04.000
2026-09-02T20:04:51.174Z,Deerfoot Trail,NB Deerfoot Tr: Anderson Rd SE to Airport Tr NE,16,2026-09-02T13:44:04.000
2026-09-02T20:04:51.174Z,Deerfoot Trail,NB Deerfoot Tr: Anderson Rd SE to Memorial Dr SE,10,2026-09-02T13:44:04.000
2026-09-02T20:04:51.174Z,Deerfoot Trail,NB Deerfoot Tr: Cranston Ave SE to Memorial Dr SE,18,2026-09-02T13:44:04.000
2026-09-02T20:04:51.174Z,Deerfoot Trail,NB Deerfoot Tr: Cranston Ave SE to Southland Dr SE,10,2026-09-02T13:44:04.000
2026-09-02T20:04:51.174Z,Deerfoot Trail,NB Deerfoot Tr: Glenmore Tr SE to Airport Tr NE,11,2026-09-02T13:44:04.000
2026-09-02T20:04:51.174Z,Deerfoot Trail,NB Deerfoot Tr: Glenmore Tr SE to Memorial Dr SE,5,2026-09-02T13:44:04.000
2026-09-02T20:04:51.174Z,Deerfoot Trail,NB Deerfoot Tr: Glenmore Tr SE to Stoney Tr NE,14,2026-09-02T13:44:04.000
2026-09-02T20:04:51.174Z,Deerfoot Trail,SB Deerfoot Tr: 17 Ave SE to Anderson Rd SE,9,2026-09-02T13:44:04.000
2026-09-02T20:04:51.174Z,Deerfoot Trail,SB Deerfoot Tr: 17 Ave SE to Stoney Tr SE,14,2026-09-02T13:44:04.000
2026-09-02T20:04:51.174Z,Deerfoot Trail,SB Deerfoot Tr: 64 Ave NE to Anderson Rd SE,14,2026-09-02T13:44:04.000
2026-09-02T20:04:51.174Z,Deerfoot Trail,SB Deerfoot Tr: 64 Ave NE to Memorial Dr SE,5,2026-09-02T13:44:04.000
2026-09-02T20:04:51.174Z,Deerfoot Trail,SB Deerfoot Tr: 8 Ave SE to Glenmore Tr SE,6,2026-09-02T13:44:04.000
2026-09-02T20:04:51.174Z,Deerfoot Trail,SB Deerfoot Tr: 8 Ave SE to Stoney Tr SE,15,2026-09-02T13:44:04.000
2026-09-02T20:04:51.174Z,Deerfoot Trail,SB Deerfoot Tr: Airport Tr NE to Anderson Rd SE,16,2026-09-02T13:44:04.000
2026-09-02T20:04:51.174Z,Deerfoot Trail,SB Deerfoot Tr: Airport Tr NE to Memorial Dr SE,7,2026-09-02T13:44:04.000
2026-09-02T20:04:51.174Z,Deerfoot Trail,SB Deerfoot Tr: Balzac  to Stoney Tr SE via Deerfoot Tr,25,2026-09-02T13:44:04.000
2026-09-02T20:04:51.174Z,Deerfoot Trail,SB Deerfoot Tr: Peigan Tr SE to Anderson Rd SE,7,2026-09-02T13:44:04.000
2026-09-02T20:04:51.174Z,Deerfoot Trail,SB Deerfoot Tr: Peigan Tr SE to Stoney Tr SE,12,2026-09-02T13:44:04.000
2026-09-02T20:04:51.174Z,Glenmore Trail,EB Glenmore Tr: Crowchild Tr SW to Deerfoot Tr SE,6,2026-09-02T13:44:04.000
2026-09-02T20:04:51.174Z,Glenmore Trail,WB Glenmore Tr: Odgen Rd SE to Bow Trail SW,11,2026-09-02T13:44:04.000
2026-09-02T20:04:51.174Z,Glenmore Trail,WB Glenmore Tr: Odgen Rd SE to Crowchild Tr SW,8,2026-09-02T13:44:04.000
2026-09-02T20:04:51.174Z,Macleod Trail,NB Macleod Tr: 274 Ave S to City Centre via Macleod Tr,31,2026-09-02T13:44:04.000
2026-09-02T20:04:51.174Z,Macleod Trail,NB Macleod Tr: Anderson Rd SE to 7 Av SE,18,2026-09-02T13:44:04.000
2026-09-02T20:04:51.174Z,Macleod Trail,NB Macleod Tr: Anderson Rd SE to Blackfoot Tr SW,28,2026-09-02T13:44:04.000
2026-09-02T20:04:51.174Z,Macleod Trail,NB Macleod Tr: Anderson Rd SE to Crowchild Tr SW,11,2026-09-02T13:44:04.000
2026-09-02T20:04:51.174Z,Macleod Trail,NB Macleod Tr: N of 25 Ave S to City Centre,3,2026-09-02T13:44:04.000
2026-09-02T20:04:51.174Z,Stoney Trail,EB Stoney Tr: Chaparral Blvd SE to 16 Ave NE,15,2026-09-02T13:44:04.000
2026-09-02T20:04:51.174Z,Stoney Trail,EB Stoney Tr: Chaparral Blvd SE to Glenmore Tr SE,9,2026-09-02T13:44:04.000
2026-09-02T20:04:51.174Z,Stoney Trail,EB Stoney Tr: Harvest Hills Blvd NW to 16 Ave NE,14,2026-09-02T13:44:04.000
2026-09-02T20:04:51.174Z,Stoney Trail,EB Stoney Tr: Harvest Hills Blvd NW to Glenmore Tr SE,19,2026-09-02T13:44:04.000
2026-09-02T20:04:51.174Z,Stoney Trail,EB Stoney W : Sarcee Tr NW to 16 Ave NE,18,2026-09-02T13:44:04.000
2026-09-02T20:04:51.174Z,Stoney Trail,EB Stoney W : Sarcee Tr NW to Deerfoot Tr N,7,2026-09-02T13:44:04.000
2026-09-02T20:04:51.174Z,Stoney Trail,NB Stoney Tr: 114 Ave SE to 16 Ave NE,8,2026-09-02T13:44:04.000
2026-09-02T20:04:51.174Z,Stoney Trail,NB Stoney Tr: 114 Ave SE to Deerfoot Tr NE,19,2026-09-02T13:44:04.000
2026-09-02T20:04:51.174Z,Stoney Trail,NB Stoney Tr: McKnight Blvd NE to Crowchild Tr NW,20,2026-09-02T13:44:04.000
2026-09-02T20:04:51.174Z,Stoney Trail,NB Stoney Tr: McKnight Blvd NE to Deerfoot Tr N,9,2026-09-02T13:44:04.000
2026-09-02T20:04:51.174Z,Stoney Trail,NB Stoney Tr: Peigan Tr SE to Deerfoot Tr NE,14,2026-09-02T13:44:04.000
2026-09-02T20:04:51.174Z,Stoney Trail,NB Stoney Tr: Peigan Tr SE to McKnight Blvd NE,6,2026-09-02T13:44:04.000
2026-09-02T20:04:51.174Z,Stoney Trail,SB Deerfoot Tr: Balzac  to Stoney Tr SE via Stoney Tr,26,2026-09-02T13:44:04.000
2026-09-02T20:04:51.174Z,Stoney Trail,SB Stoney Tr: Mcknight Blvd NE to Deerfoot Tr S,14,2026-09-02T13:44:04.000
2026-09-02T20:04:51.174Z,Stoney Trail,SB Stoney Tr: Mcknight Blvd NE to Glenmore Tr SE,7,2026-09-02T13:44:04.000
2026-09-02T20:04:51.174Z,Stoney Trail,SB Stoney Tr: Peigan Tr SE to 52 St SE,8,2026-09-02T13:44:04.000
2026-09-02T20:04:51.174Z,Stoney Trail,SB Stoney Tr: Peigan Tr SE to Macleod Tr SE,13,2026-09-02T13:44:04.000
2026-09-02T20:04:51.174Z,Stoney Trail,WB Stoney Tr: 52 St SE to James Mckevitt Rd SW,7,2026-09-02T13:44:04.000
2026-09-02T20:04:51.174Z,Stoney Trail,WB Stoney Tr: 52 St SE to Macleod Tr SE,5,2026-09-02T13:44:04.000
2026-09-02T20:04:51.174Z,Stoney Trail,WB Stoney Tr: Country Hills Blvd NW to 16 Ave NW,5,2026-09-02T13:44:04.000
2026-09-02T20:04:51.174Z,Stoney Trail,WB Stoney Tr: Deerfoot Tr NW to 16 Ave NW,13,2026-09-02T13:44:04.000
2026-09-02T20:04:51.174Z,Stoney Trail,WB Stoney Tr: Deerfoot Tr NW to Crowchild Tr NW,9,2026-09-02T13:44:04.000
2026-09-02T20:04:51.174Z,Trans Canada Highway,WB Trans Canada Hwy: Hwy 22 to Banff,53,2026-09-02T13:44:04.000
2026-09-02T20:04:51.174Z,Trans Canada Highway,WB Trans Canada Hwy: Hwy 22 to Kananaskis Village,43,2026-09-02T13:44:04.000
2026-09-02T22:40:41.616Z,16 Avenue,WB 16 Ave: Stoney Tr NE to Valley Ridge Bv NW via 16 Ave,39,2026-09-02T16:24:04.000
2026-09-02T22:40:41.616Z,16 Avenue,WB 16 Ave: Stoney Tr NE to Valley Ridge Bv Via Stoney Tr,27,2026-09-02T16:24:04.000
2026-09-02T22:40:41.616Z,Crowchild Trail,NB Crowchild Tr: 50 Ave SW to 24 Ave NW,12,2026-09-02T16:24:04.000
2026-09-02T22:40:41.616Z,Crowchild Trail,NB Crowchild Tr: 50 Ave SW to Memorial Dr NW,5,2026-09-02T16:24:04.000
2026-09-02T22:40:41.616Z,Crowchild Trail,NB Crowchild Tr: Glenmore Tr SW to 24 Ave NW,14,2026-09-02T16:24:04.000
2026-09-02T22:40:41.616Z,Crowchild Trail,SB Crowchild Tr: 12 Mile Coulee Rd NW to Glenmore Tr SW,19,2026-09-02T16:24:04.000
2026-09-02T22:40:41.616Z,Crowchild Trail,SB Crowchild Tr: 12 Mile Coulee Rd NW to Memorial Dr NW,13,2026-09-02T16:24:04.000
2026-09-02T22:40:41.616Z,Crowchild Trail,SB Crowchild Tr: 24 Ave NW to 17 Ave SW,6,2026-09-02T16:24:04.000
2026-09-02T22:40:41.616Z,Crowchild Trail,SB Crowchild Tr: 24 Ave NW to Glenmore Tr SW,11,2026-09-02T16:24:04.000
2026-09-02T22:40:41.616Z,Crowchild Trail,SB Crowchild Tr: 33 Ave SW to Deerfoot Tr SE,16,2026-09-02T16:24:04.000
2026-09-02T22:40:41.616Z,Crowchild Trail,SB Crowchild Tr: 33 Ave SW to Glenmore Tr SW,5,2026-09-02T16:24:04.000
2026-09-02T22:40:41.616Z,Deerfoot Trail,NB Deerfoot Tr: 17 Ave SE to Airport Tr NE,15,2026-09-02T16:24:04.000
2026-09-02T22:40:41.616Z,Deerfoot Trail,NB Deerfoot Tr: 17 Ave SE to Stoney Tr NE,19,2026-09-02T16:24:04.000
2026-09-02T22:40:41.616Z,Deerfoot Trail,NB Deerfoot Tr: 274 Ave S to City Centre via Deerfoot Tr,33,2026-09-02T16:24:04.000
2026-09-02T22:40:41.616Z,Deerfoot Trail,NB Deerfoot Tr: 32 Ave NE to Airport Tr NE,8,2026-09-02T16:24:04.000
2026-09-02T22:40:41.616Z,Deerfoot Trail,NB Deerfoot Tr: 32 Ave NE to Stoney Tr NE,12,2026-09-02T16:24:04.000
2026-09-02T22:40:41.616Z,Deerfoot Trail,NB Deerfoot Tr: 8 Ave NE to Airport Tr NE,11,2026-09-02T16:24:04.000
2026-09-02T22:40:41.616Z,Deerfoot Trail,NB Deerfoot Tr: 8 Ave NE to Stoney Tr NE,14,2026-09-02T16:24:04.000
2026-09-02T22:40:41.616Z,Deerfoot Trail,NB Deerfoot Tr: Anderson Rd SE to Airport Tr NE,24,2026-09-02T16:24:04.000
2026-09-02T22:40:41.616Z,Deerfoot Trail,NB Deerfoot Tr: Anderson Rd SE to Memorial Dr SE,12,2026-09-02T16:24:04.000
2026-09-02T22:40:41.616Z,Deerfoot Trail,NB Deerfoot Tr: Cranston Ave SE to Memorial Dr SE,21,2026-09-02T16:24:04.000
2026-09-02T22:40:41.616Z,Deerfoot Trail,NB Deerfoot Tr: Cranston Ave SE to Southland Dr SE,11,2026-09-02T16:24:04.000
2026-09-02T22:40:41.616Z,Deerfoot Trail,NB Deerfoot Tr: Glenmore Tr SE to Airport Tr NE,18,2026-09-02T16:24:04.000
2026-09-02T22:40:41.616Z,Deerfoot Trail,NB Deerfoot Tr: Glenmore Tr SE to Memorial Dr SE,7,2026-09-02T16:24:04.000
2026-09-02T22:40:41.616Z,Deerfoot Trail,NB Deerfoot Tr: Glenmore Tr SE to Stoney Tr NE,21,2026-09-02T16:24:04.000
2026-09-02T22:40:41.616Z,Deerfoot Trail,SB Deerfoot Tr: 17 Ave SE to Anderson Rd SE,14,2026-09-02T16:24:04.000
2026-09-02T22:40:41.616Z,Deerfoot Trail,SB Deerfoot Tr: 17 Ave SE to Stoney Tr SE,18,2026-09-02T16:24:04.000
2026-09-02T22:40:41.616Z,Deerfoot Trail,SB Deerfoot Tr: 64 Ave NE to Anderson Rd SE,19,2026-09-02T16:24:04.000
2026-09-02T22:40:41.616Z,Deerfoot Trail,SB Deerfoot Tr: 64 Ave NE to Memorial Dr SE,5,2026-09-02T16:24:04.000
2026-09-02T22:40:41.616Z,Deerfoot Trail,SB Deerfoot Tr: 8 Ave SE to Glenmore Tr SE,8,2026-09-02T16:24:04.000
2026-09-02T22:40:41.616Z,Deerfoot Trail,SB Deerfoot Tr: 8 Ave SE to Stoney Tr SE,20,2026-09-02T16:24:04.000
2026-09-02T22:40:41.616Z,Deerfoot Trail,SB Deerfoot Tr: Airport Tr NE to Anderson Rd SE,21,2026-09-02T16:24:04.000
2026-09-02T22:40:41.616Z,Deerfoot Trail,SB Deerfoot Tr: Airport Tr NE to Memorial Dr SE,7,2026-09-02T16:24:04.000
2026-09-02T22:40:41.616Z,Deerfoot Trail,SB Deerfoot Tr: Balzac  to Stoney Tr SE via Deerfoot Tr,31,2026-09-02T16:24:04.000
2026-09-02T22:40:41.616Z,Deerfoot Trail,SB Deerfoot Tr: Peigan Tr SE to Anderson Rd SE,12,2026-09-02T16:24:04.000
2026-09-02T22:40:41.616Z,Deerfoot Trail,SB Deerfoot Tr: Peigan Tr SE to Stoney Tr SE,17,2026-09-02T16:24:04.000
2026-09-02T22:40:41.616Z,Glenmore Trail,EB Glenmore Tr: Crowchild Tr SW to Deerfoot Tr SE,12,2026-09-02T16:24:04.000
2026-09-02T22:40:41.616Z,Glenmore Trail,WB Glenmore Tr: Odgen Rd SE to Bow Trail SW,17,2026-09-02T16:24:04.000
2026-09-02T22:40:41.616Z,Glenmore Trail,WB Glenmore Tr: Odgen Rd SE to Crowchild Tr SW,13,2026-09-02T16:24:04.000
2026-09-02T22:40:41.616Z,Macleod Trail,NB Macleod Tr: 274 Ave S to City Centre via Macleod Tr,34,2026-09-02T16:24:04.000
2026-09-02T22:40:41.616Z,Macleod Trail,NB Macleod Tr: Anderson Rd SE to 7 Av SE,20,2026-09-02T16:24:04.000
2026-09-02T22:40:41.616Z,Macleod Trail,NB Macleod Tr: Anderson Rd SE to Blackfoot Tr SW,29,2026-09-02T16:24:04.000
2026-09-02T22:40:41.616Z,Macleod Trail,NB Macleod Tr: Anderson Rd SE to Crowchild Tr SW,15,2026-09-02T16:24:04.000
2026-09-02T22:40:41.616Z,Macleod Trail,NB Macleod Tr: N of 25 Ave S to City Centre,3,2026-09-02T16:24:04.000
2026-09-02T22:40:41.616Z,Stoney Trail,EB Stoney Tr: Chaparral Blvd SE to 16 Ave NE,17,2026-09-02T16:24:04.000
2026-09-02T22:40:41.616Z,Stoney Trail,EB Stoney Tr: Chaparral Blvd SE to Glenmore Tr SE,11,2026-09-02T16:24:04.000
2026-09-02T22:40:41.616Z,Stoney Trail,EB Stoney Tr: Harvest Hills Blvd NW to 16 Ave NE,13,2026-09-02T16:24:04.000
2026-09-02T22:40:41.616Z,Stoney Trail,EB Stoney Tr: Harvest Hills Blvd NW to Glenmore Tr SE,19,2026-09-02T16:24:04.000
2026-09-02T22:40:41.616Z,Stoney Trail,EB Stoney W : Sarcee Tr NW to 16 Ave NE,18,2026-09-02T16:24:04.000
2026-09-02T22:40:41.616Z,Stoney Trail,EB Stoney W : Sarcee Tr NW to Deerfoot Tr N,8,2026-09-02T16:24:04.000
2026-09-02T22:40:41.616Z,Stoney Trail,NB Stoney Tr: 114 Ave SE to 16 Ave NE,8,2026-09-02T16:24:04.000
2026-09-02T22:40:41.616Z,Stoney Trail,NB Stoney Tr: 114 Ave SE to Deerfoot Tr NE,19,2026-09-02T16:24:04.000
2026-09-02T22:40:41.616Z,Stoney Trail,NB Stoney Tr: McKnight Blvd NE to Crowchild Tr NW,20,2026-09-02T16:24:04.000
2026-09-02T22:40:41.616Z,Stoney Trail,NB Stoney Tr: McKnight Blvd NE to Deerfoot Tr N,9,2026-09-02T16:24:04.000
2026-09-02T22:40:41.616Z,Stoney Trail,NB Stoney Tr: Peigan Tr SE to Deerfoot Tr NE,15,2026-09-02T16:24:04.000
2026-09-02T22:40:41.616Z,Stoney Trail,NB Stoney Tr: Peigan Tr SE to McKnight Blvd NE,6,2026-09-02T16:24:04.000
2026-09-02T22:40:41.616Z,Stoney Trail,SB Deerfoot Tr: Balzac  to Stoney Tr SE via Stoney Tr,25,2026-09-02T16:24:04.000
2026-09-02T22:40:41.616Z,Stoney Trail,SB Stoney Tr: Mcknight Blvd NE to Deerfoot Tr S,14,2026-09-02T16:24:04.000
2026-09-02T22:40:41.616Z,Stoney Trail,SB Stoney Tr: Mcknight Blvd NE to Glenmore Tr SE,7,2026-09-02T16:24:04.000
2026-09-02T22:40:41.616Z,Stoney Trail,SB Stoney Tr: Peigan Tr SE to 52 St SE,8,2026-09-02T16:24:04.000
2026-09-02T22:40:41.616Z,Stoney Trail,SB Stoney Tr: Peigan Tr SE to Macleod Tr SE,13,2026-09-02T16:24:04.000
2026-09-02T22:40:41.616Z,Stoney Trail,WB Stoney Tr: 52 St SE to James Mckevitt Rd SW,7,2026-09-02T16:24:04.000
2026-09-02T22:40:41.616Z,Stoney Trail,WB Stoney Tr: 52 St SE to Macleod Tr SE,5,2026-09-02T16:24:04.000
2026-09-02T22:40:41.616Z,Stoney Trail,WB Stoney Tr: Country Hills Blvd NW to 16 Ave NW,5,2026-09-02T16:24:04.000
2026-09-02T22:40:41.616Z,Stoney Trail,WB Stoney Tr: Deerfoot Tr NW to 16 Ave NW,13,2026-09-02T16:24:04.000
2026-09-02T22:40:41.616Z,Stoney Trail,WB Stoney Tr: Deerfoot Tr NW to Crowchild Tr NW,9,2026-09-02T16:24:04.000
2026-09-02T22:40:41.616Z,Trans Canada Highway,WB Trans Canada Hwy: Hwy 22 to Banff,54,2026-09-02T16:24:04.000
2026-09-02T22:40:41.616Z,Trans Canada Highway,WB Trans Canada Hwy: Hwy 22 to Kananaskis Village,43,2026-09-02T16:24:04.000
2026-09-03T00:53:52.017Z,16 Avenue,WB 16 Ave: Stoney Tr NE to Valley Ridge Bv NW via 16 Ave,33,2026-09-02T18:44:07.000
2026-09-03T00:53:52.017Z,16 Avenue,WB 16 Ave: Stoney Tr NE to Valley Ridge Bv Via Stoney Tr,27,2026-09-02T18:44:07.000
2026-09-03T00:53:52.017Z,Crowchild Trail,NB Crowchild Tr: 50 Ave SW to 24 Ave NW,7,2026-09-02T18:44:07.000
2026-09-03T00:53:52.017Z,Crowchild Trail,NB Crowchild Tr: 50 Ave SW to Memorial Dr NW,4,2026-09-02T18:44:07.000
2026-09-03T00:53:52.017Z,Crowchild Trail,NB Crowchild Tr: Glenmore Tr SW to 24 Ave NW,9,2026-09-02T18:44:07.000
2026-09-03T00:53:52.017Z,Crowchild Trail,SB Crowchild Tr: 12 Mile Coulee Rd NW to Glenmore Tr SW,19,2026-09-02T18:44:07.000
2026-09-03T00:53:52.017Z,Crowchild Trail,SB Crowchild Tr: 12 Mile Coulee Rd NW to Memorial Dr NW,13,2026-09-02T18:44:07.000
2026-09-03T00:53:52.017Z,Crowchild Trail,SB Crowchild Tr: 24 Ave NW to 17 Ave SW,6,2026-09-02T18:44:07.000
2026-09-03T00:53:52.017Z,Crowchild Trail,SB Crowchild Tr: 24 Ave NW to Glenmore Tr SW,11,2026-09-02T18:44:07.000
2026-09-03T00:53:52.017Z,Crowchild Trail,SB Crowchild Tr: 33 Ave SW to Deerfoot Tr SE,9,2026-09-02T18:44:07.000
2026-09-03T00:53:52.017Z,Crowchild Trail,SB Crowchild Tr: 33 Ave SW to Glenmore Tr SW,5,2026-09-02T18:44:07.000
2026-09-03T00:53:52.017Z,Deerfoot Trail,NB Deerfoot Tr: 17 Ave SE to Airport Tr NE,9,2026-09-02T18:44:07.000
2026-09-03T00:53:52.017Z,Deerfoot Trail,NB Deerfoot Tr: 17 Ave SE to Stoney Tr NE,12,2026-09-02T18:44:07.000
2026-09-03T00:53:52.017Z,Deerfoot Trail,NB Deerfoot Tr: 274 Ave S to City Centre via Deerfoot Tr,30,2026-09-02T18:44:07.000
2026-09-03T00:53:52.017Z,Deerfoot Trail,NB Deerfoot Tr: 32 Ave NE to Airport Tr NE,4,2026-09-02T18:44:07.000
2026-09-03T00:53:52.017Z,Deerfoot Trail,NB Deerfoot Tr: 32 Ave NE to Stoney Tr NE,7,2026-09-02T18:44:07.000
2026-09-03T00:53:52.017Z,Deerfoot Trail,NB Deerfoot Tr: 8 Ave NE to Airport Tr NE,7,2026-09-02T18:44:07.000
2026-09-03T00:53:52.017Z,Deerfoot Trail,NB Deerfoot Tr: 8 Ave NE to Stoney Tr NE,9,2026-09-02T18:44:07.000
2026-09-03T00:53:52.017Z,Deerfoot Trail,NB Deerfoot Tr: Anderson Rd SE to Airport Tr NE,16,2026-09-02T18:44:07.000
2026-09-03T00:53:52.017Z,Deerfoot Trail,NB Deerfoot Tr: Anderson Rd SE to Memorial Dr SE,10,2026-09-02T18:44:07.000
2026-09-03T00:53:52.017Z,Deerfoot Trail,NB Deerfoot Tr: Cranston Ave SE to Memorial Dr SE,18,2026-09-02T18:44:07.000
2026-09-03T00:53:52.017Z,Deerfoot Trail,NB Deerfoot Tr: Cranston Ave SE to Southland Dr SE,11,2026-09-02T18:44:07.000
2026-09-03T00:53:52.017Z,Deerfoot Trail,NB Deerfoot Tr: Glenmore Tr SE to Airport Tr NE,11,2026-09-02T18:44:07.000
2026-09-03T00:53:52.017Z,Deerfoot Trail,NB Deerfoot Tr: Glenmore Tr SE to Memorial Dr SE,5,2026-09-02T18:44:07.000
2026-09-03T00:53:52.017Z,Deerfoot Trail,NB Deerfoot Tr: Glenmore Tr SE to Stoney Tr NE,14,2026-09-02T18:44:07.000
2026-09-03T00:53:52.017Z,Deerfoot Trail,SB Deerfoot Tr: 17 Ave SE to Anderson Rd SE,9,2026-09-02T18:44:07.000
2026-09-03T00:53:52.017Z,Deerfoot Trail,SB Deerfoot Tr: 17 Ave SE to Stoney Tr SE,13,2026-09-02T18:44:07.000
2026-09-03T00:53:52.017Z,Deerfoot Trail,SB Deerfoot Tr: 64 Ave NE to Anderson Rd SE,14,2026-09-02T18:44:07.000
2026-09-03T00:53:52.017Z,Deerfoot Trail,SB Deerfoot Tr: 64 Ave NE to Memorial Dr SE,5,2026-09-02T18:44:07.000
2026-09-03T00:53:52.017Z,Deerfoot Trail,SB Deerfoot Tr: 8 Ave SE to Glenmore Tr SE,6,2026-09-02T18:44:07.000
2026-09-03T00:53:52.017Z,Deerfoot Trail,SB Deerfoot Tr: 8 Ave SE to Stoney Tr SE,15,2026-09-02T18:44:07.000
2026-09-03T00:53:52.017Z,Deerfoot Trail,SB Deerfoot Tr: Airport Tr NE to Anderson Rd SE,16,2026-09-02T18:44:07.000
2026-09-03T00:53:52.017Z,Deerfoot Trail,SB Deerfoot Tr: Airport Tr NE to Memorial Dr SE,7,2026-09-02T18:44:07.000
2026-09-03T00:53:52.017Z,Deerfoot Trail,SB Deerfoot Tr: Balzac  to Stoney Tr SE via Deerfoot Tr,25,2026-09-02T18:44:07.000
2026-09-03T00:53:52.017Z,Deerfoot Trail,SB Deerfoot Tr: Peigan Tr SE to Anderson Rd SE,7,2026-09-02T18:44:07.000
2026-09-03T00:53:52.017Z,Deerfoot Trail,SB Deerfoot Tr: Peigan Tr SE to Stoney Tr SE,12,2026-09-02T18:44:07.000
2026-09-03T00:53:52.017Z,Glenmore Trail,EB Glenmore Tr: Crowchild Tr SW to Deerfoot Tr SE,6,2026-09-02T18:44:07.000
2026-09-03T00:53:52.017Z,Glenmore Trail,WB Glenmore Tr: Odgen Rd SE to Bow Trail SW,11,2026-09-02T18:44:07.000
2026-09-03T00:53:52.017Z,Glenmore Trail,WB Glenmore Tr: Odgen Rd SE to Crowchild Tr SW,8,2026-09-02T18:44:07.000
2026-09-03T00:53:52.017Z,Macleod Trail,NB Macleod Tr: 274 Ave S to City Centre via Macleod Tr,30,2026-09-02T18:44:07.000
2026-09-03T00:53:52.017Z,Macleod Trail,NB Macleod Tr: Anderson Rd SE to 7 Av SE,16,2026-09-02T18:44:07.000
2026-09-03T00:53:52.017Z,Macleod Trail,NB Macleod Tr: Anderson Rd SE to Blackfoot Tr SW,25,2026-09-02T18:44:07.000
2026-09-03T00:53:52.017Z,Macleod Trail,NB Macleod Tr: Anderson Rd SE to Crowchild Tr SW,11,2026-09-02T18:44:07.000
2026-09-03T00:53:52.017Z,Macleod Trail,NB Macleod Tr: N of 25 Ave S to City Centre,3,2026-09-02T18:44:07.000
2026-09-03T00:53:52.017Z,Stoney Trail,EB Stoney Tr: Chaparral Blvd SE to 16 Ave NE,14,2026-09-02T18:44:07.000
2026-09-03T00:53:52.017Z,Stoney Trail,EB Stoney Tr: Chaparral Blvd SE to Glenmore Tr SE,9,2026-09-02T18:44:07.000
2026-09-03T00:53:52.017Z,Stoney Trail,EB Stoney Tr: Harvest Hills Blvd NW to 16 Ave NE,13,2026-09-02T18:44:07.000
2026-09-03T00:53:52.017Z,Stoney Trail,EB Stoney Tr: Harvest Hills Blvd NW to Glenmore Tr SE,18,2026-09-02T18:44:07.000
2026-09-03T00:53:52.017Z,Stoney Trail,EB Stoney W : Sarcee Tr NW to 16 Ave NE,17,2026-09-02T18:44:07.000
2026-09-03T00:53:52.017Z,Stoney Trail,EB Stoney W : Sarcee Tr NW to Deerfoot Tr N,7,2026-09-02T18:44:07.000
2026-09-03T00:53:52.017Z,Stoney Trail,NB Stoney Tr: 114 Ave SE to 16 Ave NE,7,2026-09-02T18:44:07.000
2026-09-03T00:53:52.017Z,Stoney Trail,NB Stoney Tr: 114 Ave SE to Deerfoot Tr NE,18,2026-09-02T18:44:07.000
2026-09-03T00:53:52.017Z,Stoney Trail,NB Stoney Tr: McKnight Blvd NE to Crowchild Tr NW,20,2026-09-02T18:44:07.000
2026-09-03T00:53:52.017Z,Stoney Trail,NB Stoney Tr: McKnight Blvd NE to Deerfoot Tr N,9,2026-09-02T18:44:07.000
2026-09-03T00:53:52.017Z,Stoney Trail,NB Stoney Tr: Peigan Tr SE to Deerfoot Tr NE,14,2026-09-02T18:44:07.000
2026-09-03T00:53:52.017Z,Stoney Trail,NB Stoney Tr: Peigan Tr SE to McKnight Blvd NE,6,2026-09-02T18:44:07.000
2026-09-03T00:53:52.017Z,Stoney Trail,SB Deerfoot Tr: Balzac  to Stoney Tr SE via Stoney Tr,25,2026-09-02T18:44:07.000
2026-09-03T00:53:52.017Z,Stoney Trail,SB Stoney Tr: Mcknight Blvd NE to Deerfoot Tr S,14,2026-09-02T18:44:07.000
2026-09-03T00:53:52.017Z,Stoney Trail,SB Stoney Tr: Mcknight Blvd NE to Glenmore Tr SE,7,2026-09-02T18:44:07.000
2026-09-03T00:53:52.017Z,Stoney Trail,SB Stoney Tr: Peigan Tr SE to 52 St SE,8,2026-09-02T18:44:07.000
2026-09-03T00:53:52.017Z,Stoney Trail,SB Stoney Tr: Peigan Tr SE to Macleod Tr SE,13,2026-09-02T18:44:07.000
2026-09-03T00:53:52.017Z,Stoney Trail,WB Stoney Tr: 52 St SE to James Mckevitt Rd SW,7,2026-09-02T18:44:07.000
2026-09-03T00:53:52.017Z,Stoney Trail,WB Stoney Tr: 52 St SE to Macleod Tr SE,5,2026-09-02T18:44:07.000
2026-09-03T00:53:52.017Z,Stoney Trail,WB Stoney Tr: Country Hills Blvd NW to 16 Ave NW,5,2026-09-02T18:44:07.000
2026-09-03T00:53:52.017Z,Stoney Trail,WB Stoney Tr: Deerfoot Tr NW to 16 Ave NW,13,2026-09-02T18:44:07.000
2026-09-03T00:53:52.017Z,Stoney Trail,WB Stoney Tr: Deerfoot Tr NW to Crowchild Tr NW,9,2026-09-02T18:44:07.000
2026-09-03T00:53:52.017Z,Trans Canada Highway,WB Trans Canada Hwy: Hwy 22 to Banff,56,2026-09-02T18:44:07.000
2026-09-03T00:53:52.017Z,Trans Canada Highway,WB Trans Canada Hwy: Hwy 22 to Kananaskis Village,44,2026-09-02T18:44:07.000
2026-09-03T05:23:58.900Z,16 Avenue,WB 16 Ave: Stoney Tr NE to Valley Ridge Bv NW via 16 Ave,30,2026-09-02T22:59:08.000
2026-09-03T05:23:58.900Z,16 Avenue,WB 16 Ave: Stoney Tr NE to Valley Ridge Bv Via Stoney Tr,26,2026-09-02T22:59:08.000
2026-09-03T05:23:58.900Z,Crowchild Trail,NB Crowchild Tr: 50 Ave SW to 24 Ave NW,7,2026-09-02T22:59:08.000
2026-09-03T05:23:58.900Z,Crowchild Trail,NB Crowchild Tr: 50 Ave SW to Memorial Dr NW,5,2026-09-02T22:59:08.000
2026-09-03T05:23:58.900Z,Crowchild Trail,NB Crowchild Tr: Glenmore Tr SW to 24 Ave NW,9,2026-09-02T22:59:08.000
2026-09-03T05:23:58.900Z,Crowchild Trail,SB Crowchild Tr: 12 Mile Coulee Rd NW to Glenmore Tr SW,16,2026-09-02T22:59:08.000
2026-09-03T05:23:58.900Z,Crowchild Trail,SB Crowchild Tr: 12 Mile Coulee Rd NW to Memorial Dr NW,12,2026-09-02T22:59:08.000
2026-09-03T05:23:58.900Z,Crowchild Trail,SB Crowchild Tr: 24 Ave NW to 17 Ave SW,5,2026-09-02T22:59:08.000
2026-09-03T05:23:58.900Z,Crowchild Trail,SB Crowchild Tr: 24 Ave NW to Glenmore Tr SW,9,2026-09-02T22:59:08.000
2026-09-03T05:23:58.900Z,Crowchild Trail,SB Crowchild Tr: 33 Ave SW to Deerfoot Tr SE,8,2026-09-02T22:59:08.000
2026-09-03T05:23:58.900Z,Crowchild Trail,SB Crowchild Tr: 33 Ave SW to Glenmore Tr SW,3,2026-09-02T22:59:08.000
2026-09-03T05:23:58.900Z,Deerfoot Trail,NB Deerfoot Tr: 17 Ave SE to Airport Tr NE,9,2026-09-02T22:59:08.000
2026-09-03T05:23:58.900Z,Deerfoot Trail,NB Deerfoot Tr: 17 Ave SE to Stoney Tr NE,12,2026-09-02T22:59:08.000
2026-09-03T05:23:58.900Z,Deerfoot Trail,NB Deerfoot Tr: 274 Ave S to City Centre via Deerfoot Tr,27,2026-09-02T22:59:08.000
2026-09-03T05:23:58.900Z,Deerfoot Trail,NB Deerfoot Tr: 32 Ave NE to Airport Tr NE,4,2026-09-02T22:59:08.000
2026-09-03T05:23:58.900Z,Deerfoot Trail,NB Deerfoot Tr: 32 Ave NE to Stoney Tr NE,7,2026-09-02T22:59:08.000
2026-09-03T05:23:58.900Z,Deerfoot Trail,NB Deerfoot Tr: 8 Ave NE to Airport Tr NE,7,2026-09-02T22:59:08.000
2026-09-03T05:23:58.900Z,Deerfoot Trail,NB Deerfoot Tr: 8 Ave NE to Stoney Tr NE,10,2026-09-02T22:59:08.000
2026-09-03T05:23:58.900Z,Deerfoot Trail,NB Deerfoot Tr: Anderson Rd SE to Airport Tr NE,17,2026-09-02T22:59:08.000
2026-09-03T05:23:58.900Z,Deerfoot Trail,NB Deerfoot Tr: Anderson Rd SE to Memorial Dr SE,10,2026-09-02T22:59:08.000
2026-09-03T05:23:58.900Z,Deerfoot Trail,NB Deerfoot Tr: Cranston Ave SE to Memorial Dr SE,18,2026-09-02T22:59:08.000
2026-09-03T05:23:58.900Z,Deerfoot Trail,NB Deerfoot Tr: Cranston Ave SE to Southland Dr SE,10,2026-09-02T22:59:08.000
2026-09-03T05:23:58.900Z,Deerfoot Trail,NB Deerfoot Tr: Glenmore Tr SE to Airport Tr NE,12,2026-09-02T22:59:08.000
2026-09-03T05:23:58.900Z,Deerfoot Trail,NB Deerfoot Tr: Glenmore Tr SE to Memorial Dr SE,5,2026-09-02T22:59:08.000
2026-09-03T05:23:58.900Z,Deerfoot Trail,NB Deerfoot Tr: Glenmore Tr SE to Stoney Tr NE,14,2026-09-02T22:59:08.000
2026-09-03T05:23:58.900Z,Deerfoot Trail,SB Deerfoot Tr: 17 Ave SE to Anderson Rd SE,8,2026-09-02T22:59:08.000
2026-09-03T05:23:58.900Z,Deerfoot Trail,SB Deerfoot Tr: 17 Ave SE to Stoney Tr SE,12,2026-09-02T22:59:08.000
2026-09-03T05:23:58.900Z,Deerfoot Trail,SB Deerfoot Tr: 64 Ave NE to Anderson Rd SE,13,2026-09-02T22:59:08.000
2026-09-03T05:23:58.900Z,Deerfoot Trail,SB Deerfoot Tr: 64 Ave NE to Memorial Dr SE,5,2026-09-02T22:59:08.000
2026-09-03T05:23:58.900Z,Deerfoot Trail,SB Deerfoot Tr: 8 Ave SE to Glenmore Tr SE,6,2026-09-02T22:59:08.000
2026-09-03T05:23:58.900Z,Deerfoot Trail,SB Deerfoot Tr: 8 Ave SE to Stoney Tr SE,13,2026-09-02T22:59:08.000
2026-09-03T05:23:58.900Z,Deerfoot Trail,SB Deerfoot Tr: Airport Tr NE to Anderson Rd SE,15,2026-09-02T22:59:08.000
2026-09-03T05:23:58.900Z,Deerfoot Trail,SB Deerfoot Tr: Airport Tr NE to Memorial Dr SE,7,2026-09-02T22:59:08.000
2026-09-03T05:23:58.900Z,Deerfoot Trail,SB Deerfoot Tr: Balzac  to Stoney Tr SE via Deerfoot Tr,25,2026-09-02T22:59:08.000
2026-09-03T05:23:58.900Z,Deerfoot Trail,SB Deerfoot Tr: Peigan Tr SE to Anderson Rd SE,6,2026-09-02T22:59:08.000
2026-09-03T05:23:58.900Z,Deerfoot Trail,SB Deerfoot Tr: Peigan Tr SE to Stoney Tr SE,11,2026-09-02T22:59:08.000
2026-09-03T05:23:58.900Z,Glenmore Trail,EB Glenmore Tr: Crowchild Tr SW to Deerfoot Tr SE,5,2026-09-02T22:59:08.000
2026-09-03T05:23:58.900Z,Glenmore Trail,WB Glenmore Tr: Odgen Rd SE to Bow Trail SW,11,2026-09-02T22:59:08.000
2026-09-03T05:23:58.900Z,Glenmore Trail,WB Glenmore Tr: Odgen Rd SE to Crowchild Tr SW,7,2026-09-02T22:59:08.000
2026-09-03T05:23:58.900Z,Macleod Trail,NB Macleod Tr: 274 Ave S to City Centre via Macleod Tr,27,2026-09-02T22:59:08.000
2026-09-03T05:23:58.900Z,Macleod Trail,NB Macleod Tr: Anderson Rd SE to 7 Av SE,15,2026-09-02T22:59:08.000
2026-09-03T05:23:58.900Z,Macleod Trail,NB Macleod Tr: Anderson Rd SE to Blackfoot Tr SW,23,2026-09-02T22:59:08.000
2026-09-03T05:23:58.900Z,Macleod Trail,NB Macleod Tr: Anderson Rd SE to Crowchild Tr SW,9,2026-09-02T22:59:08.000
2026-09-03T05:23:58.900Z,Macleod Trail,NB Macleod Tr: N of 25 Ave S to City Centre,3,2026-09-02T22:59:08.000
2026-09-03T05:23:58.900Z,Stoney Trail,EB Stoney Tr: Chaparral Blvd SE to 16 Ave NE,14,2026-09-02T22:59:08.000
2026-09-03T05:23:58.900Z,Stoney Trail,EB Stoney Tr: Chaparral Blvd SE to Glenmore Tr SE,9,2026-09-02T22:59:08.000
2026-09-03T05:23:58.900Z,Stoney Trail,EB Stoney Tr: Harvest Hills Blvd NW to 16 Ave NE,14,2026-09-02T22:59:08.000
2026-09-03T05:23:58.900Z,Stoney Trail,EB Stoney Tr: Harvest Hills Blvd NW to Glenmore Tr SE,19,2026-09-02T22:59:08.000
2026-09-03T05:23:58.900Z,Stoney Trail,EB Stoney W : Sarcee Tr NW to 16 Ave NE,18,2026-09-02T22:59:08.000
2026-09-03T05:23:58.900Z,Stoney Trail,EB Stoney W : Sarcee Tr NW to Deerfoot Tr N,8,2026-09-02T22:59:08.000
2026-09-03T05:23:58.900Z,Stoney Trail,NB Stoney Tr: 114 Ave SE to 16 Ave NE,7,2026-09-02T22:59:08.000
2026-09-03T05:23:58.900Z,Stoney Trail,NB Stoney Tr: 114 Ave SE to Deerfoot Tr NE,17,2026-09-02T22:59:08.000
2026-09-03T05:23:58.900Z,Stoney Trail,NB Stoney Tr: McKnight Blvd NE to Crowchild Tr NW,19,2026-09-02T22:59:08.000
2026-09-03T05:23:58.900Z,Stoney Trail,NB Stoney Tr: McKnight Blvd NE to Deerfoot Tr N,9,2026-09-02T22:59:08.000
2026-09-03T05:23:58.900Z,Stoney Trail,NB Stoney Tr: Peigan Tr SE to Deerfoot Tr NE,14,2026-09-02T22:59:08.000
2026-09-03T05:23:58.900Z,Stoney Trail,NB Stoney Tr: Peigan Tr SE to McKnight Blvd NE,5,2026-09-02T22:59:08.000
2026-09-03T05:23:58.900Z,Stoney Trail,SB Deerfoot Tr: Balzac  to Stoney Tr SE via Stoney Tr,26,2026-09-02T22:59:08.000
2026-09-03T05:23:58.900Z,Stoney Trail,SB Stoney Tr: Mcknight Blvd NE to Deerfoot Tr S,14,2026-09-02T22:59:08.000
2026-09-03T05:23:58.900Z,Stoney Trail,SB Stoney Tr: Mcknight Blvd NE to Glenmore Tr SE,8,2026-09-02T22:59:08.000
2026-09-03T05:23:58.900Z,Stoney Trail,SB Stoney Tr: Peigan Tr SE to 52 St SE,8,2026-09-02T22:59:08.000
2026-09-03T05:23:58.900Z,Stoney Trail,SB Stoney Tr: Peigan Tr SE to Macleod Tr SE,13,2026-09-02T22:59:08.000
2026-09-03T05:23:58.900Z,Stoney Trail,WB Stoney Tr: 52 St SE to James Mckevitt Rd SW,7,2026-09-02T22:59:08.000
2026-09-03T05:23:58.900Z,Stoney Trail,WB Stoney Tr: 52 St SE to Macleod Tr SE,5,2026-09-02T22:59:08.000
2026-09-03T05:23:58.900Z,Stoney Trail,WB Stoney Tr: Country Hills Blvd NW to 16 Ave NW,5,2026-09-02T22:59:08.000
2026-09-03T05:23:58.900Z,Stoney Trail,WB Stoney Tr: Deerfoot Tr NW to 16 Ave NW,13,2026-09-02T22:59:08.000
2026-09-03T05:23:58.900Z,Stoney Trail,WB Stoney Tr: Deerfoot Tr NW to Crowchild Tr NW,9,2026-09-02T22:59:08.000
2026-09-03T05:23:58.900Z,Trans Canada Highway,WB Trans Canada Hwy: Hwy 22 to Banff,50,2026-09-02T22:59:08.000
2026-09-03T05:23:58.900Z,Trans Canada Highway,WB Trans Canada Hwy: Hwy 22 to Kananaskis Village,42,2026-09-02T22:59:08.000
2026-09-03T10:03:29.121Z,16 Avenue,WB 16 Ave: Stoney Tr NE to Valley Ridge Bv NW via 16 Ave,31,2026-09-03T03:44:07.000
2026-09-03T10:03:29.121Z,16 Avenue,WB 16 Ave: Stoney Tr NE to Valley Ridge Bv Via Stoney Tr,26,2026-09-03T03:44:07.000
2026-09-03T10:03:29.121Z,Crowchild Trail,NB Crowchild Tr: 50 Ave SW to 24 Ave NW,8,2026-09-03T03:44:07.000
2026-09-03T10:03:29.121Z,Crowchild Trail,NB Crowchild Tr: 50 Ave SW to Memorial Dr NW,5,2026-09-03T03:44:07.000
2026-09-03T10:03:29.121Z,Crowchild Trail,NB Crowchild Tr: Glenmore Tr SW to 24 Ave NW,10,2026-09-03T03:44:07.000
2026-09-03T10:03:29.121Z,Crowchild Trail,SB Crowchild Tr: 12 Mile Coulee Rd NW to Glenmore Tr SW,16,2026-09-03T03:44:07.000
2026-09-03T10:03:29.121Z,Crowchild Trail,SB Crowchild Tr: 12 Mile Coulee Rd NW to Memorial Dr NW,12,2026-09-03T03:44:07.000
2026-09-03T10:03:29.121Z,Crowchild Trail,SB Crowchild Tr: 24 Ave NW to 17 Ave SW,5,2026-09-03T03:44:07.000
2026-09-03T10:03:29.121Z,Crowchild Trail,SB Crowchild Tr: 24 Ave NW to Glenmore Tr SW,9,2026-09-03T03:44:07.000
2026-09-03T10:03:29.121Z,Crowchild Trail,SB Crowchild Tr: 33 Ave SW to Deerfoot Tr SE,8,2026-09-03T03:44:07.000
2026-09-03T10:03:29.121Z,Crowchild Trail,SB Crowchild Tr: 33 Ave SW to Glenmore Tr SW,3,2026-09-03T03:44:07.000
2026-09-03T10:03:29.121Z,Deerfoot Trail,NB Deerfoot Tr: 17 Ave SE to Airport Tr NE,9,2026-09-03T03:44:07.000
2026-09-03T10:03:29.121Z,Deerfoot Trail,NB Deerfoot Tr: 17 Ave SE to Stoney Tr NE,12,2026-09-03T03:44:07.000
2026-09-03T10:03:29.121Z,Deerfoot Trail,NB Deerfoot Tr: 274 Ave S to City Centre via Deerfoot Tr,27,2026-09-03T03:44:07.000
2026-09-03T10:03:29.121Z,Deerfoot Trail,NB Deerfoot Tr: 32 Ave NE to Airport Tr NE,4,2026-09-03T03:44:07.000
2026-09-03T10:03:29.121Z,Deerfoot Trail,NB Deerfoot Tr: 32 Ave NE to Stoney Tr NE,7,2026-09-03T03:44:07.000
2026-09-03T10:03:29.121Z,Deerfoot Trail,NB Deerfoot Tr: 8 Ave NE to Airport Tr NE,7,2026-09-03T03:44:07.000
2026-09-03T10:03:29.121Z,Deerfoot Trail,NB Deerfoot Tr: 8 Ave NE to Stoney Tr NE,10,2026-09-03T03:44:07.000
2026-09-03T10:03:29.121Z,Deerfoot Trail,NB Deerfoot Tr: Anderson Rd SE to Airport Tr NE,16,2026-09-03T03:44:07.000
2026-09-03T10:03:29.121Z,Deerfoot Trail,NB Deerfoot Tr: Anderson Rd SE to Memorial Dr SE,9,2026-09-03T03:44:07.000
2026-09-03T10:03:29.121Z,Deerfoot Trail,NB Deerfoot Tr: Cranston Ave SE to Memorial Dr SE,17,2026-09-03T03:44:07.000
2026-09-03T10:03:29.121Z,Deerfoot Trail,NB Deerfoot Tr: Cranston Ave SE to Southland Dr SE,10,2026-09-03T03:44:07.000
2026-09-03T10:03:29.121Z,Deerfoot Trail,NB Deerfoot Tr: Glenmore Tr SE to Airport Tr NE,11,2026-09-03T03:44:07.000
2026-09-03T10:03:29.121Z,Deerfoot Trail,NB Deerfoot Tr: Glenmore Tr SE to Memorial Dr SE,5,2026-09-03T03:44:07.000
2026-09-03T10:03:29.121Z,Deerfoot Trail,NB Deerfoot Tr: Glenmore Tr SE to Stoney Tr NE,14,2026-09-03T03:44:07.000
2026-09-03T10:03:29.121Z,Deerfoot Trail,SB Deerfoot Tr: 17 Ave SE to Anderson Rd SE,9,2026-09-03T03:44:07.000
2026-09-03T10:03:29.121Z,Deerfoot Trail,SB Deerfoot Tr: 17 Ave SE to Stoney Tr SE,13,2026-09-03T03:44:07.000
2026-09-03T10:03:29.121Z,Deerfoot Trail,SB Deerfoot Tr: 64 Ave NE to Anderson Rd SE,14,2026-09-03T03:44:07.000
2026-09-03T10:03:29.121Z,Deerfoot Trail,SB Deerfoot Tr: 64 Ave NE to Memorial Dr SE,6,2026-09-03T03:44:07.000
2026-09-03T10:03:29.121Z,Deerfoot Trail,SB Deerfoot Tr: 8 Ave SE to Glenmore Tr SE,7,2026-09-03T03:44:07.000
2026-09-03T10:03:29.121Z,Deerfoot Trail,SB Deerfoot Tr: 8 Ave SE to Stoney Tr SE,15,2026-09-03T03:44:07.000
2026-09-03T10:03:29.121Z,Deerfoot Trail,SB Deerfoot Tr: Airport Tr NE to Anderson Rd SE,17,2026-09-03T03:44:07.000
2026-09-03T10:03:29.121Z,Deerfoot Trail,SB Deerfoot Tr: Airport Tr NE to Memorial Dr SE,8,2026-09-03T03:44:07.000
2026-09-03T10:03:29.121Z,Deerfoot Trail,SB Deerfoot Tr: Balzac  to Stoney Tr SE via Deerfoot Tr,26,2026-09-03T03:44:07.000
2026-09-03T10:03:29.121Z,Deerfoot Trail,SB Deerfoot Tr: Peigan Tr SE to Anderson Rd SE,7,2026-09-03T03:44:07.000
2026-09-03T10:03:29.121Z,Deerfoot Trail,SB Deerfoot Tr: Peigan Tr SE to Stoney Tr SE,12,2026-09-03T03:44:07.000
2026-09-03T10:03:29.121Z,Glenmore Trail,EB Glenmore Tr: Crowchild Tr SW to Deerfoot Tr SE,6,2026-09-03T03:44:07.000
2026-09-03T10:03:29.121Z,Glenmore Trail,WB Glenmore Tr: Odgen Rd SE to Bow Trail SW,12,2026-09-03T03:44:07.000
2026-09-03T10:03:29.121Z,Glenmore Trail,WB Glenmore Tr: Odgen Rd SE to Crowchild Tr SW,7,2026-09-03T03:44:07.000
2026-09-03T10:03:29.121Z,Macleod Trail,NB Macleod Tr: 274 Ave S to City Centre via Macleod Tr,26,2026-09-03T03:44:07.000
2026-09-03T10:03:29.121Z,Macleod Trail,NB Macleod Tr: Anderson Rd SE to 7 Av SE,14,2026-09-03T03:44:07.000
2026-09-03T10:03:29.121Z,Macleod Trail,NB Macleod Tr: Anderson Rd SE to Blackfoot Tr SW,22,2026-09-03T03:44:07.000
2026-09-03T10:03:29.121Z,Macleod Trail,NB Macleod Tr: Anderson Rd SE to Crowchild Tr SW,9,2026-09-03T03:44:07.000
2026-09-03T10:03:29.121Z,Macleod Trail,NB Macleod Tr: N of 25 Ave S to City Centre,3,2026-09-03T03:44:07.000
2026-09-03T10:03:29.121Z,Stoney Trail,EB Stoney Tr: Chaparral Blvd SE to 16 Ave NE,14,2026-09-03T03:44:07.000
2026-09-03T10:03:29.121Z,Stoney Trail,EB Stoney Tr: Chaparral Blvd SE to Glenmore Tr SE,9,2026-09-03T03:44:07.000
2026-09-03T10:03:29.121Z,Stoney Trail,EB Stoney Tr: Harvest Hills Blvd NW to 16 Ave NE,13,2026-09-03T03:44:07.000
2026-09-03T10:03:29.121Z,Stoney Trail,EB Stoney Tr: Harvest Hills Blvd NW to Glenmore Tr SE,19,2026-09-03T03:44:07.000
2026-09-03T10:03:29.121Z,Stoney Trail,EB Stoney W : Sarcee Tr NW to 16 Ave NE,18,2026-09-03T03:44:07.000
2026-09-03T10:03:29.121Z,Stoney Trail,EB Stoney W : Sarcee Tr NW to Deerfoot Tr N,7,2026-09-03T03:44:07.000
2026-09-03T10:03:29.121Z,Stoney Trail,NB Stoney Tr: 114 Ave SE to 16 Ave NE,8,2026-09-03T03:44:07.000
2026-09-03T10:03:29.121Z,Stoney Trail,NB Stoney Tr: 114 Ave SE to Deerfoot Tr NE,18,2026-09-03T03:44:07.000
2026-09-03T10:03:29.121Z,Stoney Trail,NB Stoney Tr: McKnight Blvd NE to Crowchild Tr NW,19,2026-09-03T03:44:07.000
2026-09-03T10:03:29.121Z,Stoney Trail,NB Stoney Tr: McKnight Blvd NE to Deerfoot Tr N,9,2026-09-03T03:44:07.000
2026-09-03T10:03:29.121Z,Stoney Trail,NB Stoney Tr: Peigan Tr SE to Deerfoot Tr NE,14,2026-09-03T03:44:07.000
2026-09-03T10:03:29.121Z,Stoney Trail,NB Stoney Tr: Peigan Tr SE to McKnight Blvd NE,6,2026-09-03T03:44:07.000
2026-09-03T10:03:29.121Z,Stoney Trail,SB Deerfoot Tr: Balzac  to Stoney Tr SE via Stoney Tr,26,2026-09-03T03:44:07.000
2026-09-03T10:03:29.121Z,Stoney Trail,SB Stoney Tr: Mcknight Blvd NE to Deerfoot Tr S,14,2026-09-03T03:44:07.000
2026-09-03T10:03:29.121Z,Stoney Trail,SB Stoney Tr: Mcknight Blvd NE to Glenmore Tr SE,8,2026-09-03T03:44:07.000
2026-09-03T10:03:29.121Z,Stoney Trail,SB Stoney Tr: Peigan Tr SE to 52 St SE,8,2026-09-03T03:44:07.000
2026-09-03T10:03:29.121Z,Stoney Trail,SB Stoney Tr: Peigan Tr SE to Macleod Tr SE,13,2026-09-03T03:44:07.000
2026-09-03T10:03:29.121Z,Stoney Trail,WB Stoney Tr: 52 St SE to James Mckevitt Rd SW,7,2026-09-03T03:44:07.000
2026-09-03T10:03:29.121Z,Stoney Trail,WB Stoney Tr: 52 St SE to Macleod Tr SE,5,2026-09-03T03:44:07.000
2026-09-03T10:03:29.121Z,Stoney Trail,WB Stoney Tr: Country Hills Blvd NW to 16 Ave NW,5,2026-09-03T03:44:07.000
2026-09-03T10:03:29.121Z,Stoney Trail,WB Stoney Tr: Deerfoot Tr NW to 16 Ave NW,12,2026-09-03T03:44:07.000
2026-09-03T10:03:29.121Z,Stoney Trail,WB Stoney Tr: Deerfoot Tr NW to Crowchild Tr NW,9,2026-09-03T03:44:07.000
2026-09-03T10:03:29.121Z,Trans Canada Highway,WB Trans Canada Hwy: Hwy 22 to Banff,50,2026-09-03T03:44:07.000
2026-09-03T10:03:29.121Z,Trans Canada Highway,WB Trans Canada Hwy: Hwy 22 to Kananaskis Village,42,2026-09-03T03:44:07.000
2026-09-03T14:36:12.919Z,16 Avenue,WB 16 Ave: Stoney Tr NE to Valley Ridge Bv NW via 16 Ave,36,2026-09-03T08:24:05.000
2026-09-03T14:36:12.919Z,16 Avenue,WB 16 Ave: Stoney Tr NE to Valley Ridge Bv Via Stoney Tr,28,2026-09-03T08:24:05.000
2026-09-03T14:36:12.919Z,Crowchild Trail,NB Crowchild Tr: 50 Ave SW to 24 Ave NW,9,2026-09-03T08:24:05.000
2026-09-03T14:36:12.919Z,Crowchild Trail,NB Crowchild Tr: 50 Ave SW to Memorial Dr NW,6,2026-09-03T08:24:05.000
2026-09-03T14:36:12.919Z,Crowchild Trail,NB Crowchild Tr: Glenmore Tr SW to 24 Ave NW,12,2026-09-03T08:24:05.000
2026-09-03T14:36:12.919Z,Crowchild Trail,SB Crowchild Tr: 12 Mile Coulee Rd NW to Glenmore Tr SW,25,2026-09-03T08:24:05.000
2026-09-03T14:36:12.919Z,Crowchild Trail,SB Crowchild Tr: 12 Mile Coulee Rd NW to Memorial Dr NW,20,2026-09-03T08:24:05.000
2026-09-03T14:36:12.919Z,Crowchild Trail,SB Crowchild Tr: 24 Ave NW to 17 Ave SW,6,2026-09-03T08:24:05.000
2026-09-03T14:36:12.919Z,Crowchild Trail,SB Crowchild Tr: 24 Ave NW to Glenmore Tr SW,12,2026-09-03T08:24:05.000
2026-09-03T14:36:12.919Z,Crowchild Trail,SB Crowchild Tr: 33 Ave SW to Deerfoot Tr SE,10,2026-09-03T08:24:05.000
2026-09-03T14:36:12.919Z,Crowchild Trail,SB Crowchild Tr: 33 Ave SW to Glenmore Tr SW,5,2026-09-03T08:24:05.000
2026-09-03T14:36:12.919Z,Deerfoot Trail,NB Deerfoot Tr: 17 Ave SE to Airport Tr NE,9,2026-09-03T08:24:05.000
2026-09-03T14:36:12.919Z,Deerfoot Trail,NB Deerfoot Tr: 17 Ave SE to Stoney Tr NE,11,2026-09-03T08:24:05.000
2026-09-03T14:36:12.919Z,Deerfoot Trail,NB Deerfoot Tr: 274 Ave S to City Centre via Deerfoot Tr,43,2026-09-03T08:24:05.000
2026-09-03T14:36:12.919Z,Deerfoot Trail,NB Deerfoot Tr: 32 Ave NE to Airport Tr NE,4,2026-09-03T08:24:05.000
2026-09-03T14:36:12.919Z,Deerfoot Trail,NB Deerfoot Tr: 32 Ave NE to Stoney Tr NE,7,2026-09-03T08:24:05.000
2026-09-03T14:36:12.919Z,Deerfoot Trail,NB Deerfoot Tr: 8 Ave NE to Airport Tr NE,6,2026-09-03T08:24:05.000
2026-09-03T14:36:12.919Z,Deerfoot Trail,NB Deerfoot Tr: 8 Ave NE to Stoney Tr NE,9,2026-09-03T08:24:05.000
2026-09-03T14:36:12.919Z,Deerfoot Trail,NB Deerfoot Tr: Anderson Rd SE to Airport Tr NE,18,2026-09-03T08:24:05.000
2026-09-03T14:36:12.919Z,Deerfoot Trail,NB Deerfoot Tr: Anderson Rd SE to Memorial Dr SE,12,2026-09-03T08:24:05.000
2026-09-03T14:36:12.919Z,Deerfoot Trail,NB Deerfoot Tr: Cranston Ave SE to Memorial Dr SE,28,2026-09-03T08:24:05.000
2026-09-03T14:36:12.919Z,Deerfoot Trail,NB Deerfoot Tr: Cranston Ave SE to Southland Dr SE,20,2026-09-03T08:24:05.000
2026-09-03T14:36:12.919Z,Deerfoot Trail,NB Deerfoot Tr: Glenmore Tr SE to Airport Tr NE,11,2026-09-03T08:24:05.000
2026-09-03T14:36:12.919Z,Deerfoot Trail,NB Deerfoot Tr: Glenmore Tr SE to Memorial Dr SE,5,2026-09-03T08:24:05.000
2026-09-03T14:36:12.919Z,Deerfoot Trail,NB Deerfoot Tr: Glenmore Tr SE to Stoney Tr NE,14,2026-09-03T08:24:05.000
2026-09-03T14:36:12.919Z,Deerfoot Trail,SB Deerfoot Tr: 17 Ave SE to Anderson Rd SE,12,2026-09-03T08:24:05.000
2026-09-03T14:36:12.919Z,Deerfoot Trail,SB Deerfoot Tr: 17 Ave SE to Stoney Tr SE,17,2026-09-03T08:24:05.000
2026-09-03T14:36:12.919Z,Deerfoot Trail,SB Deerfoot Tr: 64 Ave NE to Anderson Rd SE,21,2026-09-03T08:24:05.000
2026-09-03T14:36:12.919Z,Deerfoot Trail,SB Deerfoot Tr: 64 Ave NE to Memorial Dr SE,9,2026-09-03T08:24:05.000
2026-09-03T14:36:12.919Z,Deerfoot Trail,SB Deerfoot Tr: 8 Ave SE to Glenmore Tr SE,11,2026-09-03T08:24:05.000
2026-09-03T14:36:12.919Z,Deerfoot Trail,SB Deerfoot Tr: 8 Ave SE to Stoney Tr SE,20,2026-09-03T08:24:05.000
2026-09-03T14:36:12.919Z,Deerfoot Trail,SB Deerfoot Tr: Airport Tr NE to Anderson Rd SE,23,2026-09-03T08:24:05.000
2026-09-03T14:36:12.919Z,Deerfoot Trail,SB Deerfoot Tr: Airport Tr NE to Memorial Dr SE,11,2026-09-03T08:24:05.000
2026-09-03T14:36:12.919Z,Deerfoot Trail,SB Deerfoot Tr: Balzac  to Stoney Tr SE via Deerfoot Tr,33,2026-09-03T08:24:05.000
2026-09-03T14:36:12.919Z,Deerfoot Trail,SB Deerfoot Tr: Peigan Tr SE to Anderson Rd SE,10,2026-09-03T08:24:05.000
2026-09-03T14:36:12.919Z,Deerfoot Trail,SB Deerfoot Tr: Peigan Tr SE to Stoney Tr SE,15,2026-09-03T08:24:05.000
2026-09-03T14:36:12.919Z,Glenmore Trail,EB Glenmore Tr: Crowchild Tr SW to Deerfoot Tr SE,9,2026-09-03T08:24:05.000
2026-09-03T14:36:12.919Z,Glenmore Trail,WB Glenmore Tr: Odgen Rd SE to Bow Trail SW,16,2026-09-03T08:24:05.000
2026-09-03T14:36:12.919Z,Glenmore Trail,WB Glenmore Tr: Odgen Rd SE to Crowchild Tr SW,10,2026-09-03T08:24:05.000
2026-09-03T14:36:12.919Z,Macleod Trail,NB Macleod Tr: 274 Ave S to City Centre via Macleod Tr,35,2026-09-03T08:24:05.000
2026-09-03T14:36:12.919Z,Macleod Trail,NB Macleod Tr: Anderson Rd SE to 7 Av SE,20,2026-09-03T08:24:05.000
2026-09-03T14:36:12.919Z,Macleod Trail,NB Macleod Tr: Anderson Rd SE to Blackfoot Tr SW,27,2026-09-03T08:24:05.000
2026-09-03T14:36:12.919Z,Macleod Trail,NB Macleod Tr: Anderson Rd SE to Crowchild Tr SW,12,2026-09-03T08:24:05.000
2026-09-03T14:36:12.919Z,Macleod Trail,NB Macleod Tr: N of 25 Ave S to City Centre,4,2026-09-03T08:24:05.000
2026-09-03T14:36:12.919Z,Stoney Trail,EB Stoney Tr: Chaparral Blvd SE to 16 Ave NE,14,2026-09-03T08:24:05.000
2026-09-03T14:36:12.919Z,Stoney Trail,EB Stoney Tr: Chaparral Blvd SE to Glenmore Tr SE,9,2026-09-03T08:24:05.000
2026-09-03T14:36:12.919Z,Stoney Trail,EB Stoney Tr: Harvest Hills Blvd NW to 16 Ave NE,20,2026-09-03T08:24:05.000
2026-09-03T14:36:12.919Z,Stoney Trail,EB Stoney Tr: Harvest Hills Blvd NW to Glenmore Tr SE,27,2026-09-03T08:24:05.000
2026-09-03T14:36:12.919Z,Stoney Trail,EB Stoney W : Sarcee Tr NW to 16 Ave NE,25,2026-09-03T08:24:05.000
2026-09-03T14:36:12.919Z,Stoney Trail,EB Stoney W : Sarcee Tr NW to Deerfoot Tr N,8,2026-09-03T08:24:05.000
2026-09-03T14:36:12.919Z,Stoney Trail,NB Stoney Tr: 114 Ave SE to 16 Ave NE,8,2026-09-03T08:24:05.000
2026-09-03T14:36:12.919Z,Stoney Trail,NB Stoney Tr: 114 Ave SE to Deerfoot Tr NE,18,2026-09-03T08:24:05.000
2026-09-03T14:36:12.919Z,Stoney Trail,NB Stoney Tr: McKnight Blvd NE to Crowchild Tr NW,21,2026-09-03T08:24:05.000
2026-09-03T14:36:12.919Z,Stoney Trail,NB Stoney Tr: McKnight Blvd NE to Deerfoot Tr N,9,2026-09-03T08:24:05.000
2026-09-03T14:36:12.919Z,Stoney Trail,NB Stoney Tr: Peigan Tr SE to Deerfoot Tr NE,14,2026-09-03T08:24:05.000
2026-09-03T14:36:12.919Z,Stoney Trail,NB Stoney Tr: Peigan Tr SE to McKnight Blvd NE,6,2026-09-03T08:24:05.000
2026-09-03T14:36:12.919Z,Stoney Trail,SB Deerfoot Tr: Balzac  to Stoney Tr SE via Stoney Tr,34,2026-09-03T08:24:05.000
2026-09-03T14:36:12.919Z,Stoney Trail,SB Stoney Tr: Mcknight Blvd NE to Deerfoot Tr S,14,2026-09-03T08:24:05.000
2026-09-03T14:36:12.919Z,Stoney Trail,SB Stoney Tr: Mcknight Blvd NE to Glenmore Tr SE,8,2026-09-03T08:24:05.000
2026-09-03T14:36:12.919Z,Stoney Trail,SB Stoney Tr: Peigan Tr SE to 52 St SE,8,2026-09-03T08:24:05.000
2026-09-03T14:36:12.919Z,Stoney Trail,SB Stoney Tr: Peigan Tr SE to Macleod Tr SE,13,2026-09-03T08:24:05.000
2026-09-03T14:36:12.919Z,Stoney Trail,WB Stoney Tr: 52 St SE to James Mckevitt Rd SW,7,2026-09-03T08:24:05.000
2026-09-03T14:36:12.919Z,Stoney Trail,WB Stoney Tr: 52 St SE to Macleod Tr SE,5,2026-09-03T08:24:05.000
2026-09-03T14:36:12.919Z,Stoney Trail,WB Stoney Tr: Country Hills Blvd NW to 16 Ave NW,6,2026-09-03T08:24:05.000
2026-09-03T14:36:12.919Z,Stoney Trail,WB Stoney Tr: Deerfoot Tr NW to 16 Ave NW,13,2026-09-03T08:24:05.000
2026-09-03T14:36:12.919Z,Stoney Trail,WB Stoney Tr: Deerfoot Tr NW to Crowchild Tr NW,10,2026-09-03T08:24:05.000
2026-09-03T14:36:12.919Z,Trans Canada Highway,WB Trans Canada Hwy: Hwy 22 to Banff,51,2026-09-03T08:24:05.000
2026-09-03T14:36:12.919Z,Trans Canada Highway,WB Trans Canada Hwy: Hwy 22 to Kananaskis Village,42,2026-09-03T08:24:05.000
2026-09-03T18:00:46.262Z,16 Avenue,WB 16 Ave: Stoney Tr NE to Valley Ridge Bv NW via 16 Ave,34,2026-09-03T11:44:05.000
2026-09-03T18:00:46.262Z,16 Avenue,WB 16 Ave: Stoney Tr NE to Valley Ridge Bv Via Stoney Tr,27,2026-09-03T11:44:05.000
2026-09-03T18:00:46.262Z,Crowchild Trail,NB Crowchild Tr: 50 Ave SW to 24 Ave NW,8,2026-09-03T11:44:05.000
2026-09-03T18:00:46.262Z,Crowchild Trail,NB Crowchild Tr: 50 Ave SW to Memorial Dr NW,4,2026-09-03T11:44:05.000
2026-09-03T18:00:46.262Z,Crowchild Trail,NB Crowchild Tr: Glenmore Tr SW to 24 Ave NW,10,2026-09-03T11:44:05.000
2026-09-03T18:00:46.262Z,Crowchild Trail,SB Crowchild Tr: 12 Mile Coulee Rd NW to Glenmore Tr SW,17,2026-09-03T11:44:05.000
2026-09-03T18:00:46.262Z,Crowchild Trail,SB Crowchild Tr: 12 Mile Coulee Rd NW to Memorial Dr NW,12,2026-09-03T11:44:05.000
2026-09-03T18:00:46.262Z,Crowchild Trail,SB Crowchild Tr: 24 Ave NW to 17 Ave SW,6,2026-09-03T11:44:05.000
2026-09-03T18:00:46.262Z,Crowchild Trail,SB Crowchild Tr: 24 Ave NW to Glenmore Tr SW,10,2026-09-03T11:44:05.000
2026-09-03T18:00:46.262Z,Crowchild Trail,SB Crowchild Tr: 33 Ave SW to Deerfoot Tr SE,8,2026-09-03T11:44:05.000
2026-09-03T18:00:46.262Z,Crowchild Trail,SB Crowchild Tr: 33 Ave SW to Glenmore Tr SW,4,2026-09-03T11:44:05.000
2026-09-03T18:00:46.262Z,Deerfoot Trail,NB Deerfoot Tr: 17 Ave SE to Airport Tr NE,9,2026-09-03T11:44:05.000
2026-09-03T18:00:46.262Z,Deerfoot Trail,NB Deerfoot Tr: 17 Ave SE to Stoney Tr NE,12,2026-09-03T11:44:05.000
2026-09-03T18:00:46.262Z,Deerfoot Trail,NB Deerfoot Tr: 274 Ave S to City Centre via Deerfoot Tr,30,2026-09-03T11:44:05.000
2026-09-03T18:00:46.262Z,Deerfoot Trail,NB Deerfoot Tr: 32 Ave NE to Airport Tr NE,5,2026-09-03T11:44:05.000
2026-09-03T18:00:46.262Z,Deerfoot Trail,NB Deerfoot Tr: 32 Ave NE to Stoney Tr NE,7,2026-09-03T11:44:05.000
2026-09-03T18:00:46.262Z,Deerfoot Trail,NB Deerfoot Tr: 8 Ave NE to Airport Tr NE,7,2026-09-03T11:44:05.000
2026-09-03T18:00:46.262Z,Deerfoot Trail,NB Deerfoot Tr: 8 Ave NE to Stoney Tr NE,9,2026-09-03T11:44:05.000
2026-09-03T18:00:46.262Z,Deerfoot Trail,NB Deerfoot Tr: Anderson Rd SE to Airport Tr NE,16,2026-09-03T11:44:05.000
2026-09-03T18:00:46.262Z,Deerfoot Trail,NB Deerfoot Tr: Anderson Rd SE to Memorial Dr SE,10,2026-09-03T11:44:05.000
2026-09-03T18:00:46.262Z,Deerfoot Trail,NB Deerfoot Tr: Cranston Ave SE to Memorial Dr SE,19,2026-09-03T11:44:05.000
2026-09-03T18:00:46.262Z,Deerfoot Trail,NB Deerfoot Tr: Cranston Ave SE to Southland Dr SE,11,2026-09-03T11:44:05.000
2026-09-03T18:00:46.262Z,Deerfoot Trail,NB Deerfoot Tr: Glenmore Tr SE to Airport Tr NE,12,2026-09-03T11:44:05.000
2026-09-03T18:00:46.262Z,Deerfoot Trail,NB Deerfoot Tr: Glenmore Tr SE to Memorial Dr SE,5,2026-09-03T11:44:05.000
2026-09-03T18:00:46.262Z,Deerfoot Trail,NB Deerfoot Tr: Glenmore Tr SE to Stoney Tr NE,14,2026-09-03T11:44:05.000
2026-09-03T18:00:46.262Z,Deerfoot Trail,SB Deerfoot Tr: 17 Ave SE to Anderson Rd SE,10,2026-09-03T11:44:05.000
2026-09-03T18:00:46.262Z,Deerfoot Trail,SB Deerfoot Tr: 17 Ave SE to Stoney Tr SE,15,2026-09-03T11:44:05.000
2026-09-03T18:00:46.262Z,Deerfoot Trail,SB Deerfoot Tr: 64 Ave NE to Anderson Rd SE,15,2026-09-03T11:44:05.000
2026-09-03T18:00:46.262Z,Deerfoot Trail,SB Deerfoot Tr: 64 Ave NE to Memorial Dr SE,5,2026-09-03T11:44:05.000
2026-09-03T18:00:46.262Z,Deerfoot Trail,SB Deerfoot Tr: 8 Ave SE to Glenmore Tr SE,7,2026-09-03T11:44:05.000
2026-09-03T18:00:46.262Z,Deerfoot Trail,SB Deerfoot Tr: 8 Ave SE to Stoney Tr SE,16,2026-09-03T11:44:05.000
2026-09-03T18:00:46.262Z,Deerfoot Trail,SB Deerfoot Tr: Airport Tr NE to Anderson Rd SE,17,2026-09-03T11:44:05.000
2026-09-03T18:00:46.262Z,Deerfoot Trail,SB Deerfoot Tr: Airport Tr NE to Memorial Dr SE,7,2026-09-03T11:44:05.000
2026-09-03T18:00:46.262Z,Deerfoot Trail,SB Deerfoot Tr: Balzac  to Stoney Tr SE via Deerfoot Tr,26,2026-09-03T11:44:05.000
2026-09-03T18:00:46.262Z,Deerfoot Trail,SB Deerfoot Tr: Peigan Tr SE to Anderson Rd SE,8,2026-09-03T11:44:05.000
2026-09-03T18:00:46.262Z,Deerfoot Trail,SB Deerfoot Tr: Peigan Tr SE to Stoney Tr SE,13,2026-09-03T11:44:05.000
2026-09-03T18:00:46.262Z,Glenmore Trail,EB Glenmore Tr: Crowchild Tr SW to Deerfoot Tr SE,6,2026-09-03T11:44:05.000
2026-09-03T18:00:46.262Z,Glenmore Trail,WB Glenmore Tr: Odgen Rd SE to Bow Trail SW,12,2026-09-03T11:44:05.000
2026-09-03T18:00:46.262Z,Glenmore Trail,WB Glenmore Tr: Odgen Rd SE to Crowchild Tr SW,8,2026-09-03T11:44:05.000
2026-09-03T18:00:46.262Z,Macleod Trail,NB Macleod Tr: 274 Ave S to City Centre via Macleod Tr,33,2026-09-03T11:44:05.000
2026-09-03T18:00:46.262Z,Macleod Trail,NB Macleod Tr: Anderson Rd SE to 7 Av SE,17,2026-09-03T11:44:05.000
2026-09-03T18:00:46.262Z,Macleod Trail,NB Macleod Tr: Anderson Rd SE to Blackfoot Tr SW,26,2026-09-03T11:44:05.000
2026-09-03T18:00:46.262Z,Macleod Trail,NB Macleod Tr: Anderson Rd SE to Crowchild Tr SW,11,2026-09-03T11:44:05.000
2026-09-03T18:00:46.262Z,Macleod Trail,NB Macleod Tr: N of 25 Ave S to City Centre,3,2026-09-03T11:44:05.000
2026-09-03T18:00:46.262Z,Stoney Trail,EB Stoney Tr: Chaparral Blvd SE to 16 Ave NE,16,2026-09-03T11:44:05.000
2026-09-03T18:00:46.262Z,Stoney Trail,EB Stoney Tr: Chaparral Blvd SE to Glenmore Tr SE,10,2026-09-03T11:44:05.000
2026-09-03T18:00:46.262Z,Stoney Trail,EB Stoney Tr: Harvest Hills Blvd NW to 16 Ave NE,14,2026-09-03T11:44:05.000
2026-09-03T18:00:46.262Z,Stoney Trail,EB Stoney Tr: Harvest Hills Blvd NW to Glenmore Tr SE,19,2026-09-03T11:44:05.000
2026-09-03T18:00:46.262Z,Stoney Trail,EB Stoney W : Sarcee Tr NW to 16 Ave NE,18,2026-09-03T11:44:05.000
2026-09-03T18:00:46.262Z,Stoney Trail,EB Stoney W : Sarcee Tr NW to Deerfoot Tr N,7,2026-09-03T11:44:05.000
2026-09-03T18:00:46.262Z,Stoney Trail,NB Stoney Tr: 114 Ave SE to 16 Ave NE,8,2026-09-03T11:44:05.000
2026-09-03T18:00:46.262Z,Stoney Trail,NB Stoney Tr: 114 Ave SE to Deerfoot Tr NE,19,2026-09-03T11:44:05.000
2026-09-03T18:00:46.262Z,Stoney Trail,NB Stoney Tr: McKnight Blvd NE to Crowchild Tr NW,20,2026-09-03T11:44:05.000
2026-09-03T18:00:46.262Z,Stoney Trail,NB Stoney Tr: McKnight Blvd NE to Deerfoot Tr N,9,2026-09-03T11:44:05.000
2026-09-03T18:00:46.262Z,Stoney Trail,NB Stoney Tr: Peigan Tr SE to Deerfoot Tr NE,14,2026-09-03T11:44:05.000
2026-09-03T18:00:46.262Z,Stoney Trail,NB Stoney Tr: Peigan Tr SE to McKnight Blvd NE,6,2026-09-03T11:44:05.000
2026-09-03T18:00:46.262Z,Stoney Trail,SB Deerfoot Tr: Balzac  to Stoney Tr SE via Stoney Tr,26,2026-09-03T11:44:05.000
2026-09-03T18:00:46.262Z,Stoney Trail,SB Stoney Tr: Mcknight Blvd NE to Deerfoot Tr S,14,2026-09-03T11:44:05.000
2026-09-03T18:00:46.262Z,Stoney Trail,SB Stoney Tr: Mcknight Blvd NE to Glenmore Tr SE,7,2026-09-03T11:44:05.000
2026-09-03T18:00:46.262Z,Stoney Trail,SB Stoney Tr: Peigan Tr SE to 52 St SE,8,2026-09-03T11:44:05.000
2026-09-03T18:00:46.262Z,Stoney Trail,SB Stoney Tr: Peigan Tr SE to Macleod Tr SE,13,2026-09-03T11:44:05.000
2026-09-03T18:00:46.262Z,Stoney Trail,WB Stoney Tr: 52 St SE to James Mckevitt Rd SW,7,2026-09-03T11:44:05.000
2026-09-03T18:00:46.262Z,Stoney Trail,WB Stoney Tr: 52 St SE to Macleod Tr SE,5,2026-09-03T11:44:05.000
2026-09-03T18:00:46.262Z,Stoney Trail,WB Stoney Tr: Country Hills Blvd NW to 16 Ave NW,5,2026-09-03T11:44:05.000
2026-09-03T18:00:46.262Z,Stoney Trail,WB Stoney Tr: Deerfoot Tr NW to 16 Ave NW,13,2026-09-03T11:44:05.000
2026-09-03T18:00:46.262Z,Stoney Trail,WB Stoney Tr: Deerfoot Tr NW to Crowchild Tr NW,10,2026-09-03T11:44:05.000
2026-09-03T18:00:46.262Z,Trans Canada Highway,WB Trans Canada Hwy: Hwy 22 to Banff,54,2026-09-03T11:44:05.000
2026-09-03T18:00:46.262Z,Trans Canada Highway,WB Trans Canada Hwy: Hwy 22 to Kananaskis Village,46,2026-09-03T11:44:05.000
2026-09-03T21:04:54.372Z,16 Avenue,WB 16 Ave: Stoney Tr NE to Valley Ridge Bv NW via 16 Ave,34,2026-09-03T14:44:07.000
2026-09-03T21:04:54.372Z,16 Avenue,WB 16 Ave: Stoney Tr NE to Valley Ridge Bv Via Stoney Tr,28,2026-09-03T14:44:07.000
2026-09-03T21:04:54.372Z,Crowchild Trail,NB Crowchild Tr: 50 Ave SW to 24 Ave NW,8,2026-09-03T14:44:07.000
2026-09-03T21:04:54.372Z,Crowchild Trail,NB Crowchild Tr: 50 Ave SW to Memorial Dr NW,4,2026-09-03T14:44:07.000
2026-09-03T21:04:54.372Z,Crowchild Trail,NB Crowchild Tr: Glenmore Tr SW to 24 Ave NW,10,2026-09-03T14:44:07.000
2026-09-03T21:04:54.372Z,Crowchild Trail,SB Crowchild Tr: 12 Mile Coulee Rd NW to Glenmore Tr SW,17,2026-09-03T14:44:07.000
2026-09-03T21:04:54.372Z,Crowchild Trail,SB Crowchild Tr: 12 Mile Coulee Rd NW to Memorial Dr NW,12,2026-09-03T14:44:07.000
2026-09-03T21:04:54.372Z,Crowchild Trail,SB Crowchild Tr: 24 Ave NW to 17 Ave SW,6,2026-09-03T14:44:07.000
2026-09-03T21:04:54.372Z,Crowchild Trail,SB Crowchild Tr: 24 Ave NW to Glenmore Tr SW,10,2026-09-03T14:44:07.000
2026-09-03T21:04:54.372Z,Crowchild Trail,SB Crowchild Tr: 33 Ave SW to Deerfoot Tr SE,10,2026-09-03T14:44:07.000
2026-09-03T21:04:54.372Z,Crowchild Trail,SB Crowchild Tr: 33 Ave SW to Glenmore Tr SW,4,2026-09-03T14:44:07.000
2026-09-03T21:04:54.372Z,Deerfoot Trail,NB Deerfoot Tr: 17 Ave SE to Airport Tr NE,9,2026-09-03T14:44:07.000
2026-09-03T21:04:54.372Z,Deerfoot Trail,NB Deerfoot Tr: 17 Ave SE to Stoney Tr NE,12,2026-09-03T14:44:07.000
2026-09-03T21:04:54.372Z,Deerfoot Trail,NB Deerfoot Tr: 274 Ave S to City Centre via Deerfoot Tr,29,2026-09-03T14:44:07.000
2026-09-03T21:04:54.372Z,Deerfoot Trail,NB Deerfoot Tr: 32 Ave NE to Airport Tr NE,4,2026-09-03T14:44:07.000
2026-09-03T21:04:54.372Z,Deerfoot Trail,NB Deerfoot Tr: 32 Ave NE to Stoney Tr NE,7,2026-09-03T14:44:07.000
2026-09-03T21:04:54.372Z,Deerfoot Trail,NB Deerfoot Tr: 8 Ave NE to Airport Tr NE,7,2026-09-03T14:44:07.000
2026-09-03T21:04:54.372Z,Deerfoot Trail,NB Deerfoot Tr: 8 Ave NE to Stoney Tr NE,9,2026-09-03T14:44:07.000
2026-09-03T21:04:54.372Z,Deerfoot Trail,NB Deerfoot Tr: Anderson Rd SE to Airport Tr NE,16,2026-09-03T14:44:07.000
2026-09-03T21:04:54.372Z,Deerfoot Trail,NB Deerfoot Tr: Anderson Rd SE to Memorial Dr SE,10,2026-09-03T14:44:07.000
2026-09-03T21:04:54.372Z,Deerfoot Trail,NB Deerfoot Tr: Cranston Ave SE to Memorial Dr SE,18,2026-09-03T14:44:07.000
2026-09-03T21:04:54.372Z,Deerfoot Trail,NB Deerfoot Tr: Cranston Ave SE to Southland Dr SE,10,2026-09-03T14:44:07.000
2026-09-03T21:04:54.372Z,Deerfoot Trail,NB Deerfoot Tr: Glenmore Tr SE to Airport Tr NE,11,2026-09-03T14:44:07.000
2026-09-03T21:04:54.372Z,Deerfoot Trail,NB Deerfoot Tr: Glenmore Tr SE to Memorial Dr SE,5,2026-09-03T14:44:07.000
2026-09-03T21:04:54.372Z,Deerfoot Trail,NB Deerfoot Tr: Glenmore Tr SE to Stoney Tr NE,14,2026-09-03T14:44:07.000
2026-09-03T21:04:54.372Z,Deerfoot Trail,SB Deerfoot Tr: 17 Ave SE to Anderson Rd SE,9,2026-09-03T14:44:07.000
2026-09-03T21:04:54.372Z,Deerfoot Trail,SB Deerfoot Tr: 17 Ave SE to Stoney Tr SE,14,2026-09-03T14:44:07.000
2026-09-03T21:04:54.372Z,Deerfoot Trail,SB Deerfoot Tr: 64 Ave NE to Anderson Rd SE,14,2026-09-03T14:44:07.000
2026-09-03T21:04:54.372Z,Deerfoot Trail,SB Deerfoot Tr: 64 Ave NE to Memorial Dr SE,5,2026-09-03T14:44:07.000
2026-09-03T21:04:54.372Z,Deerfoot Trail,SB Deerfoot Tr: 8 Ave SE to Glenmore Tr SE,6,2026-09-03T14:44:07.000
2026-09-03T21:04:54.372Z,Deerfoot Trail,SB Deerfoot Tr: 8 Ave SE to Stoney Tr SE,15,2026-09-03T14:44:07.000
2026-09-03T21:04:54.372Z,Deerfoot Trail,SB Deerfoot Tr: Airport Tr NE to Anderson Rd SE,16,2026-09-03T14:44:07.000
2026-09-03T21:04:54.372Z,Deerfoot Trail,SB Deerfoot Tr: Airport Tr NE to Memorial Dr SE,7,2026-09-03T14:44:07.000
2026-09-03T21:04:54.372Z,Deerfoot Trail,SB Deerfoot Tr: Balzac  to Stoney Tr SE via Deerfoot Tr,26,2026-09-03T14:44:07.000
2026-09-03T21:04:54.372Z,Deerfoot Trail,SB Deerfoot Tr: Peigan Tr SE to Anderson Rd SE,7,2026-09-03T14:44:07.000
2026-09-03T21:04:54.372Z,Deerfoot Trail,SB Deerfoot Tr: Peigan Tr SE to Stoney Tr SE,12,2026-09-03T14:44:07.000
2026-09-03T21:04:54.372Z,Glenmore Trail,EB Glenmore Tr: Crowchild Tr SW to Deerfoot Tr SE,8,2026-09-03T14:44:07.000
2026-09-03T21:04:54.372Z,Glenmore Trail,WB Glenmore Tr: Odgen Rd SE to Bow Trail SW,12,2026-09-03T14:44:07.000
2026-09-03T21:04:54.372Z,Glenmore Trail,WB Glenmore Tr: Odgen Rd SE to Crowchild Tr SW,8,2026-09-03T14:44:07.000
2026-09-03T21:04:54.372Z,Macleod Trail,NB Macleod Tr: 274 Ave S to City Centre via Macleod Tr,32,2026-09-03T14:44:07.000
2026-09-03T21:04:54.372Z,Macleod Trail,NB Macleod Tr: Anderson Rd SE to 7 Av SE,17,2026-09-03T14:44:07.000
2026-09-03T21:04:54.372Z,Macleod Trail,NB Macleod Tr: Anderson Rd SE to Blackfoot Tr SW,28,2026-09-03T14:44:07.000
2026-09-03T21:04:54.372Z,Macleod Trail,NB Macleod Tr: Anderson Rd SE to Crowchild Tr SW,12,2026-09-03T14:44:07.000
2026-09-03T21:04:54.372Z,Macleod Trail,NB Macleod Tr: N of 25 Ave S to City Centre,3,2026-09-03T14:44:07.000
2026-09-03T21:04:54.372Z,Stoney Trail,EB Stoney Tr: Chaparral Blvd SE to 16 Ave NE,16,2026-09-03T14:44:07.000
2026-09-03T21:04:54.372Z,Stoney Trail,EB Stoney Tr: Chaparral Blvd SE to Glenmore Tr SE,10,2026-09-03T14:44:07.000
2026-09-03T21:04:54.372Z,Stoney Trail,EB Stoney Tr: Harvest Hills Blvd NW to 16 Ave NE,14,2026-09-03T14:44:07.000
2026-09-03T21:04:54.372Z,Stoney Trail,EB Stoney Tr: Harvest Hills Blvd NW to Glenmore Tr SE,20,2026-09-03T14:44:07.000
2026-09-03T21:04:54.372Z,Stoney Trail,EB Stoney W : Sarcee Tr NW to 16 Ave NE,19,2026-09-03T14:44:07.000
2026-09-03T21:04:54.372Z,Stoney Trail,EB Stoney W : Sarcee Tr NW to Deerfoot Tr N,8,2026-09-03T14:44:07.000
2026-09-03T21:04:54.372Z,Stoney Trail,NB Stoney Tr: 114 Ave SE to 16 Ave NE,8,2026-09-03T14:44:07.000
2026-09-03T21:04:54.372Z,Stoney Trail,NB Stoney Tr: 114 Ave SE to Deerfoot Tr NE,20,2026-09-03T14:44:07.000
2026-09-03T21:04:54.372Z,Stoney Trail,NB Stoney Tr: McKnight Blvd NE to Crowchild Tr NW,20,2026-09-03T14:44:07.000
2026-09-03T21:04:54.372Z,Stoney Trail,NB Stoney Tr: McKnight Blvd NE to Deerfoot Tr N,9,2026-09-03T14:44:07.000
2026-09-03T21:04:54.372Z,Stoney Trail,NB Stoney Tr: Peigan Tr SE to Deerfoot Tr NE,15,2026-09-03T14:44:07.000
2026-09-03T21:04:54.372Z,Stoney Trail,NB Stoney Tr: Peigan Tr SE to McKnight Blvd NE,6,2026-09-03T14:44:07.000
2026-09-03T21:04:54.372Z,Stoney Trail,SB Deerfoot Tr: Balzac  to Stoney Tr SE via Stoney Tr,27,2026-09-03T14:44:07.000
2026-09-03T21:04:54.372Z,Stoney Trail,SB Stoney Tr: Mcknight Blvd NE to Deerfoot Tr S,15,2026-09-03T14:44:07.000
2026-09-03T21:04:54.372Z,Stoney Trail,SB Stoney Tr: Mcknight Blvd NE to Glenmore Tr SE,8,2026-09-03T14:44:07.000
2026-09-03T21:04:54.372Z,Stoney Trail,SB Stoney Tr: Peigan Tr SE to 52 St SE,8,2026-09-03T14:44:07.000
2026-09-03T21:04:54.372Z,Stoney Trail,SB Stoney Tr: Peigan Tr SE to Macleod Tr SE,13,2026-09-03T14:44:07.000
2026-09-03T21:04:54.372Z,Stoney Trail,WB Stoney Tr: 52 St SE to James Mckevitt Rd SW,7,2026-09-03T14:44:07.000
2026-09-03T21:04:54.372Z,Stoney Trail,WB Stoney Tr: 52 St SE to Macleod Tr SE,5,2026-09-03T14:44:07.000
2026-09-03T21:04:54.372Z,Stoney Trail,WB Stoney Tr: Country Hills Blvd NW to 16 Ave NW,5,2026-09-03T14:44:07.000
2026-09-03T21:04:54.372Z,Stoney Trail,WB Stoney Tr: Deerfoot Tr NW to 16 Ave NW,13,2026-09-03T14:44:07.000
2026-09-03T21:04:54.372Z,Stoney Trail,WB Stoney Tr: Deerfoot Tr NW to Crowchild Tr NW,9,2026-09-03T14:44:07.000
2026-09-03T21:04:54.372Z,Trans Canada Highway,WB Trans Canada Hwy: Hwy 22 to Banff,51,2026-09-03T14:44:07.000
2026-09-03T21:04:54.372Z,Trans Canada Highway,WB Trans Canada Hwy: Hwy 22 to Kananaskis Village,43,2026-09-03T14:44:07.000
2026-09-03T23:18:19.739Z,16 Avenue,WB 16 Ave: Stoney Tr NE to Valley Ridge Bv NW via 16 Ave,43,2026-09-03T17:04:05.000
2026-09-03T23:18:19.739Z,16 Avenue,WB 16 Ave: Stoney Tr NE to Valley Ridge Bv Via Stoney Tr,34,2026-09-03T17:04:05.000
2026-09-03T23:18:19.739Z,Crowchild Trail,NB Crowchild Tr: 50 Ave SW to 24 Ave NW,12,2026-09-03T17:04:05.000
2026-09-03T23:18:19.739Z,Crowchild Trail,NB Crowchild Tr: 50 Ave SW to Memorial Dr NW,4,2026-09-03T17:04:05.000
2026-09-03T23:18:19.739Z,Crowchild Trail,NB Crowchild Tr: Glenmore Tr SW to 24 Ave NW,14,2026-09-03T17:04:05.000
2026-09-03T23:18:19.739Z,Crowchild Trail,SB Crowchild Tr: 12 Mile Coulee Rd NW to Glenmore Tr SW,22,2026-09-03T17:04:05.000
2026-09-03T23:18:19.739Z,Crowchild Trail,SB Crowchild Tr: 12 Mile Coulee Rd NW to Memorial Dr NW,15,2026-09-03T17:04:05.000
2026-09-03T23:18:19.739Z,Crowchild Trail,SB Crowchild Tr: 24 Ave NW to 17 Ave SW,8,2026-09-03T17:04:05.000
2026-09-03T23:18:19.739Z,Crowchild Trail,SB Crowchild Tr: 24 Ave NW to Glenmore Tr SW,14,2026-09-03T17:04:05.000
2026-09-03T23:18:19.739Z,Crowchild Trail,SB Crowchild Tr: 33 Ave SW to Deerfoot Tr SE,16,2026-09-03T17:04:05.000
2026-09-03T23:18:19.739Z,Crowchild Trail,SB Crowchild Tr: 33 Ave SW to Glenmore Tr SW,4,2026-09-03T17:04:05.000
2026-09-03T23:18:19.739Z,Deerfoot Trail,NB Deerfoot Tr: 17 Ave SE to Airport Tr NE,27,2026-09-03T17:04:05.000
2026-09-03T23:18:19.739Z,Deerfoot Trail,NB Deerfoot Tr: 17 Ave SE to Stoney Tr NE,34,2026-09-03T17:04:05.000
2026-09-03T23:18:19.739Z,Deerfoot Trail,NB Deerfoot Tr: 274 Ave S to City Centre via Deerfoot Tr,37,2026-09-03T17:04:05.000
2026-09-03T23:18:19.739Z,Deerfoot Trail,NB Deerfoot Tr: 32 Ave NE to Airport Tr NE,19,2026-09-03T17:04:05.000
2026-09-03T23:18:19.739Z,Deerfoot Trail,NB Deerfoot Tr: 32 Ave NE to Stoney Tr NE,26,2026-09-03T17:04:05.000
2026-09-03T23:18:19.739Z,Deerfoot Trail,NB Deerfoot Tr: 8 Ave NE to Airport Tr NE,24,2026-09-03T17:04:05.000
2026-09-03T23:18:19.739Z,Deerfoot Trail,NB Deerfoot Tr: 8 Ave NE to Stoney Tr NE,30,2026-09-03T17:04:05.000
2026-09-03T23:18:19.739Z,Deerfoot Trail,NB Deerfoot Tr: Anderson Rd SE to Airport Tr NE,36,2026-09-03T17:04:05.000
2026-09-03T23:18:19.739Z,Deerfoot Trail,NB Deerfoot Tr: Anderson Rd SE to Memorial Dr SE,13,2026-09-03T17:04:05.000
2026-09-03T23:18:19.739Z,Deerfoot Trail,NB Deerfoot Tr: Cranston Ave SE to Memorial Dr SE,22,2026-09-03T17:04:05.000
2026-09-03T23:18:19.739Z,Deerfoot Trail,NB Deerfoot Tr: Cranston Ave SE to Southland Dr SE,12,2026-09-03T17:04:05.000
2026-09-03T23:18:19.739Z,Deerfoot Trail,NB Deerfoot Tr: Glenmore Tr SE to Airport Tr NE,31,2026-09-03T17:04:05.000
2026-09-03T23:18:19.739Z,Deerfoot Trail,NB Deerfoot Tr: Glenmore Tr SE to Memorial Dr SE,7,2026-09-03T17:04:05.000
2026-09-03T23:18:19.739Z,Deerfoot Trail,NB Deerfoot Tr: Glenmore Tr SE to Stoney Tr NE,37,2026-09-03T17:04:05.000
2026-09-03T23:18:19.739Z,Deerfoot Trail,SB Deerfoot Tr: 17 Ave SE to Anderson Rd SE,19,2026-09-03T17:04:05.000
2026-09-03T23:18:19.739Z,Deerfoot Trail,SB Deerfoot Tr: 17 Ave SE to Stoney Tr SE,25,2026-09-03T17:04:05.000
2026-09-03T23:18:19.739Z,Deerfoot Trail,SB Deerfoot Tr: 64 Ave NE to Anderson Rd SE,24,2026-09-03T17:04:05.000
2026-09-03T23:18:19.739Z,Deerfoot Trail,SB Deerfoot Tr: 64 Ave NE to Memorial Dr SE,5,2026-09-03T17:04:05.000
2026-09-03T23:18:19.739Z,Deerfoot Trail,SB Deerfoot Tr: 8 Ave SE to Glenmore Tr SE,11,2026-09-03T17:04:05.000
2026-09-03T23:18:19.739Z,Deerfoot Trail,SB Deerfoot Tr: 8 Ave SE to Stoney Tr SE,27,2026-09-03T17:04:05.000
2026-09-03T23:18:19.739Z,Deerfoot Trail,SB Deerfoot Tr: Airport Tr NE to Anderson Rd SE,25,2026-09-03T17:04:05.000
2026-09-03T23:18:19.739Z,Deerfoot Trail,SB Deerfoot Tr: Airport Tr NE to Memorial Dr SE,7,2026-09-03T17:04:05.000
2026-09-03T23:18:19.739Z,Deerfoot Trail,SB Deerfoot Tr: Balzac  to Stoney Tr SE via Deerfoot Tr,36,2026-09-03T17:04:05.000
2026-09-03T23:18:19.739Z,Deerfoot Trail,SB Deerfoot Tr: Peigan Tr SE to Anderson Rd SE,15,2026-09-03T17:04:05.000
2026-09-03T23:18:19.739Z,Deerfoot Trail,SB Deerfoot Tr: Peigan Tr SE to Stoney Tr SE,21,2026-09-03T17:04:05.000
2026-09-03T23:18:19.739Z,Glenmore Trail,EB Glenmore Tr: Crowchild Tr SW to Deerfoot Tr SE,13,2026-09-03T17:04:05.000
2026-09-03T23:18:19.739Z,Glenmore Trail,WB Glenmore Tr: Odgen Rd SE to Bow Trail SW,19,2026-09-03T17:04:05.000
2026-09-03T23:18:19.739Z,Glenmore Trail,WB Glenmore Tr: Odgen Rd SE to Crowchild Tr SW,15,2026-09-03T17:04:05.000
2026-09-03T23:18:19.739Z,Macleod Trail,NB Macleod Tr: 274 Ave S to City Centre via Macleod Tr,33,2026-09-03T17:04:05.000
2026-09-03T23:18:19.739Z,Macleod Trail,NB Macleod Tr: Anderson Rd SE to 7 Av SE,17,2026-09-03T17:04:05.000
2026-09-03T23:18:19.739Z,Macleod Trail,NB Macleod Tr: Anderson Rd SE to Blackfoot Tr SW,30,2026-09-03T17:04:05.000
2026-09-03T23:18:19.739Z,Macleod Trail,NB Macleod Tr: Anderson Rd SE to Crowchild Tr SW,13,2026-09-03T17:04:05.000
2026-09-03T23:18:19.739Z,Macleod Trail,NB Macleod Tr: N of 25 Ave S to City Centre,4,2026-09-03T17:04:05.000
2026-09-03T23:18:19.739Z,Stoney Trail,EB Stoney Tr: Chaparral Blvd SE to 16 Ave NE,15,2026-09-03T17:04:05.000
2026-09-03T23:18:19.739Z,Stoney Trail,EB Stoney Tr: Chaparral Blvd SE to Glenmore Tr SE,10,2026-09-03T17:04:05.000
2026-09-03T23:18:19.739Z,Stoney Trail,EB Stoney Tr: Harvest Hills Blvd NW to 16 Ave NE,14,2026-09-03T17:04:05.000
2026-09-03T23:18:19.739Z,Stoney Trail,EB Stoney Tr: Harvest Hills Blvd NW to Glenmore Tr SE,19,2026-09-03T17:04:05.000
2026-09-03T23:18:19.739Z,Stoney Trail,EB Stoney W : Sarcee Tr NW to 16 Ave NE,20,2026-09-03T17:04:05.000
2026-09-03T23:18:19.739Z,Stoney Trail,EB Stoney W : Sarcee Tr NW to Deerfoot Tr N,9,2026-09-03T17:04:05.000
2026-09-03T23:18:19.739Z,Stoney Trail,NB Stoney Tr: 114 Ave SE to 16 Ave NE,8,2026-09-03T17:04:05.000
2026-09-03T23:18:19.739Z,Stoney Trail,NB Stoney Tr: 114 Ave SE to Deerfoot Tr NE,25,2026-09-03T17:04:05.000
2026-09-03T23:18:19.739Z,Stoney Trail,NB Stoney Tr: McKnight Blvd NE to Crowchild Tr NW,25,2026-09-03T17:04:05.000
2026-09-03T23:18:19.739Z,Stoney Trail,NB Stoney Tr: McKnight Blvd NE to Deerfoot Tr N,13,2026-09-03T17:04:05.000
2026-09-03T23:18:19.739Z,Stoney Trail,NB Stoney Tr: Peigan Tr SE to Deerfoot Tr NE,20,2026-09-03T17:04:05.000
2026-09-03T23:18:19.739Z,Stoney Trail,NB Stoney Tr: Peigan Tr SE to McKnight Blvd NE,7,2026-09-03T17:04:05.000
2026-09-03T23:18:19.739Z,Stoney Trail,SB Deerfoot Tr: Balzac  to Stoney Tr SE via Stoney Tr,26,2026-09-03T17:04:05.000
2026-09-03T23:18:19.739Z,Stoney Trail,SB Stoney Tr: Mcknight Blvd NE to Deerfoot Tr S,14,2026-09-03T17:04:05.000
2026-09-03T23:18:19.739Z,Stoney Trail,SB Stoney Tr: Mcknight Blvd NE to Glenmore Tr SE,8,2026-09-03T17:04:05.000
2026-09-03T23:18:19.739Z,Stoney Trail,SB Stoney Tr: Peigan Tr SE to 52 St SE,8,2026-09-03T17:04:05.000
2026-09-03T23:18:19.739Z,Stoney Trail,SB Stoney Tr: Peigan Tr SE to Macleod Tr SE,14,2026-09-03T17:04:05.000
2026-09-03T23:18:19.739Z,Stoney Trail,WB Stoney Tr: 52 St SE to James Mckevitt Rd SW,8,2026-09-03T17:04:05.000
2026-09-03T23:18:19.739Z,Stoney Trail,WB Stoney Tr: 52 St SE to Macleod Tr SE,6,2026-09-03T17:04:05.000
2026-09-03T23:18:19.739Z,Stoney Trail,WB Stoney Tr: Country Hills Blvd NW to 16 Ave NW,6,2026-09-03T17:04:05.000
2026-09-03T23:18:19.739Z,Stoney Trail,WB Stoney Tr: Deerfoot Tr NW to 16 Ave NW,13,2026-09-03T17:04:05.000
2026-09-03T23:18:19.739Z,Stoney Trail,WB Stoney Tr: Deerfoot Tr NW to Crowchild Tr NW,10,2026-09-03T17:04:05.000
2026-09-03T23:18:19.739Z,Trans Canada Highway,WB Trans Canada Hwy: Hwy 22 to Banff,50,2026-09-03T17:04:05.000
2026-09-03T23:18:19.739Z,Trans Canada Highway,WB Trans Canada Hwy: Hwy 22 to Kananaskis Village,44,2026-09-03T17:04:05.000
2026-09-04T01:03:29.944Z,16 Avenue,WB 16 Ave: Stoney Tr NE to Valley Ridge Bv NW via 16 Ave,34,2026-09-03T18:44:05.000
2026-09-04T01:03:29.944Z,16 Avenue,WB 16 Ave: Stoney Tr NE to Valley Ridge Bv Via Stoney Tr,26,2026-09-03T18:44:05.000
2026-09-04T01:03:29.944Z,Crowchild Trail,NB Crowchild Tr: 50 Ave SW to 24 Ave NW,8,2026-09-03T18:44:05.000
2026-09-04T01:03:29.944Z,Crowchild Trail,NB Crowchild Tr: 50 Ave SW to Memorial Dr NW,4,2026-09-03T18:44:05.000
2026-09-04T01:03:29.944Z,Crowchild Trail,NB Crowchild Tr: Glenmore Tr SW to 24 Ave NW,9,2026-09-03T18:44:05.000
2026-09-04T01:03:29.944Z,Crowchild Trail,SB Crowchild Tr: 12 Mile Coulee Rd NW to Glenmore Tr SW,16,2026-09-03T18:44:05.000
2026-09-04T01:03:29.944Z,Crowchild Trail,SB Crowchild Tr: 12 Mile Coulee Rd NW to Memorial Dr NW,12,2026-09-03T18:44:05.000
2026-09-04T01:03:29.944Z,Crowchild Trail,SB Crowchild Tr: 24 Ave NW to 17 Ave SW,5,2026-09-03T18:44:05.000
2026-09-04T01:03:29.944Z,Crowchild Trail,SB Crowchild Tr: 24 Ave NW to Glenmore Tr SW,9,2026-09-03T18:44:05.000
2026-09-04T01:03:29.944Z,Crowchild Trail,SB Crowchild Tr: 33 Ave SW to Deerfoot Tr SE,8,2026-09-03T18:44:05.000
2026-09-04T01:03:29.944Z,Crowchild Trail,SB Crowchild Tr: 33 Ave SW to Glenmore Tr SW,3,2026-09-03T18:44:05.000
2026-09-04T01:03:29.944Z,Deerfoot Trail,NB Deerfoot Tr: 17 Ave SE to Airport Tr NE,9,2026-09-03T18:44:05.000
2026-09-04T01:03:29.944Z,Deerfoot Trail,NB Deerfoot Tr: 17 Ave SE to Stoney Tr NE,11,2026-09-03T18:44:05.000
2026-09-04T01:03:29.944Z,Deerfoot Trail,NB Deerfoot Tr: 274 Ave S to City Centre via Deerfoot Tr,28,2026-09-03T18:44:05.000
2026-09-04T01:03:29.944Z,Deerfoot Trail,NB Deerfoot Tr: 32 Ave NE to Airport Tr NE,4,2026-09-03T18:44:05.000
2026-09-04T01:03:29.944Z,Deerfoot Trail,NB Deerfoot Tr: 32 Ave NE to Stoney Tr NE,7,2026-09-03T18:44:05.000
2026-09-04T01:03:29.944Z,Deerfoot Trail,NB Deerfoot Tr: 8 Ave NE to Airport Tr NE,6,2026-09-03T18:44:05.000
2026-09-04T01:03:29.944Z,Deerfoot Trail,NB Deerfoot Tr: 8 Ave NE to Stoney Tr NE,9,2026-09-03T18:44:05.000
2026-09-04T01:03:29.944Z,Deerfoot Trail,NB Deerfoot Tr: Anderson Rd SE to Airport Tr NE,16,2026-09-03T18:44:05.000
2026-09-04T01:03:29.944Z,Deerfoot Trail,NB Deerfoot Tr: Anderson Rd SE to Memorial Dr SE,10,2026-09-03T18:44:05.000
2026-09-04T01:03:29.944Z,Deerfoot Trail,NB Deerfoot Tr: Cranston Ave SE to Memorial Dr SE,18,2026-09-03T18:44:05.000
2026-09-04T01:03:29.944Z,Deerfoot Trail,NB Deerfoot Tr: Cranston Ave SE to Southland Dr SE,10,2026-09-03T18:44:05.000
2026-09-04T01:03:29.944Z,Deerfoot Trail,NB Deerfoot Tr: Glenmore Tr SE to Airport Tr NE,11,2026-09-03T18:44:05.000
2026-09-04T01:03:29.944Z,Deerfoot Trail,NB Deerfoot Tr: Glenmore Tr SE to Memorial Dr SE,5,2026-09-03T18:44:05.000
2026-09-04T01:03:29.944Z,Deerfoot Trail,NB Deerfoot Tr: Glenmore Tr SE to Stoney Tr NE,14,2026-09-03T18:44:05.000
2026-09-04T01:03:29.944Z,Deerfoot Trail,SB Deerfoot Tr: 17 Ave SE to Anderson Rd SE,10,2026-09-03T18:44:05.000
2026-09-04T01:03:29.944Z,Deerfoot Trail,SB Deerfoot Tr: 17 Ave SE to Stoney Tr SE,15,2026-09-03T18:44:05.000
2026-09-04T01:03:29.944Z,Deerfoot Trail,SB Deerfoot Tr: 64 Ave NE to Anderson Rd SE,16,2026-09-03T18:44:05.000
2026-09-04T01:03:29.944Z,Deerfoot Trail,SB Deerfoot Tr: 64 Ave NE to Memorial Dr SE,5,2026-09-03T18:44:05.000
2026-09-04T01:03:29.944Z,Deerfoot Trail,SB Deerfoot Tr: 8 Ave SE to Glenmore Tr SE,6,2026-09-03T18:44:05.000
2026-09-04T01:03:29.944Z,Deerfoot Trail,SB Deerfoot Tr: 8 Ave SE to Stoney Tr SE,16,2026-09-03T18:44:05.000
2026-09-04T01:03:29.944Z,Deerfoot Trail,SB Deerfoot Tr: Airport Tr NE to Anderson Rd SE,18,2026-09-03T18:44:05.000
2026-09-04T01:03:29.944Z,Deerfoot Trail,SB Deerfoot Tr: Airport Tr NE to Memorial Dr SE,7,2026-09-03T18:44:05.000
2026-09-04T01:03:29.944Z,Deerfoot Trail,SB Deerfoot Tr: Balzac  to Stoney Tr SE via Deerfoot Tr,27,2026-09-03T18:44:05.000
2026-09-04T01:03:29.944Z,Deerfoot Trail,SB Deerfoot Tr: Peigan Tr SE to Anderson Rd SE,9,2026-09-03T18:44:05.000
2026-09-04T01:03:29.944Z,Deerfoot Trail,SB Deerfoot Tr: Peigan Tr SE to Stoney Tr SE,14,2026-09-03T18:44:05.000
2026-09-04T01:03:29.944Z,Glenmore Trail,EB Glenmore Tr: Crowchild Tr SW to Deerfoot Tr SE,5,2026-09-03T18:44:05.000
2026-09-04T01:03:29.944Z,Glenmore Trail,WB Glenmore Tr: Odgen Rd SE to Bow Trail SW,21,2026-09-03T18:44:05.000
2026-09-04T01:03:29.944Z,Glenmore Trail,WB Glenmore Tr: Odgen Rd SE to Crowchild Tr SW,18,2026-09-03T18:44:05.000
2026-09-04T01:03:29.944Z,Macleod Trail,NB Macleod Tr: 274 Ave S to City Centre via Macleod Tr,28,2026-09-03T18:44:05.000
2026-09-04T01:03:29.944Z,Macleod Trail,NB Macleod Tr: Anderson Rd SE to 7 Av SE,16,2026-09-03T18:44:05.000
2026-09-04T01:03:29.944Z,Macleod Trail,NB Macleod Tr: Anderson Rd SE to Blackfoot Tr SW,26,2026-09-03T18:44:05.000
2026-09-04T01:03:29.944Z,Macleod Trail,NB Macleod Tr: Anderson Rd SE to Crowchild Tr SW,18,2026-09-03T18:44:05.000
2026-09-04T01:03:29.944Z,Macleod Trail,NB Macleod Tr: N of 25 Ave S to City Centre,3,2026-09-03T18:44:05.000
2026-09-04T01:03:29.944Z,Stoney Trail,EB Stoney Tr: Chaparral Blvd SE to 16 Ave NE,15,2026-09-03T18:44:05.000
2026-09-04T01:03:29.944Z,Stoney Trail,EB Stoney Tr: Chaparral Blvd SE to Glenmore Tr SE,9,2026-09-03T18:44:05.000
2026-09-04T01:03:29.944Z,Stoney Trail,EB Stoney Tr: Harvest Hills Blvd NW to 16 Ave NE,14,2026-09-03T18:44:05.000
2026-09-04T01:03:29.944Z,Stoney Trail,EB Stoney Tr: Harvest Hills Blvd NW to Glenmore Tr SE,19,2026-09-03T18:44:05.000
2026-09-04T01:03:29.944Z,Stoney Trail,EB Stoney W : Sarcee Tr NW to 16 Ave NE,18,2026-09-03T18:44:05.000
2026-09-04T01:03:29.944Z,Stoney Trail,EB Stoney W : Sarcee Tr NW to Deerfoot Tr N,8,2026-09-03T18:44:05.000
2026-09-04T01:03:29.944Z,Stoney Trail,NB Stoney Tr: 114 Ave SE to 16 Ave NE,8,2026-09-03T18:44:05.000
2026-09-04T01:03:29.944Z,Stoney Trail,NB Stoney Tr: 114 Ave SE to Deerfoot Tr NE,18,2026-09-03T18:44:05.000
2026-09-04T01:03:29.944Z,Stoney Trail,NB Stoney Tr: McKnight Blvd NE to Crowchild Tr NW,19,2026-09-03T18:44:05.000
2026-09-04T01:03:29.944Z,Stoney Trail,NB Stoney Tr: McKnight Blvd NE to Deerfoot Tr N,9,2026-09-03T18:44:05.000
2026-09-04T01:03:29.944Z,Stoney Trail,NB Stoney Tr: Peigan Tr SE to Deerfoot Tr NE,14,2026-09-03T18:44:05.000
2026-09-04T01:03:29.944Z,Stoney Trail,NB Stoney Tr: Peigan Tr SE to McKnight Blvd NE,6,2026-09-03T18:44:05.000
2026-09-04T01:03:29.944Z,Stoney Trail,SB Deerfoot Tr: Balzac  to Stoney Tr SE via Stoney Tr,26,2026-09-03T18:44:05.000
2026-09-04T01:03:29.944Z,Stoney Trail,SB Stoney Tr: Mcknight Blvd NE to Deerfoot Tr S,14,2026-09-03T18:44:05.000
2026-09-04T01:03:29.944Z,Stoney Trail,SB Stoney Tr: Mcknight Blvd NE to Glenmore Tr SE,7,2026-09-03T18:44:05.000
2026-09-04T01:03:29.944Z,Stoney Trail,SB Stoney Tr: Peigan Tr SE to 52 St SE,8,2026-09-03T18:44:05.000
2026-09-04T01:03:29.944Z,Stoney Trail,SB Stoney Tr: Peigan Tr SE to Macleod Tr SE,13,2026-09-03T18:44:05.000
2026-09-04T01:03:29.944Z,Stoney Trail,WB Stoney Tr: 52 St SE to James Mckevitt Rd SW,7,2026-09-03T18:44:05.000
2026-09-04T01:03:29.944Z,Stoney Trail,WB Stoney Tr: 52 St SE to Macleod Tr SE,5,2026-09-03T18:44:05.000
2026-09-04T01:03:29.944Z,Stoney Trail,WB Stoney Tr: Country Hills Blvd NW to 16 Ave NW,5,2026-09-03T18:44:05.000
2026-09-04T01:03:29.944Z,Stoney Trail,WB Stoney Tr: Deerfoot Tr NW to 16 Ave NW,12,2026-09-03T18:44:05.000
2026-09-04T01:03:29.944Z,Stoney Trail,WB Stoney Tr: Deerfoot Tr NW to Crowchild Tr NW,9,2026-09-03T18:44:05.000
2026-09-04T01:03:29.944Z,Trans Canada Highway,WB Trans Canada Hwy: Hwy 22 to Banff,50,2026-09-03T18:44:05.000
2026-09-04T01:03:29.944Z,Trans Canada Highway,WB Trans Canada Hwy: Hwy 22 to Kananaskis Village,44,2026-09-03T18:44:05.000
2026-09-04T05:57:15.918Z,16 Avenue,WB 16 Ave: Stoney Tr NE to Valley Ridge Bv NW via 16 Ave,28,2026-09-03T23:44:09.000
2026-09-04T05:57:15.918Z,16 Avenue,WB 16 Ave: Stoney Tr NE to Valley Ridge Bv Via Stoney Tr,26,2026-09-03T23:44:09.000
2026-09-04T05:57:15.918Z,Crowchild Trail,NB Crowchild Tr: 50 Ave SW to 24 Ave NW,7,2026-09-03T23:44:09.000
2026-09-04T05:57:15.918Z,Crowchild Trail,NB Crowchild Tr: 50 Ave SW to Memorial Dr NW,4,2026-09-03T23:44:09.000
2026-09-04T05:57:15.918Z,Crowchild Trail,NB Crowchild Tr: Glenmore Tr SW to 24 Ave NW,9,2026-09-03T23:44:09.000
2026-09-04T05:57:15.918Z,Crowchild Trail,SB Crowchild Tr: 12 Mile Coulee Rd NW to Glenmore Tr SW,17,2026-09-03T23:44:09.000
2026-09-04T05:57:15.918Z,Crowchild Trail,SB Crowchild Tr: 12 Mile Coulee Rd NW to Memorial Dr NW,12,2026-09-03T23:44:09.000
2026-09-04T05:57:15.918Z,Crowchild Trail,SB Crowchild Tr: 24 Ave NW to 17 Ave SW,5,2026-09-03T23:44:09.000
2026-09-04T05:57:15.918Z,Crowchild Trail,SB Crowchild Tr: 24 Ave NW to Glenmore Tr SW,9,2026-09-03T23:44:09.000
2026-09-04T05:57:15.918Z,Crowchild Trail,SB Crowchild Tr: 33 Ave SW to Deerfoot Tr SE,8,2026-09-03T23:44:09.000
2026-09-04T05:57:15.918Z,Crowchild Trail,SB Crowchild Tr: 33 Ave SW to Glenmore Tr SW,3,2026-09-03T23:44:09.000
2026-09-04T05:57:15.918Z,Deerfoot Trail,NB Deerfoot Tr: 17 Ave SE to Airport Tr NE,9,2026-09-03T23:44:09.000
2026-09-04T05:57:15.918Z,Deerfoot Trail,NB Deerfoot Tr: 17 Ave SE to Stoney Tr NE,12,2026-09-03T23:44:09.000
2026-09-04T05:57:15.918Z,Deerfoot Trail,NB Deerfoot Tr: 274 Ave S to City Centre via Deerfoot Tr,28,2026-09-03T23:44:09.000
2026-09-04T05:57:15.918Z,Deerfoot Trail,NB Deerfoot Tr: 32 Ave NE to Airport Tr NE,4,2026-09-03T23:44:09.000
2026-09-04T05:57:15.918Z,Deerfoot Trail,NB Deerfoot Tr: 32 Ave NE to Stoney Tr NE,7,2026-09-03T23:44:09.000
2026-09-04T05:57:15.918Z,Deerfoot Trail,NB Deerfoot Tr: 8 Ave NE to Airport Tr NE,7,2026-09-03T23:44:09.000
2026-09-04T05:57:15.918Z,Deerfoot Trail,NB Deerfoot Tr: 8 Ave NE to Stoney Tr NE,10,2026-09-03T23:44:09.000
2026-09-04T05:57:15.918Z,Deerfoot Trail,NB Deerfoot Tr: Anderson Rd SE to Airport Tr NE,17,2026-09-03T23:44:09.000
2026-09-04T05:57:15.918Z,Deerfoot Trail,NB Deerfoot Tr: Anderson Rd SE to Memorial Dr SE,10,2026-09-03T23:44:09.000
2026-09-04T05:57:15.918Z,Deerfoot Trail,NB Deerfoot Tr: Cranston Ave SE to Memorial Dr SE,18,2026-09-03T23:44:09.000
2026-09-04T05:57:15.918Z,Deerfoot Trail,NB Deerfoot Tr: Cranston Ave SE to Southland Dr SE,11,2026-09-03T23:44:09.000
2026-09-04T05:57:15.918Z,Deerfoot Trail,NB Deerfoot Tr: Glenmore Tr SE to Airport Tr NE,12,2026-09-03T23:44:09.000
2026-09-04T05:57:15.918Z,Deerfoot Trail,NB Deerfoot Tr: Glenmore Tr SE to Memorial Dr SE,5,2026-09-03T23:44:09.000
2026-09-04T05:57:15.918Z,Deerfoot Trail,NB Deerfoot Tr: Glenmore Tr SE to Stoney Tr NE,14,2026-09-03T23:44:09.000
2026-09-04T05:57:15.918Z,Deerfoot Trail,SB Deerfoot Tr: 17 Ave SE to Anderson Rd SE,10,2026-09-03T23:44:09.000
2026-09-04T05:57:15.918Z,Deerfoot Trail,SB Deerfoot Tr: 17 Ave SE to Stoney Tr SE,14,2026-09-03T23:44:09.000
2026-09-04T05:57:15.918Z,Deerfoot Trail,SB Deerfoot Tr: 64 Ave NE to Anderson Rd SE,16,2026-09-03T23:44:09.000
2026-09-04T05:57:15.918Z,Deerfoot Trail,SB Deerfoot Tr: 64 Ave NE to Memorial Dr SE,6,2026-09-03T23:44:09.000
2026-09-04T05:57:15.918Z,Deerfoot Trail,SB Deerfoot Tr: 8 Ave SE to Glenmore Tr SE,7,2026-09-03T23:44:09.000
2026-09-04T05:57:15.918Z,Deerfoot Trail,SB Deerfoot Tr: 8 Ave SE to Stoney Tr SE,16,2026-09-03T23:44:09.000
2026-09-04T05:57:15.918Z,Deerfoot Trail,SB Deerfoot Tr: Airport Tr NE to Anderson Rd SE,18,2026-09-03T23:44:09.000
2026-09-04T05:57:15.918Z,Deerfoot Trail,SB Deerfoot Tr: Airport Tr NE to Memorial Dr SE,8,2026-09-03T23:44:09.000
2026-09-04T05:57:15.918Z,Deerfoot Trail,SB Deerfoot Tr: Balzac  to Stoney Tr SE via Deerfoot Tr,28,2026-09-03T23:44:09.000
2026-09-04T05:57:15.918Z,Deerfoot Trail,SB Deerfoot Tr: Peigan Tr SE to Anderson Rd SE,8,2026-09-03T23:44:09.000
2026-09-04T05:57:15.918Z,Deerfoot Trail,SB Deerfoot Tr: Peigan Tr SE to Stoney Tr SE,13,2026-09-03T23:44:09.000
2026-09-04T05:57:15.918Z,Glenmore Trail,EB Glenmore Tr: Crowchild Tr SW to Deerfoot Tr SE,6,2026-09-03T23:44:09.000
2026-09-04T05:57:15.918Z,Glenmore Trail,WB Glenmore Tr: Odgen Rd SE to Bow Trail SW,11,2026-09-03T23:44:09.000
2026-09-04T05:57:15.918Z,Glenmore Trail,WB Glenmore Tr: Odgen Rd SE to Crowchild Tr SW,8,2026-09-03T23:44:09.000
2026-09-04T05:57:15.918Z,Macleod Trail,NB Macleod Tr: 274 Ave S to City Centre via Macleod Tr,26,2026-09-03T23:44:09.000
2026-09-04T05:57:15.918Z,Macleod Trail,NB Macleod Tr: Anderson Rd SE to 7 Av SE,14,2026-09-03T23:44:09.000
2026-09-04T05:57:15.918Z,Macleod Trail,NB Macleod Tr: Anderson Rd SE to Blackfoot Tr SW,23,2026-09-03T23:44:09.000
2026-09-04T05:57:15.918Z,Macleod Trail,NB Macleod Tr: Anderson Rd SE to Crowchild Tr SW,10,2026-09-03T23:44:09.000
2026-09-04T05:57:15.918Z,Macleod Trail,NB Macleod Tr: N of 25 Ave S to City Centre,3,2026-09-03T23:44:09.000
2026-09-04T05:57:15.918Z,Stoney Trail,EB Stoney Tr: Chaparral Blvd SE to 16 Ave NE,15,2026-09-03T23:44:09.000
2026-09-04T05:57:15.918Z,Stoney Trail,EB Stoney Tr: Chaparral Blvd SE to Glenmore Tr SE,9,2026-09-03T23:44:09.000
2026-09-04T05:57:15.918Z,Stoney Trail,EB Stoney Tr: Harvest Hills Blvd NW to 16 Ave NE,14,2026-09-03T23:44:09.000
2026-09-04T05:57:15.918Z,Stoney Trail,EB Stoney Tr: Harvest Hills Blvd NW to Glenmore Tr SE,19,2026-09-03T23:44:09.000
2026-09-04T05:57:15.918Z,Stoney Trail,EB Stoney W : Sarcee Tr NW to 16 Ave NE,18,2026-09-03T23:44:09.000
2026-09-04T05:57:15.918Z,Stoney Trail,EB Stoney W : Sarcee Tr NW to Deerfoot Tr N,8,2026-09-03T23:44:09.000
2026-09-04T05:57:15.918Z,Stoney Trail,NB Stoney Tr: 114 Ave SE to 16 Ave NE,8,2026-09-03T23:44:09.000
2026-09-04T05:57:15.918Z,Stoney Trail,NB Stoney Tr: 114 Ave SE to Deerfoot Tr NE,19,2026-09-03T23:44:09.000
2026-09-04T05:57:15.918Z,Stoney Trail,NB Stoney Tr: McKnight Blvd NE to Crowchild Tr NW,19,2026-09-03T23:44:09.000
2026-09-04T05:57:15.918Z,Stoney Trail,NB Stoney Tr: McKnight Blvd NE to Deerfoot Tr N,8,2026-09-03T23:44:09.000
2026-09-04T05:57:15.918Z,Stoney Trail,NB Stoney Tr: Peigan Tr SE to Deerfoot Tr NE,14,2026-09-03T23:44:09.000
2026-09-04T05:57:15.918Z,Stoney Trail,NB Stoney Tr: Peigan Tr SE to McKnight Blvd NE,6,2026-09-03T23:44:09.000
2026-09-04T05:57:15.918Z,Stoney Trail,SB Deerfoot Tr: Balzac  to Stoney Tr SE via Stoney Tr,26,2026-09-03T23:44:09.000
2026-09-04T05:57:15.918Z,Stoney Trail,SB Stoney Tr: Mcknight Blvd NE to Deerfoot Tr S,14,2026-09-03T23:44:09.000
2026-09-04T05:57:15.918Z,Stoney Trail,SB Stoney Tr: Mcknight Blvd NE to Glenmore Tr SE,7,2026-09-03T23:44:09.000
2026-09-04T05:57:15.918Z,Stoney Trail,SB Stoney Tr: Peigan Tr SE to 52 St SE,8,2026-09-03T23:44:09.000
2026-09-04T05:57:15.918Z,Stoney Trail,SB Stoney Tr: Peigan Tr SE to Macleod Tr SE,13,2026-09-03T23:44:09.000
2026-09-04T05:57:15.918Z,Stoney Trail,WB Stoney Tr: 52 St SE to James Mckevitt Rd SW,7,2026-09-03T23:44:09.000
2026-09-04T05:57:15.918Z,Stoney Trail,WB Stoney Tr: 52 St SE to Macleod Tr SE,5,2026-09-03T23:44:09.000
2026-09-04T05:57:15.918Z,Stoney Trail,WB Stoney Tr: Country Hills Blvd NW to 16 Ave NW,5,2026-09-03T23:44:09.000
2026-09-04T05:57:15.918Z,Stoney Trail,WB Stoney Tr: Deerfoot Tr NW to 16 Ave NW,12,2026-09-03T23:44:09.000
2026-09-04T05:57:15.918Z,Stoney Trail,WB Stoney Tr: Deerfoot Tr NW to Crowchild Tr NW,9,2026-09-03T23:44:09.000
2026-09-04T05:57:15.918Z,Trans Canada Highway,WB Trans Canada Hwy: Hwy 22 to Banff,51,2026-09-03T23:44:09.000
2026-09-04T05:57:15.918Z,Trans Canada Highway,WB Trans Canada Hwy: Hwy 22 to Kananaskis Village,43,2026-09-03T23:44:09.000
2026-09-04T10:39:48.607Z,16 Avenue,WB 16 Ave: Stoney Tr NE to Valley Ridge Bv NW via 16 Ave,30,2026-09-04T04:24:07.000
2026-09-04T10:39:48.607Z,16 Avenue,WB 16 Ave: Stoney Tr NE to Valley Ridge Bv Via Stoney Tr,27,2026-09-04T04:24:07.000
2026-09-04T10:39:48.607Z,Crowchild Trail,NB Crowchild Tr: 50 Ave SW to 24 Ave NW,7,2026-09-04T04:24:07.000
2026-09-04T10:39:48.607Z,Crowchild Trail,NB Crowchild Tr: 50 Ave SW to Memorial Dr NW,4,2026-09-04T04:24:07.000
2026-09-04T10:39:48.607Z,Crowchild Trail,NB Crowchild Tr: Glenmore Tr SW to 24 Ave NW,9,2026-09-04T04:24:07.000
2026-09-04T10:39:48.607Z,Crowchild Trail,SB Crowchild Tr: 12 Mile Coulee Rd NW to Glenmore Tr SW,16,2026-09-04T04:24:07.000
2026-09-04T10:39:48.607Z,Crowchild Trail,SB Crowchild Tr: 12 Mile Coulee Rd NW to Memorial Dr NW,12,2026-09-04T04:24:07.000
2026-09-04T10:39:48.607Z,Crowchild Trail,SB Crowchild Tr: 24 Ave NW to 17 Ave SW,5,2026-09-04T04:24:07.000
2026-09-04T10:39:48.607Z,Crowchild Trail,SB Crowchild Tr: 24 Ave NW to Glenmore Tr SW,9,2026-09-04T04:24:07.000
2026-09-04T10:39:48.607Z,Crowchild Trail,SB Crowchild Tr: 33 Ave SW to Deerfoot Tr SE,8,2026-09-04T04:24:07.000
2026-09-04T10:39:48.607Z,Crowchild Trail,SB Crowchild Tr: 33 Ave SW to Glenmore Tr SW,3,2026-09-04T04:24:07.000
2026-09-04T10:39:48.607Z,Deerfoot Trail,NB Deerfoot Tr: 17 Ave SE to Airport Tr NE,9,2026-09-04T04:24:07.000
2026-09-04T10:39:48.607Z,Deerfoot Trail,NB Deerfoot Tr: 17 Ave SE to Stoney Tr NE,12,2026-09-04T04:24:07.000
2026-09-04T10:39:48.607Z,Deerfoot Trail,NB Deerfoot Tr: 274 Ave S to City Centre via Deerfoot Tr,27,2026-09-04T04:24:07.000
2026-09-04T10:39:48.607Z,Deerfoot Trail,NB Deerfoot Tr: 32 Ave NE to Airport Tr NE,4,2026-09-04T04:24:07.000
2026-09-04T10:39:48.607Z,Deerfoot Trail,NB Deerfoot Tr: 32 Ave NE to Stoney Tr NE,7,2026-09-04T04:24:07.000
2026-09-04T10:39:48.607Z,Deerfoot Trail,NB Deerfoot Tr: 8 Ave NE to Airport Tr NE,7,2026-09-04T04:24:07.000
2026-09-04T10:39:48.607Z,Deerfoot Trail,NB Deerfoot Tr: 8 Ave NE to Stoney Tr NE,9,2026-09-04T04:24:07.000
2026-09-04T10:39:48.607Z,Deerfoot Trail,NB Deerfoot Tr: Anderson Rd SE to Airport Tr NE,16,2026-09-04T04:24:07.000
2026-09-04T10:39:48.607Z,Deerfoot Trail,NB Deerfoot Tr: Anderson Rd SE to Memorial Dr SE,10,2026-09-04T04:24:07.000
2026-09-04T10:39:48.607Z,Deerfoot Trail,NB Deerfoot Tr: Cranston Ave SE to Memorial Dr SE,16,2026-09-04T04:24:07.000
2026-09-04T10:39:48.607Z,Deerfoot Trail,NB Deerfoot Tr: Cranston Ave SE to Southland Dr SE,9,2026-09-04T04:24:07.000
2026-09-04T10:39:48.607Z,Deerfoot Trail,NB Deerfoot Tr: Glenmore Tr SE to Airport Tr NE,11,2026-09-04T04:24:07.000
2026-09-04T10:39:48.607Z,Deerfoot Trail,NB Deerfoot Tr: Glenmore Tr SE to Memorial Dr SE,5,2026-09-04T04:24:07.000
2026-09-04T10:39:48.607Z,Deerfoot Trail,NB Deerfoot Tr: Glenmore Tr SE to Stoney Tr NE,14,2026-09-04T04:24:07.000
2026-09-04T10:39:48.607Z,Deerfoot Trail,SB Deerfoot Tr: 17 Ave SE to Anderson Rd SE,8,2026-09-04T04:24:07.000
2026-09-04T10:39:48.607Z,Deerfoot Trail,SB Deerfoot Tr: 17 Ave SE to Stoney Tr SE,13,2026-09-04T04:24:07.000
2026-09-04T10:39:48.607Z,Deerfoot Trail,SB Deerfoot Tr: 64 Ave NE to Anderson Rd SE,14,2026-09-04T04:24:07.000
2026-09-04T10:39:48.607Z,Deerfoot Trail,SB Deerfoot Tr: 64 Ave NE to Memorial Dr SE,6,2026-09-04T04:24:07.000
2026-09-04T10:39:48.607Z,Deerfoot Trail,SB Deerfoot Tr: 8 Ave SE to Glenmore Tr SE,6,2026-09-04T04:24:07.000
2026-09-04T10:39:48.607Z,Deerfoot Trail,SB Deerfoot Tr: 8 Ave SE to Stoney Tr SE,14,2026-09-04T04:24:07.000
2026-09-04T10:39:48.607Z,Deerfoot Trail,SB Deerfoot Tr: Airport Tr NE to Anderson Rd SE,17,2026-09-04T04:24:07.000
2026-09-04T10:39:48.607Z,Deerfoot Trail,SB Deerfoot Tr: Airport Tr NE to Memorial Dr SE,8,2026-09-04T04:24:07.000
2026-09-04T10:39:48.607Z,Deerfoot Trail,SB Deerfoot Tr: Balzac  to Stoney Tr SE via Deerfoot Tr,26,2026-09-04T04:24:07.000
2026-09-04T10:39:48.607Z,Deerfoot Trail,SB Deerfoot Tr: Peigan Tr SE to Anderson Rd SE,7,2026-09-04T04:24:07.000
2026-09-04T10:39:48.607Z,Deerfoot Trail,SB Deerfoot Tr: Peigan Tr SE to Stoney Tr SE,11,2026-09-04T04:24:07.000
2026-09-04T10:39:48.607Z,Glenmore Trail,EB Glenmore Tr: Crowchild Tr SW to Deerfoot Tr SE,6,2026-09-04T04:24:07.000
2026-09-04T10:39:48.607Z,Glenmore Trail,WB Glenmore Tr: Odgen Rd SE to Bow Trail SW,11,2026-09-04T04:24:07.000
2026-09-04T10:39:48.607Z,Glenmore Trail,WB Glenmore Tr: Odgen Rd SE to Crowchild Tr SW,8,2026-09-04T04:24:07.000
2026-09-04T10:39:48.607Z,Macleod Trail,NB Macleod Tr: 274 Ave S to City Centre via Macleod Tr,27,2026-09-04T04:24:07.000
2026-09-04T10:39:48.607Z,Macleod Trail,NB Macleod Tr: Anderson Rd SE to 7 Av SE,14,2026-09-04T04:24:07.000
2026-09-04T10:39:48.607Z,Macleod Trail,NB Macleod Tr: Anderson Rd SE to Blackfoot Tr SW,23,2026-09-04T04:24:07.000
2026-09-04T10:39:48.607Z,Macleod Trail,NB Macleod Tr: Anderson Rd SE to Crowchild Tr SW,9,2026-09-04T04:24:07.000
2026-09-04T10:39:48.607Z,Macleod Trail,NB Macleod Tr: N of 25 Ave S to City Centre,3,2026-09-04T04:24:07.000
2026-09-04T10:39:48.607Z,Stoney Trail,EB Stoney Tr: Chaparral Blvd SE to 16 Ave NE,14,2026-09-04T04:24:07.000
2026-09-04T10:39:48.607Z,Stoney Trail,EB Stoney Tr: Chaparral Blvd SE to Glenmore Tr SE,9,2026-09-04T04:24:07.000
2026-09-04T10:39:48.607Z,Stoney Trail,EB Stoney Tr: Harvest Hills Blvd NW to 16 Ave NE,14,2026-09-04T04:24:07.000
2026-09-04T10:39:48.607Z,Stoney Trail,EB Stoney Tr: Harvest Hills Blvd NW to Glenmore Tr SE,19,2026-09-04T04:24:07.000
2026-09-04T10:39:48.607Z,Stoney Trail,EB Stoney W : Sarcee Tr NW to 16 Ave NE,18,2026-09-04T04:24:07.000
2026-09-04T10:39:48.607Z,Stoney Trail,EB Stoney W : Sarcee Tr NW to Deerfoot Tr N,8,2026-09-04T04:24:07.000
2026-09-04T10:39:48.607Z,Stoney Trail,NB Stoney Tr: 114 Ave SE to 16 Ave NE,8,2026-09-04T04:24:07.000
2026-09-04T10:39:48.607Z,Stoney Trail,NB Stoney Tr: 114 Ave SE to Deerfoot Tr NE,18,2026-09-04T04:24:07.000
2026-09-04T10:39:48.607Z,Stoney Trail,NB Stoney Tr: McKnight Blvd NE to Crowchild Tr NW,20,2026-09-04T04:24:07.000
2026-09-04T10:39:48.607Z,Stoney Trail,NB Stoney Tr: McKnight Blvd NE to Deerfoot Tr N,9,2026-09-04T04:24:07.000
2026-09-04T10:39:48.607Z,Stoney Trail,NB Stoney Tr: Peigan Tr SE to Deerfoot Tr NE,14,2026-09-04T04:24:07.000
2026-09-04T10:39:48.607Z,Stoney Trail,NB Stoney Tr: Peigan Tr SE to McKnight Blvd NE,6,2026-09-04T04:24:07.000
2026-09-04T10:39:48.607Z,Stoney Trail,SB Deerfoot Tr: Balzac  to Stoney Tr SE via Stoney Tr,26,2026-09-04T04:24:07.000
2026-09-04T10:39:48.607Z,Stoney Trail,SB Stoney Tr: Mcknight Blvd NE to Deerfoot Tr S,15,2026-09-04T04:24:07.000
2026-09-04T10:39:48.607Z,Stoney Trail,SB Stoney Tr: Mcknight Blvd NE to Glenmore Tr SE,8,2026-09-04T04:24:07.000
2026-09-04T10:39:48.607Z,Stoney Trail,SB Stoney Tr: Peigan Tr SE to 52 St SE,9,2026-09-04T04:24:07.000
2026-09-04T10:39:48.607Z,Stoney Trail,SB Stoney Tr: Peigan Tr SE to Macleod Tr SE,13,2026-09-04T04:24:07.000
2026-09-04T10:39:48.607Z,Stoney Trail,WB Stoney Tr: 52 St SE to James Mckevitt Rd SW,7,2026-09-04T04:24:07.000
2026-09-04T10:39:48.607Z,Stoney Trail,WB Stoney Tr: 52 St SE to Macleod Tr SE,5,2026-09-04T04:24:07.000
2026-09-04T10:39:48.607Z,Stoney Trail,WB Stoney Tr: Country Hills Blvd NW to 16 Ave NW,6,2026-09-04T04:24:07.000
2026-09-04T10:39:48.607Z,Stoney Trail,WB Stoney Tr: Deerfoot Tr NW to 16 Ave NW,13,2026-09-04T04:24:07.000
2026-09-04T10:39:48.607Z,Stoney Trail,WB Stoney Tr: Deerfoot Tr NW to Crowchild Tr NW,9,2026-09-04T04:24:07.000
2026-09-04T10:39:48.607Z,Trans Canada Highway,WB Trans Canada Hwy: Hwy 22 to Banff,49,2026-09-04T04:24:07.000
2026-09-04T10:39:48.607Z,Trans Canada Highway,WB Trans Canada Hwy: Hwy 22 to Kananaskis Village,41,2026-09-04T04:24:07.000
2026-09-04T14:32:14.995Z,16 Avenue,WB 16 Ave: Stoney Tr NE to Valley Ridge Bv NW via 16 Ave,36,2026-09-04T08:24:05.000
2026-09-04T14:32:14.995Z,16 Avenue,WB 16 Ave: Stoney Tr NE to Valley Ridge Bv Via Stoney Tr,28,2026-09-04T08:24:05.000
2026-09-04T14:32:14.995Z,Crowchild Trail,NB Crowchild Tr: 50 Ave SW to 24 Ave NW,8,2026-09-04T08:24:05.000
2026-09-04T14:32:14.995Z,Crowchild Trail,NB Crowchild Tr: 50 Ave SW to Memorial Dr NW,5,2026-09-04T08:24:05.000
2026-09-04T14:32:14.995Z,Crowchild Trail,NB Crowchild Tr: Glenmore Tr SW to 24 Ave NW,10,2026-09-04T08:24:05.000
2026-09-04T14:32:14.995Z,Crowchild Trail,SB Crowchild Tr: 12 Mile Coulee Rd NW to Glenmore Tr SW,19,2026-09-04T08:24:05.000
2026-09-04T14:32:14.995Z,Crowchild Trail,SB Crowchild Tr: 12 Mile Coulee Rd NW to Memorial Dr NW,14,2026-09-04T08:24:05.000
2026-09-04T14:32:14.995Z,Crowchild Trail,SB Crowchild Tr: 24 Ave NW to 17 Ave SW,6,2026-09-04T08:24:05.000
2026-09-04T14:32:14.995Z,Crowchild Trail,SB Crowchild Tr: 24 Ave NW to Glenmore Tr SW,10,2026-09-04T08:24:05.000
2026-09-04T14:32:14.995Z,Crowchild Trail,SB Crowchild Tr: 33 Ave SW to Deerfoot Tr SE,8,2026-09-04T08:24:05.000
2026-09-04T14:32:14.995Z,Crowchild Trail,SB Crowchild Tr: 33 Ave SW to Glenmore Tr SW,4,2026-09-04T08:24:05.000
2026-09-04T14:32:14.995Z,Deerfoot Trail,NB Deerfoot Tr: 17 Ave SE to Airport Tr NE,9,2026-09-04T08:24:05.000
2026-09-04T14:32:14.995Z,Deerfoot Trail,NB Deerfoot Tr: 17 Ave SE to Stoney Tr NE,11,2026-09-04T08:24:05.000
2026-09-04T14:32:14.995Z,Deerfoot Trail,NB Deerfoot Tr: 274 Ave S to City Centre via Deerfoot Tr,32,2026-09-04T08:24:05.000
2026-09-04T14:32:14.995Z,Deerfoot Trail,NB Deerfoot Tr: 32 Ave NE to Airport Tr NE,4,2026-09-04T08:24:05.000
2026-09-04T14:32:14.995Z,Deerfoot Trail,NB Deerfoot Tr: 32 Ave NE to Stoney Tr NE,6,2026-09-04T08:24:05.000
2026-09-04T14:32:14.995Z,Deerfoot Trail,NB Deerfoot Tr: 8 Ave NE to Airport Tr NE,6,2026-09-04T08:24:05.000
2026-09-04T14:32:14.995Z,Deerfoot Trail,NB Deerfoot Tr: 8 Ave NE to Stoney Tr NE,9,2026-09-04T08:24:05.000
2026-09-04T14:32:14.995Z,Deerfoot Trail,NB Deerfoot Tr: Anderson Rd SE to Airport Tr NE,17,2026-09-04T08:24:05.000
2026-09-04T14:32:14.995Z,Deerfoot Trail,NB Deerfoot Tr: Anderson Rd SE to Memorial Dr SE,11,2026-09-04T08:24:05.000
2026-09-04T14:32:14.995Z,Deerfoot Trail,NB Deerfoot Tr: Cranston Ave SE to Memorial Dr SE,20,2026-09-04T08:24:05.000
2026-09-04T14:32:14.995Z,Deerfoot Trail,NB Deerfoot Tr: Cranston Ave SE to Southland Dr SE,12,2026-09-04T08:24:05.000
2026-09-04T14:32:14.995Z,Deerfoot Trail,NB Deerfoot Tr: Glenmore Tr SE to Airport Tr NE,11,2026-09-04T08:24:05.000
2026-09-04T14:32:14.995Z,Deerfoot Trail,NB Deerfoot Tr: Glenmore Tr SE to Memorial Dr SE,5,2026-09-04T08:24:05.000
2026-09-04T14:32:14.995Z,Deerfoot Trail,NB Deerfoot Tr: Glenmore Tr SE to Stoney Tr NE,14,2026-09-04T08:24:05.000
2026-09-04T14:32:14.995Z,Deerfoot Trail,SB Deerfoot Tr: 17 Ave SE to Anderson Rd SE,9,2026-09-04T08:24:05.000
2026-09-04T14:32:14.995Z,Deerfoot Trail,SB Deerfoot Tr: 17 Ave SE to Stoney Tr SE,13,2026-09-04T08:24:05.000
2026-09-04T14:32:14.995Z,Deerfoot Trail,SB Deerfoot Tr: 64 Ave NE to Anderson Rd SE,14,2026-09-04T08:24:05.000
2026-09-04T14:32:14.995Z,Deerfoot Trail,SB Deerfoot Tr: 64 Ave NE to Memorial Dr SE,5,2026-09-04T08:24:05.000
2026-09-04T14:32:14.995Z,Deerfoot Trail,SB Deerfoot Tr: 8 Ave SE to Glenmore Tr SE,7,2026-09-04T08:24:05.000
2026-09-04T14:32:14.995Z,Deerfoot Trail,SB Deerfoot Tr: 8 Ave SE to Stoney Tr SE,15,2026-09-04T08:24:05.000
2026-09-04T14:32:14.995Z,Deerfoot Trail,SB Deerfoot Tr: Airport Tr NE to Anderson Rd SE,16,2026-09-04T08:24:05.000
2026-09-04T14:32:14.995Z,Deerfoot Trail,SB Deerfoot Tr: Airport Tr NE to Memorial Dr SE,7,2026-09-04T08:24:05.000
2026-09-04T14:32:14.995Z,Deerfoot Trail,SB Deerfoot Tr: Balzac  to Stoney Tr SE via Deerfoot Tr,26,2026-09-04T08:24:05.000
2026-09-04T14:32:14.995Z,Deerfoot Trail,SB Deerfoot Tr: Peigan Tr SE to Anderson Rd SE,7,2026-09-04T08:24:05.000
2026-09-04T14:32:14.995Z,Deerfoot Trail,SB Deerfoot Tr: Peigan Tr SE to Stoney Tr SE,12,2026-09-04T08:24:05.000
2026-09-04T14:32:14.995Z,Glenmore Trail,EB Glenmore Tr: Crowchild Tr SW to Deerfoot Tr SE,6,2026-09-04T08:24:05.000
2026-09-04T14:32:14.995Z,Glenmore Trail,WB Glenmore Tr: Odgen Rd SE to Bow Trail SW,13,2026-09-04T08:24:05.000
2026-09-04T14:32:14.995Z,Glenmore Trail,WB Glenmore Tr: Odgen Rd SE to Crowchild Tr SW,9,2026-09-04T08:24:05.000
2026-09-04T14:32:14.995Z,Macleod Trail,NB Macleod Tr: 274 Ave S to City Centre via Macleod Tr,31,2026-09-04T08:24:05.000
2026-09-04T14:32:14.995Z,Macleod Trail,NB Macleod Tr: Anderson Rd SE to 7 Av SE,17,2026-09-04T08:24:05.000
2026-09-04T14:32:14.995Z,Macleod Trail,NB Macleod Tr: Anderson Rd SE to Blackfoot Tr SW,26,2026-09-04T08:24:05.000
2026-09-04T14:32:14.995Z,Macleod Trail,NB Macleod Tr: Anderson Rd SE to Crowchild Tr SW,11,2026-09-04T08:24:05.000
2026-09-04T14:32:14.995Z,Macleod Trail,NB Macleod Tr: N of 25 Ave S to City Centre,3,2026-09-04T08:24:05.000
2026-09-04T14:32:14.995Z,Stoney Trail,EB Stoney Tr: Chaparral Blvd SE to 16 Ave NE,15,2026-09-04T08:24:05.000
2026-09-04T14:32:14.995Z,Stoney Trail,EB Stoney Tr: Chaparral Blvd SE to Glenmore Tr SE,9,2026-09-04T08:24:05.000
2026-09-04T14:32:14.995Z,Stoney Trail,EB Stoney Tr: Harvest Hills Blvd NW to 16 Ave NE,14,2026-09-04T08:24:05.000
2026-09-04T14:32:14.995Z,Stoney Trail,EB Stoney Tr: Harvest Hills Blvd NW to Glenmore Tr SE,19,2026-09-04T08:24:05.000
2026-09-04T14:32:14.995Z,Stoney Trail,EB Stoney W : Sarcee Tr NW to 16 Ave NE,18,2026-09-04T08:24:05.000
2026-09-04T14:32:14.995Z,Stoney Trail,EB Stoney W : Sarcee Tr NW to Deerfoot Tr N,8,2026-09-04T08:24:05.000
2026-09-04T14:32:14.995Z,Stoney Trail,NB Stoney Tr: 114 Ave SE to 16 Ave NE,8,2026-09-04T08:24:05.000
2026-09-04T14:32:14.995Z,Stoney Trail,NB Stoney Tr: 114 Ave SE to Deerfoot Tr NE,18,2026-09-04T08:24:05.000
2026-09-04T14:32:14.995Z,Stoney Trail,NB Stoney Tr: McKnight Blvd NE to Crowchild Tr NW,20,2026-09-04T08:24:05.000
2026-09-04T14:32:14.995Z,Stoney Trail,NB Stoney Tr: McKnight Blvd NE to Deerfoot Tr N,9,2026-09-04T08:24:05.000
2026-09-04T14:32:14.995Z,Stoney Trail,NB Stoney Tr: Peigan Tr SE to Deerfoot Tr NE,14,2026-09-04T08:24:05.000
2026-09-04T14:32:14.995Z,Stoney Trail,NB Stoney Tr: Peigan Tr SE to McKnight Blvd NE,6,2026-09-04T08:24:05.000
2026-09-04T14:32:14.995Z,Stoney Trail,SB Deerfoot Tr: Balzac  to Stoney Tr SE via Stoney Tr,26,2026-09-04T08:24:05.000
2026-09-04T14:32:14.995Z,Stoney Trail,SB Stoney Tr: Mcknight Blvd NE to Deerfoot Tr S,14,2026-09-04T08:24:05.000
2026-09-04T14:32:14.995Z,Stoney Trail,SB Stoney Tr: Mcknight Blvd NE to Glenmore Tr SE,7,2026-09-04T08:24:05.000
2026-09-04T14:32:14.995Z,Stoney Trail,SB Stoney Tr: Peigan Tr SE to 52 St SE,9,2026-09-04T08:24:05.000
2026-09-04T14:32:14.995Z,Stoney Trail,SB Stoney Tr: Peigan Tr SE to Macleod Tr SE,13,2026-09-04T08:24:05.000
2026-09-04T14:32:14.995Z,Stoney Trail,WB Stoney Tr: 52 St SE to James Mckevitt Rd SW,7,2026-09-04T08:24:05.000
2026-09-04T14:32:14.995Z,Stoney Trail,WB Stoney Tr: 52 St SE to Macleod Tr SE,5,2026-09-04T08:24:05.000
2026-09-04T14:32:14.995Z,Stoney Trail,WB Stoney Tr: Country Hills Blvd NW to 16 Ave NW,5,2026-09-04T08:24:05.000
2026-09-04T14:32:14.995Z,Stoney Trail,WB Stoney Tr: Deerfoot Tr NW to 16 Ave NW,13,2026-09-04T08:24:05.000
2026-09-04T14:32:14.995Z,Stoney Trail,WB Stoney Tr: Deerfoot Tr NW to Crowchild Tr NW,10,2026-09-04T08:24:05.000
2026-09-04T14:32:14.995Z,Trans Canada Highway,WB Trans Canada Hwy: Hwy 22 to Banff,51,2026-09-04T08:24:05.000
2026-09-04T14:32:14.995Z,Trans Canada Highway,WB Trans Canada Hwy: Hwy 22 to Kananaskis Village,43,2026-09-04T08:24:05.000
2026-09-04T17:45:50.566Z,16 Avenue,WB 16 Ave: Stoney Tr NE to Valley Ridge Bv NW via 16 Ave,34,2026-09-04T11:24:05.000
2026-09-04T17:45:50.566Z,16 Avenue,WB 16 Ave: Stoney Tr NE to Valley Ridge Bv Via Stoney Tr,27,2026-09-04T11:24:05.000
2026-09-04T17:45:50.566Z,Crowchild Trail,NB Crowchild Tr: 50 Ave SW to 24 Ave NW,8,2026-09-04T11:24:05.000
2026-09-04T17:45:50.566Z,Crowchild Trail,NB Crowchild Tr: 50 Ave SW to Memorial Dr NW,4,2026-09-04T11:24:05.000
2026-09-04T17:45:50.566Z,Crowchild Trail,NB Crowchild Tr: Glenmore Tr SW to 24 Ave NW,10,2026-09-04T11:24:05.000
2026-09-04T17:45:50.566Z,Crowchild Trail,SB Crowchild Tr: 12 Mile Coulee Rd NW to Glenmore Tr SW,18,2026-09-04T11:24:05.000
2026-09-04T17:45:50.566Z,Crowchild Trail,SB Crowchild Tr: 12 Mile Coulee Rd NW to Memorial Dr NW,13,2026-09-04T11:24:05.000
2026-09-04T17:45:50.566Z,Crowchild Trail,SB Crowchild Tr: 24 Ave NW to 17 Ave SW,6,2026-09-04T11:24:05.000
2026-09-04T17:45:50.566Z,Crowchild Trail,SB Crowchild Tr: 24 Ave NW to Glenmore Tr SW,10,2026-09-04T11:24:05.000
2026-09-04T17:45:50.566Z,Crowchild Trail,SB Crowchild Tr: 33 Ave SW to Deerfoot Tr SE,9,2026-09-04T11:24:05.000
2026-09-04T17:45:50.566Z,Crowchild Trail,SB Crowchild Tr: 33 Ave SW to Glenmore Tr SW,4,2026-09-04T11:24:05.000
2026-09-04T17:45:50.566Z,Deerfoot Trail,NB Deerfoot Tr: 17 Ave SE to Airport Tr NE,9,2026-09-04T11:24:05.000
2026-09-04T17:45:50.566Z,Deerfoot Trail,NB Deerfoot Tr: 17 Ave SE to Stoney Tr NE,12,2026-09-04T11:24:05.000
2026-09-04T17:45:50.566Z,Deerfoot Trail,NB Deerfoot Tr: 274 Ave S to City Centre via Deerfoot Tr,29,2026-09-04T11:24:05.000
2026-09-04T17:45:50.566Z,Deerfoot Trail,NB Deerfoot Tr: 32 Ave NE to Airport Tr NE,4,2026-09-04T11:24:05.000
2026-09-04T17:45:50.566Z,Deerfoot Trail,NB Deerfoot Tr: 32 Ave NE to Stoney Tr NE,7,2026-09-04T11:24:05.000
2026-09-04T17:45:50.566Z,Deerfoot Trail,NB Deerfoot Tr: 8 Ave NE to Airport Tr NE,6,2026-09-04T11:24:05.000
2026-09-04T17:45:50.566Z,Deerfoot Trail,NB Deerfoot Tr: 8 Ave NE to Stoney Tr NE,9,2026-09-04T11:24:05.000
2026-09-04T17:45:50.566Z,Deerfoot Trail,NB Deerfoot Tr: Anderson Rd SE to Airport Tr NE,16,2026-09-04T11:24:05.000
2026-09-04T17:45:50.566Z,Deerfoot Trail,NB Deerfoot Tr: Anderson Rd SE to Memorial Dr SE,10,2026-09-04T11:24:05.000
2026-09-04T17:45:50.566Z,Deerfoot Trail,NB Deerfoot Tr: Cranston Ave SE to Memorial Dr SE,18,2026-09-04T11:24:05.000
2026-09-04T17:45:50.566Z,Deerfoot Trail,NB Deerfoot Tr: Cranston Ave SE to Southland Dr SE,11,2026-09-04T11:24:05.000
2026-09-04T17:45:50.566Z,Deerfoot Trail,NB Deerfoot Tr: Glenmore Tr SE to Airport Tr NE,11,2026-09-04T11:24:05.000
2026-09-04T17:45:50.566Z,Deerfoot Trail,NB Deerfoot Tr: Glenmore Tr SE to Memorial Dr SE,5,2026-09-04T11:24:05.000
2026-09-04T17:45:50.566Z,Deerfoot Trail,NB Deerfoot Tr: Glenmore Tr SE to Stoney Tr NE,14,2026-09-04T11:24:05.000
2026-09-04T17:45:50.566Z,Deerfoot Trail,SB Deerfoot Tr: 17 Ave SE to Anderson Rd SE,9,2026-09-04T11:24:05.000
2026-09-04T17:45:50.566Z,Deerfoot Trail,SB Deerfoot Tr: 17 Ave SE to Stoney Tr SE,14,2026-09-04T11:24:05.000
2026-09-04T17:45:50.566Z,Deerfoot Trail,SB Deerfoot Tr: 64 Ave NE to Anderson Rd SE,14,2026-09-04T11:24:05.000
2026-09-04T17:45:50.566Z,Deerfoot Trail,SB Deerfoot Tr: 64 Ave NE to Memorial Dr SE,5,2026-09-04T11:24:05.000
2026-09-04T17:45:50.566Z,Deerfoot Trail,SB Deerfoot Tr: 8 Ave SE to Glenmore Tr SE,6,2026-09-04T11:24:05.000
2026-09-04T17:45:50.566Z,Deerfoot Trail,SB Deerfoot Tr: 8 Ave SE to Stoney Tr SE,15,2026-09-04T11:24:05.000
2026-09-04T17:45:50.566Z,Deerfoot Trail,SB Deerfoot Tr: Airport Tr NE to Anderson Rd SE,16,2026-09-04T11:24:05.000
2026-09-04T17:45:50.566Z,Deerfoot Trail,SB Deerfoot Tr: Airport Tr NE to Memorial Dr SE,7,2026-09-04T11:24:05.000
2026-09-04T17:45:50.566Z,Deerfoot Trail,SB Deerfoot Tr: Balzac  to Stoney Tr SE via Deerfoot Tr,25,2026-09-04T11:24:05.000
2026-09-04T17:45:50.566Z,Deerfoot Trail,SB Deerfoot Tr: Peigan Tr SE to Anderson Rd SE,7,2026-09-04T11:24:05.000
2026-09-04T17:45:50.566Z,Deerfoot Trail,SB Deerfoot Tr: Peigan Tr SE to Stoney Tr SE,12,2026-09-04T11:24:05.000
2026-09-04T17:45:50.566Z,Glenmore Trail,EB Glenmore Tr: Crowchild Tr SW to Deerfoot Tr SE,7,2026-09-04T11:24:05.000
2026-09-04T17:45:50.566Z,Glenmore Trail,WB Glenmore Tr: Odgen Rd SE to Bow Trail SW,12,2026-09-04T11:24:05.000
2026-09-04T17:45:50.566Z,Glenmore Trail,WB Glenmore Tr: Odgen Rd SE to Crowchild Tr SW,8,2026-09-04T11:24:05.000
2026-09-04T17:45:50.566Z,Macleod Trail,NB Macleod Tr: 274 Ave S to City Centre via Macleod Tr,32,2026-09-04T11:24:05.000
2026-09-04T17:45:50.566Z,Macleod Trail,NB Macleod Tr: Anderson Rd SE to 7 Av SE,17,2026-09-04T11:24:05.000
2026-09-04T17:45:50.566Z,Macleod Trail,NB Macleod Tr: Anderson Rd SE to Blackfoot Tr SW,28,2026-09-04T11:24:05.000
2026-09-04T17:45:50.566Z,Macleod Trail,NB Macleod Tr: Anderson Rd SE to Crowchild Tr SW,11,2026-09-04T11:24:05.000
2026-09-04T17:45:50.566Z,Macleod Trail,NB Macleod Tr: N of 25 Ave S to City Centre,3,2026-09-04T11:24:05.000
2026-09-04T17:45:50.566Z,Stoney Trail,EB Stoney Tr: Chaparral Blvd SE to 16 Ave NE,15,2026-09-04T11:24:05.000
2026-09-04T17:45:50.566Z,Stoney Trail,EB Stoney Tr: Chaparral Blvd SE to Glenmore Tr SE,10,2026-09-04T11:24:05.000
2026-09-04T17:45:50.566Z,Stoney Trail,EB Stoney Tr: Harvest Hills Blvd NW to 16 Ave NE,14,2026-09-04T11:24:05.000
2026-09-04T17:45:50.566Z,Stoney Trail,EB Stoney Tr: Harvest Hills Blvd NW to Glenmore Tr SE,20,2026-09-04T11:24:05.000
2026-09-04T17:45:50.566Z,Stoney Trail,EB Stoney W : Sarcee Tr NW to 16 Ave NE,18,2026-09-04T11:24:05.000
2026-09-04T17:45:50.566Z,Stoney Trail,EB Stoney W : Sarcee Tr NW to Deerfoot Tr N,8,2026-09-04T11:24:05.000
2026-09-04T17:45:50.566Z,Stoney Trail,NB Stoney Tr: 114 Ave SE to 16 Ave NE,8,2026-09-04T11:24:05.000
2026-09-04T17:45:50.566Z,Stoney Trail,NB Stoney Tr: 114 Ave SE to Deerfoot Tr NE,18,2026-09-04T11:24:05.000
2026-09-04T17:45:50.566Z,Stoney Trail,NB Stoney Tr: McKnight Blvd NE to Crowchild Tr NW,20,2026-09-04T11:24:05.000
2026-09-04T17:45:50.566Z,Stoney Trail,NB Stoney Tr: McKnight Blvd NE to Deerfoot Tr N,9,2026-09-04T11:24:05.000
2026-09-04T17:45:50.566Z,Stoney Trail,NB Stoney Tr: Peigan Tr SE to Deerfoot Tr NE,14,2026-09-04T11:24:05.000
2026-09-04T17:45:50.566Z,Stoney Trail,NB Stoney Tr: Peigan Tr SE to McKnight Blvd NE,6,2026-09-04T11:24:05.000
2026-09-04T17:45:50.566Z,Stoney Trail,SB Deerfoot Tr: Balzac  to Stoney Tr SE via Stoney Tr,27,2026-09-04T11:24:05.000
2026-09-04T17:45:50.566Z,Stoney Trail,SB Stoney Tr: Mcknight Blvd NE to Deerfoot Tr S,15,2026-09-04T11:24:05.000
2026-09-04T17:45:50.566Z,Stoney Trail,SB Stoney Tr: Mcknight Blvd NE to Glenmore Tr SE,8,2026-09-04T11:24:05.000
2026-09-04T17:45:50.566Z,Stoney Trail,SB Stoney Tr: Peigan Tr SE to 52 St SE,9,2026-09-04T11:24:05.000
2026-09-04T17:45:50.566Z,Stoney Trail,SB Stoney Tr: Peigan Tr SE to Macleod Tr SE,14,2026-09-04T11:24:05.000
2026-09-04T17:45:50.566Z,Stoney Trail,WB Stoney Tr: 52 St SE to James Mckevitt Rd SW,7,2026-09-04T11:24:05.000
2026-09-04T17:45:50.566Z,Stoney Trail,WB Stoney Tr: 52 St SE to Macleod Tr SE,5,2026-09-04T11:24:05.000
2026-09-04T17:45:50.566Z,Stoney Trail,WB Stoney Tr: Country Hills Blvd NW to 16 Ave NW,5,2026-09-04T11:24:05.000
2026-09-04T17:45:50.566Z,Stoney Trail,WB Stoney Tr: Deerfoot Tr NW to 16 Ave NW,13,2026-09-04T11:24:05.000
2026-09-04T17:45:50.566Z,Stoney Trail,WB Stoney Tr: Deerfoot Tr NW to Crowchild Tr NW,9,2026-09-04T11:24:05.000
2026-09-04T17:45:50.566Z,Trans Canada Highway,WB Trans Canada Hwy: Hwy 22 to Banff,53,2026-09-04T11:24:05.000
2026-09-04T17:45:50.566Z,Trans Canada Highway,WB Trans Canada Hwy: Hwy 22 to Kananaskis Village,44,2026-09-04T11:24:05.000
2026-09-04T20:08:29.624Z,16 Avenue,WB 16 Ave: Stoney Tr NE to Valley Ridge Bv NW via 16 Ave,35,2026-09-04T14:04:05.000
2026-09-04T20:08:29.624Z,16 Avenue,WB 16 Ave: Stoney Tr NE to Valley Ridge Bv Via Stoney Tr,27,2026-09-04T14:04:05.000
2026-09-04T20:08:29.624Z,Crowchild Trail,NB Crowchild Tr: 50 Ave SW to 24 Ave NW,8,2026-09-04T14:04:05.000
2026-09-04T20:08:29.624Z,Crowchild Trail,NB Crowchild Tr: 50 Ave SW to Memorial Dr NW,4,2026-09-04T14:04:05.000
2026-09-04T20:08:29.624Z,Crowchild Trail,NB Crowchild Tr: Glenmore Tr SW to 24 Ave NW,10,2026-09-04T14:04:05.000
2026-09-04T20:08:29.624Z,Crowchild Trail,SB Crowchild Tr: 12 Mile Coulee Rd NW to Glenmore Tr SW,18,2026-09-04T14:04:05.000
2026-09-04T20:08:29.624Z,Crowchild Trail,SB Crowchild Tr: 12 Mile Coulee Rd NW to Memorial Dr NW,13,2026-09-04T14:04:05.000
2026-09-04T20:08:29.624Z,Crowchild Trail,SB Crowchild Tr: 24 Ave NW to 17 Ave SW,6,2026-09-04T14:04:05.000
2026-09-04T20:08:29.624Z,Crowchild Trail,SB Crowchild Tr: 24 Ave NW to Glenmore Tr SW,11,2026-09-04T14:04:05.000
2026-09-04T20:08:29.624Z,Crowchild Trail,SB Crowchild Tr: 33 Ave SW to Deerfoot Tr SE,10,2026-09-04T14:04:05.000
2026-09-04T20:08:29.624Z,Crowchild Trail,SB Crowchild Tr: 33 Ave SW to Glenmore Tr SW,4,2026-09-04T14:04:05.000
2026-09-04T20:08:29.624Z,Deerfoot Trail,NB Deerfoot Tr: 17 Ave SE to Airport Tr NE,9,2026-09-04T14:04:05.000
2026-09-04T20:08:29.624Z,Deerfoot Trail,NB Deerfoot Tr: 17 Ave SE to Stoney Tr NE,12,2026-09-04T14:04:05.000
2026-09-04T20:08:29.624Z,Deerfoot Trail,NB Deerfoot Tr: 274 Ave S to City Centre via Deerfoot Tr,29,2026-09-04T14:04:05.000
2026-09-04T20:08:29.624Z,Deerfoot Trail,NB Deerfoot Tr: 32 Ave NE to Airport Tr NE,4,2026-09-04T14:04:05.000
2026-09-04T20:08:29.624Z,Deerfoot Trail,NB Deerfoot Tr: 32 Ave NE to Stoney Tr NE,7,2026-09-04T14:04:05.000
2026-09-04T20:08:29.624Z,Deerfoot Trail,NB Deerfoot Tr: 8 Ave NE to Airport Tr NE,7,2026-09-04T14:04:05.000
2026-09-04T20:08:29.624Z,Deerfoot Trail,NB Deerfoot Tr: 8 Ave NE to Stoney Tr NE,9,2026-09-04T14:04:05.000
2026-09-04T20:08:29.624Z,Deerfoot Trail,NB Deerfoot Tr: Anderson Rd SE to Airport Tr NE,16,2026-09-04T14:04:05.000
2026-09-04T20:08:29.624Z,Deerfoot Trail,NB Deerfoot Tr: Anderson Rd SE to Memorial Dr SE,10,2026-09-04T14:04:05.000
2026-09-04T20:08:29.624Z,Deerfoot Trail,NB Deerfoot Tr: Cranston Ave SE to Memorial Dr SE,19,2026-09-04T14:04:05.000
2026-09-04T20:08:29.624Z,Deerfoot Trail,NB Deerfoot Tr: Cranston Ave SE to Southland Dr SE,11,2026-09-04T14:04:05.000
2026-09-04T20:08:29.624Z,Deerfoot Trail,NB Deerfoot Tr: Glenmore Tr SE to Airport Tr NE,11,2026-09-04T14:04:05.000
2026-09-04T20:08:29.624Z,Deerfoot Trail,NB Deerfoot Tr: Glenmore Tr SE to Memorial Dr SE,5,2026-09-04T14:04:05.000
2026-09-04T20:08:29.624Z,Deerfoot Trail,NB Deerfoot Tr: Glenmore Tr SE to Stoney Tr NE,14,2026-09-04T14:04:05.000
2026-09-04T20:08:29.624Z,Deerfoot Trail,SB Deerfoot Tr: 17 Ave SE to Anderson Rd SE,11,2026-09-04T14:04:05.000
2026-09-04T20:08:29.624Z,Deerfoot Trail,SB Deerfoot Tr: 17 Ave SE to Stoney Tr SE,15,2026-09-04T14:04:05.000
2026-09-04T20:08:29.624Z,Deerfoot Trail,SB Deerfoot Tr: 64 Ave NE to Anderson Rd SE,16,2026-09-04T14:04:05.000
2026-09-04T20:08:29.624Z,Deerfoot Trail,SB Deerfoot Tr: 64 Ave NE to Memorial Dr SE,5,2026-09-04T14:04:05.000
2026-09-04T20:08:29.624Z,Deerfoot Trail,SB Deerfoot Tr: 8 Ave SE to Glenmore Tr SE,8,2026-09-04T14:04:05.000
2026-09-04T20:08:29.624Z,Deerfoot Trail,SB Deerfoot Tr: 8 Ave SE to Stoney Tr SE,17,2026-09-04T14:04:05.000
2026-09-04T20:08:29.624Z,Deerfoot Trail,SB Deerfoot Tr: Airport Tr NE to Anderson Rd SE,18,2026-09-04T14:04:05.000
2026-09-04T20:08:29.624Z,Deerfoot Trail,SB Deerfoot Tr: Airport Tr NE to Memorial Dr SE,7,2026-09-04T14:04:05.000
2026-09-04T20:08:29.624Z,Deerfoot Trail,SB Deerfoot Tr: Balzac  to Stoney Tr SE via Deerfoot Tr,27,2026-09-04T14:04:05.000
2026-09-04T20:08:29.624Z,Deerfoot Trail,SB Deerfoot Tr: Peigan Tr SE to Anderson Rd SE,9,2026-09-04T14:04:05.000
2026-09-04T20:08:29.624Z,Deerfoot Trail,SB Deerfoot Tr: Peigan Tr SE to Stoney Tr SE,14,2026-09-04T14:04:05.000
2026-09-04T20:08:29.624Z,Glenmore Trail,EB Glenmore Tr: Crowchild Tr SW to Deerfoot Tr SE,7,2026-09-04T14:04:05.000
2026-09-04T20:08:29.624Z,Glenmore Trail,WB Glenmore Tr: Odgen Rd SE to Bow Trail SW,12,2026-09-04T14:04:05.000
2026-09-04T20:08:29.624Z,Glenmore Trail,WB Glenmore Tr: Odgen Rd SE to Crowchild Tr SW,8,2026-09-04T14:04:05.000
2026-09-04T20:08:29.624Z,Macleod Trail,NB Macleod Tr: 274 Ave S to City Centre via Macleod Tr,33,2026-09-04T14:04:05.000
2026-09-04T20:08:29.624Z,Macleod Trail,NB Macleod Tr: Anderson Rd SE to 7 Av SE,18,2026-09-04T14:04:05.000
2026-09-04T20:08:29.624Z,Macleod Trail,NB Macleod Tr: Anderson Rd SE to Blackfoot Tr SW,28,2026-09-04T14:04:05.000
2026-09-04T20:08:29.624Z,Macleod Trail,NB Macleod Tr: Anderson Rd SE to Crowchild Tr SW,12,2026-09-04T14:04:05.000
2026-09-04T20:08:29.624Z,Macleod Trail,NB Macleod Tr: N of 25 Ave S to City Centre,3,2026-09-04T14:04:05.000
2026-09-04T20:08:29.624Z,Stoney Trail,EB Stoney Tr: Chaparral Blvd SE to 16 Ave NE,15,2026-09-04T14:04:05.000
2026-09-04T20:08:29.624Z,Stoney Trail,EB Stoney Tr: Chaparral Blvd SE to Glenmore Tr SE,10,2026-09-04T14:04:05.000
2026-09-04T20:08:29.624Z,Stoney Trail,EB Stoney Tr: Harvest Hills Blvd NW to 16 Ave NE,14,2026-09-04T14:04:05.000
2026-09-04T20:08:29.624Z,Stoney Trail,EB Stoney Tr: Harvest Hills Blvd NW to Glenmore Tr SE,19,2026-09-04T14:04:05.000
2026-09-04T20:08:29.624Z,Stoney Trail,EB Stoney W : Sarcee Tr NW to 16 Ave NE,19,2026-09-04T14:04:05.000
2026-09-04T20:08:29.624Z,Stoney Trail,EB Stoney W : Sarcee Tr NW to Deerfoot Tr N,8,2026-09-04T14:04:05.000
2026-09-04T20:08:29.624Z,Stoney Trail,NB Stoney Tr: 114 Ave SE to 16 Ave NE,8,2026-09-04T14:04:05.000
2026-09-04T20:08:29.624Z,Stoney Trail,NB Stoney Tr: 114 Ave SE to Deerfoot Tr NE,18,2026-09-04T14:04:05.000
2026-09-04T20:08:29.624Z,Stoney Trail,NB Stoney Tr: McKnight Blvd NE to Crowchild Tr NW,20,2026-09-04T14:04:05.000
2026-09-04T20:08:29.624Z,Stoney Trail,NB Stoney Tr: McKnight Blvd NE to Deerfoot Tr N,9,2026-09-04T14:04:05.000
2026-09-04T20:08:29.624Z,Stoney Trail,NB Stoney Tr: Peigan Tr SE to Deerfoot Tr NE,14,2026-09-04T14:04:05.000
2026-09-04T20:08:29.624Z,Stoney Trail,NB Stoney Tr: Peigan Tr SE to McKnight Blvd NE,6,2026-09-04T14:04:05.000
2026-09-04T20:08:29.624Z,Stoney Trail,SB Deerfoot Tr: Balzac  to Stoney Tr SE via Stoney Tr,26,2026-09-04T14:04:05.000
2026-09-04T20:08:29.624Z,Stoney Trail,SB Stoney Tr: Mcknight Blvd NE to Deerfoot Tr S,14,2026-09-04T14:04:05.000
2026-09-04T20:08:29.624Z,Stoney Trail,SB Stoney Tr: Mcknight Blvd NE to Glenmore Tr SE,7,2026-09-04T14:04:05.000
2026-09-04T20:08:29.624Z,Stoney Trail,SB Stoney Tr: Peigan Tr SE to 52 St SE,8,2026-09-04T14:04:05.000
2026-09-04T20:08:29.624Z,Stoney Trail,SB Stoney Tr: Peigan Tr SE to Macleod Tr SE,13,2026-09-04T14:04:05.000
2026-09-04T20:08:29.624Z,Stoney Trail,WB Stoney Tr: 52 St SE to James Mckevitt Rd SW,7,2026-09-04T14:04:05.000
2026-09-04T20:08:29.624Z,Stoney Trail,WB Stoney Tr: 52 St SE to Macleod Tr SE,5,2026-09-04T14:04:05.000
2026-09-04T20:08:29.624Z,Stoney Trail,WB Stoney Tr: Country Hills Blvd NW to 16 Ave NW,5,2026-09-04T14:04:05.000
2026-09-04T20:08:29.624Z,Stoney Trail,WB Stoney Tr: Deerfoot Tr NW to 16 Ave NW,13,2026-09-04T14:04:05.000
2026-09-04T20:08:29.624Z,Stoney Trail,WB Stoney Tr: Deerfoot Tr NW to Crowchild Tr NW,9,2026-09-04T14:04:05.000
2026-09-04T20:08:29.624Z,Trans Canada Highway,WB Trans Canada Hwy: Hwy 22 to Banff,52,2026-09-04T14:04:05.000
2026-09-04T20:08:29.624Z,Trans Canada Highway,WB Trans Canada Hwy: Hwy 22 to Kananaskis Village,44,2026-09-04T14:04:05.000
2026-09-04T22:22:42.447Z,16 Avenue,WB 16 Ave: Stoney Tr NE to Valley Ridge Bv NW via 16 Ave,36,2026-09-04T16:04:05.000
2026-09-04T22:22:42.447Z,16 Avenue,WB 16 Ave: Stoney Tr NE to Valley Ridge Bv Via Stoney Tr,27,2026-09-04T16:04:05.000
2026-09-04T22:22:42.447Z,Crowchild Trail,NB Crowchild Tr: 50 Ave SW to 24 Ave NW,10,2026-09-04T16:04:05.000
2026-09-04T22:22:42.447Z,Crowchild Trail,NB Crowchild Tr: 50 Ave SW to Memorial Dr NW,5,2026-09-04T16:04:05.000
2026-09-04T22:22:42.447Z,Crowchild Trail,NB Crowchild Tr: Glenmore Tr SW to 24 Ave NW,11,2026-09-04T16:04:05.000
2026-09-04T22:22:42.447Z,Crowchild Trail,SB Crowchild Tr: 12 Mile Coulee Rd NW to Glenmore Tr SW,18,2026-09-04T16:04:05.000
2026-09-04T22:22:42.447Z,Crowchild Trail,SB Crowchild Tr: 12 Mile Coulee Rd NW to Memorial Dr NW,13,2026-09-04T16:04:05.000
2026-09-04T22:22:42.447Z,Crowchild Trail,SB Crowchild Tr: 24 Ave NW to 17 Ave SW,6,2026-09-04T16:04:05.000
2026-09-04T22:22:42.447Z,Crowchild Trail,SB Crowchild Tr: 24 Ave NW to Glenmore Tr SW,10,2026-09-04T16:04:05.000
2026-09-04T22:22:42.447Z,Crowchild Trail,SB Crowchild Tr: 33 Ave SW to Deerfoot Tr SE,11,2026-09-04T16:04:05.000
2026-09-04T22:22:42.447Z,Crowchild Trail,SB Crowchild Tr: 33 Ave SW to Glenmore Tr SW,4,2026-09-04T16:04:05.000
2026-09-04T22:22:42.447Z,Deerfoot Trail,NB Deerfoot Tr: 17 Ave SE to Airport Tr NE,12,2026-09-04T16:04:05.000
2026-09-04T22:22:42.447Z,Deerfoot Trail,NB Deerfoot Tr: 17 Ave SE to Stoney Tr NE,16,2026-09-04T16:04:05.000
2026-09-04T22:22:42.447Z,Deerfoot Trail,NB Deerfoot Tr: 274 Ave S to City Centre via Deerfoot Tr,34,2026-09-04T16:04:05.000
2026-09-04T22:22:42.447Z,Deerfoot Trail,NB Deerfoot Tr: 32 Ave NE to Airport Tr NE,5,2026-09-04T16:04:05.000
2026-09-04T22:22:42.447Z,Deerfoot Trail,NB Deerfoot Tr: 32 Ave NE to Stoney Tr NE,9,2026-09-04T16:04:05.000
2026-09-04T22:22:42.447Z,Deerfoot Trail,NB Deerfoot Tr: 8 Ave NE to Airport Tr NE,8,2026-09-04T16:04:05.000
2026-09-04T22:22:42.447Z,Deerfoot Trail,NB Deerfoot Tr: 8 Ave NE to Stoney Tr NE,11,2026-09-04T16:04:05.000
2026-09-04T22:22:42.447Z,Deerfoot Trail,NB Deerfoot Tr: Anderson Rd SE to Airport Tr NE,22,2026-09-04T16:04:05.000
2026-09-04T22:22:42.447Z,Deerfoot Trail,NB Deerfoot Tr: Anderson Rd SE to Memorial Dr SE,14,2026-09-04T16:04:05.000
2026-09-04T22:22:42.447Z,Deerfoot Trail,NB Deerfoot Tr: Cranston Ave SE to Memorial Dr SE,23,2026-09-04T16:04:05.000
2026-09-04T22:22:42.447Z,Deerfoot Trail,NB Deerfoot Tr: Cranston Ave SE to Southland Dr SE,11,2026-09-04T16:04:05.000
2026-09-04T22:22:42.447Z,Deerfoot Trail,NB Deerfoot Tr: Glenmore Tr SE to Airport Tr NE,17,2026-09-04T16:04:05.000
2026-09-04T22:22:42.447Z,Deerfoot Trail,NB Deerfoot Tr: Glenmore Tr SE to Memorial Dr SE,9,2026-09-04T16:04:05.000
2026-09-04T22:22:42.447Z,Deerfoot Trail,NB Deerfoot Tr: Glenmore Tr SE to Stoney Tr NE,20,2026-09-04T16:04:05.000
2026-09-04T22:22:42.447Z,Deerfoot Trail,SB Deerfoot Tr: 17 Ave SE to Anderson Rd SE,13,2026-09-04T16:04:05.000
2026-09-04T22:22:42.447Z,Deerfoot Trail,SB Deerfoot Tr: 17 Ave SE to Stoney Tr SE,18,2026-09-04T16:04:05.000
2026-09-04T22:22:42.447Z,Deerfoot Trail,SB Deerfoot Tr: 64 Ave NE to Anderson Rd SE,18,2026-09-04T16:04:05.000
2026-09-04T22:22:42.447Z,Deerfoot Trail,SB Deerfoot Tr: 64 Ave NE to Memorial Dr SE,5,2026-09-04T16:04:05.000
2026-09-04T22:22:42.447Z,Deerfoot Trail,SB Deerfoot Tr: 8 Ave SE to Glenmore Tr SE,7,2026-09-04T16:04:05.000
2026-09-04T22:22:42.447Z,Deerfoot Trail,SB Deerfoot Tr: 8 Ave SE to Stoney Tr SE,19,2026-09-04T16:04:05.000
2026-09-04T22:22:42.447Z,Deerfoot Trail,SB Deerfoot Tr: Airport Tr NE to Anderson Rd SE,20,2026-09-04T16:04:05.000
2026-09-04T22:22:42.447Z,Deerfoot Trail,SB Deerfoot Tr: Airport Tr NE to Memorial Dr SE,7,2026-09-04T16:04:05.000
2026-09-04T22:22:42.447Z,Deerfoot Trail,SB Deerfoot Tr: Balzac  to Stoney Tr SE via Deerfoot Tr,30,2026-09-04T16:04:05.000
2026-09-04T22:22:42.447Z,Deerfoot Trail,SB Deerfoot Tr: Peigan Tr SE to Anderson Rd SE,12,2026-09-04T16:04:05.000
2026-09-04T22:22:42.447Z,Deerfoot Trail,SB Deerfoot Tr: Peigan Tr SE to Stoney Tr SE,16,2026-09-04T16:04:05.000
2026-09-04T22:22:42.447Z,Glenmore Trail,EB Glenmore Tr: Crowchild Tr SW to Deerfoot Tr SE,9,2026-09-04T16:04:05.000
2026-09-04T22:22:42.447Z,Glenmore Trail,WB Glenmore Tr: Odgen Rd SE to Bow Trail SW,17,2026-09-04T16:04:05.000
2026-09-04T22:22:42.447Z,Glenmore Trail,WB Glenmore Tr: Odgen Rd SE to Crowchild Tr SW,13,2026-09-04T16:04:05.000
2026-09-04T22:22:42.447Z,Macleod Trail,NB Macleod Tr: 274 Ave S to City Centre via Macleod Tr,34,2026-09-04T16:04:05.000
2026-09-04T22:22:42.447Z,Macleod Trail,NB Macleod Tr: Anderson Rd SE to 7 Av SE,18,2026-09-04T16:04:05.000
2026-09-04T22:22:42.447Z,Macleod Trail,NB Macleod Tr: Anderson Rd SE to Blackfoot Tr SW,30,2026-09-04T16:04:05.000
2026-09-04T22:22:42.447Z,Macleod Trail,NB Macleod Tr: Anderson Rd SE to Crowchild Tr SW,14,2026-09-04T16:04:05.000
2026-09-04T22:22:42.447Z,Macleod Trail,NB Macleod Tr: N of 25 Ave S to City Centre,4,2026-09-04T16:04:05.000
2026-09-04T22:22:42.447Z,Stoney Trail,EB Stoney Tr: Chaparral Blvd SE to 16 Ave NE,15,2026-09-04T16:04:05.000
2026-09-04T22:22:42.447Z,Stoney Trail,EB Stoney Tr: Chaparral Blvd SE to Glenmore Tr SE,10,2026-09-04T16:04:05.000
2026-09-04T22:22:42.447Z,Stoney Trail,EB Stoney Tr: Harvest Hills Blvd NW to 16 Ave NE,14,2026-09-04T16:04:05.000
2026-09-04T22:22:42.447Z,Stoney Trail,EB Stoney Tr: Harvest Hills Blvd NW to Glenmore Tr SE,19,2026-09-04T16:04:05.000
2026-09-04T22:22:42.447Z,Stoney Trail,EB Stoney W : Sarcee Tr NW to 16 Ave NE,20,2026-09-04T16:04:05.000
2026-09-04T22:22:42.447Z,Stoney Trail,EB Stoney W : Sarcee Tr NW to Deerfoot Tr N,9,2026-09-04T16:04:05.000
2026-09-04T22:22:42.447Z,Stoney Trail,NB Stoney Tr: 114 Ave SE to 16 Ave NE,8,2026-09-04T16:04:05.000
2026-09-04T22:22:42.447Z,Stoney Trail,NB Stoney Tr: 114 Ave SE to Deerfoot Tr NE,19,2026-09-04T16:04:05.000
2026-09-04T22:22:42.447Z,Stoney Trail,NB Stoney Tr: McKnight Blvd NE to Crowchild Tr NW,20,2026-09-04T16:04:05.000
2026-09-04T22:22:42.447Z,Stoney Trail,NB Stoney Tr: McKnight Blvd NE to Deerfoot Tr N,9,2026-09-04T16:04:05.000
2026-09-04T22:22:42.447Z,Stoney Trail,NB Stoney Tr: Peigan Tr SE to Deerfoot Tr NE,15,2026-09-04T16:04:05.000
2026-09-04T22:22:42.447Z,Stoney Trail,NB Stoney Tr: Peigan Tr SE to McKnight Blvd NE,6,2026-09-04T16:04:05.000
2026-09-04T22:22:42.447Z,Stoney Trail,SB Deerfoot Tr: Balzac  to Stoney Tr SE via Stoney Tr,26,2026-09-04T16:04:05.000
2026-09-04T22:22:42.447Z,Stoney Trail,SB Stoney Tr: Mcknight Blvd NE to Deerfoot Tr S,15,2026-09-04T16:04:05.000
2026-09-04T22:22:42.447Z,Stoney Trail,SB Stoney Tr: Mcknight Blvd NE to Glenmore Tr SE,8,2026-09-04T16:04:05.000
2026-09-04T22:22:42.447Z,Stoney Trail,SB Stoney Tr: Peigan Tr SE to 52 St SE,9,2026-09-04T16:04:05.000
2026-09-04T22:22:42.447Z,Stoney Trail,SB Stoney Tr: Peigan Tr SE to Macleod Tr SE,14,2026-09-04T16:04:05.000
2026-09-04T22:22:42.447Z,Stoney Trail,WB Stoney Tr: 52 St SE to James Mckevitt Rd SW,7,2026-09-04T16:04:05.000
2026-09-04T22:22:42.447Z,Stoney Trail,WB Stoney Tr: 52 St SE to Macleod Tr SE,5,2026-09-04T16:04:05.000
2026-09-04T22:22:42.447Z,Stoney Trail,WB Stoney Tr: Country Hills Blvd NW to 16 Ave NW,6,2026-09-04T16:04:05.000
2026-09-04T22:22:42.447Z,Stoney Trail,WB Stoney Tr: Deerfoot Tr NW to 16 Ave NW,13,2026-09-04T16:04:05.000
2026-09-04T22:22:42.447Z,Stoney Trail,WB Stoney Tr: Deerfoot Tr NW to Crowchild Tr NW,10,2026-09-04T16:04:05.000
2026-09-04T22:22:42.447Z,Trans Canada Highway,WB Trans Canada Hwy: Hwy 22 to Banff,51,2026-09-04T16:04:05.000
2026-09-04T22:22:42.447Z,Trans Canada Highway,WB Trans Canada Hwy: Hwy 22 to Kananaskis Village,43,2026-09-04T16:04:05.000
2026-09-05T00:21:07.246Z,16 Avenue,WB 16 Ave: Stoney Tr NE to Valley Ridge Bv NW via 16 Ave,37,2026-09-04T18:04:05.000
2026-09-05T00:21:07.246Z,16 Avenue,WB 16 Ave: Stoney Tr NE to Valley Ridge Bv Via Stoney Tr,28,2026-09-04T18:04:05.000
2026-09-05T00:21:07.246Z,Crowchild Trail,NB Crowchild Tr: 50 Ave SW to 24 Ave NW,8,2026-09-04T18:04:05.000
2026-09-05T00:21:07.246Z,Crowchild Trail,NB Crowchild Tr: 50 Ave SW to Memorial Dr NW,4,2026-09-04T18:04:05.000
2026-09-05T00:21:07.246Z,Crowchild Trail,NB Crowchild Tr: Glenmore Tr SW to 24 Ave NW,10,2026-09-04T18:04:05.000
2026-09-05T00:21:07.246Z,Crowchild Trail,SB Crowchild Tr: 12 Mile Coulee Rd NW to Glenmore Tr SW,17,2026-09-04T18:04:05.000
2026-09-05T00:21:07.246Z,Crowchild Trail,SB Crowchild Tr: 12 Mile Coulee Rd NW to Memorial Dr NW,12,2026-09-04T18:04:05.000
2026-09-05T00:21:07.246Z,Crowchild Trail,SB Crowchild Tr: 24 Ave NW to 17 Ave SW,5,2026-09-04T18:04:05.000
2026-09-05T00:21:07.246Z,Crowchild Trail,SB Crowchild Tr: 24 Ave NW to Glenmore Tr SW,9,2026-09-04T18:04:05.000
2026-09-05T00:21:07.246Z,Crowchild Trail,SB Crowchild Tr: 33 Ave SW to Deerfoot Tr SE,8,2026-09-04T18:04:05.000
2026-09-05T00:21:07.246Z,Crowchild Trail,SB Crowchild Tr: 33 Ave SW to Glenmore Tr SW,4,2026-09-04T18:04:05.000
2026-09-05T00:21:07.246Z,Deerfoot Trail,NB Deerfoot Tr: 17 Ave SE to Airport Tr NE,9,2026-09-04T18:04:05.000
2026-09-05T00:21:07.246Z,Deerfoot Trail,NB Deerfoot Tr: 17 Ave SE to Stoney Tr NE,12,2026-09-04T18:04:05.000
2026-09-05T00:21:07.246Z,Deerfoot Trail,NB Deerfoot Tr: 274 Ave S to City Centre via Deerfoot Tr,30,2026-09-04T18:04:05.000
2026-09-05T00:21:07.246Z,Deerfoot Trail,NB Deerfoot Tr: 32 Ave NE to Airport Tr NE,4,2026-09-04T18:04:05.000
2026-09-05T00:21:07.246Z,Deerfoot Trail,NB Deerfoot Tr: 32 Ave NE to Stoney Tr NE,7,2026-09-04T18:04:05.000
2026-09-05T00:21:07.246Z,Deerfoot Trail,NB Deerfoot Tr: 8 Ave NE to Airport Tr NE,7,2026-09-04T18:04:05.000
2026-09-05T00:21:07.246Z,Deerfoot Trail,NB Deerfoot Tr: 8 Ave NE to Stoney Tr NE,9,2026-09-04T18:04:05.000
2026-09-05T00:21:07.246Z,Deerfoot Trail,NB Deerfoot Tr: Anderson Rd SE to Airport Tr NE,16,2026-09-04T18:04:05.000
2026-09-05T00:21:07.246Z,Deerfoot Trail,NB Deerfoot Tr: Anderson Rd SE to Memorial Dr SE,10,2026-09-04T18:04:05.000
2026-09-05T00:21:07.246Z,Deerfoot Trail,NB Deerfoot Tr: Cranston Ave SE to Memorial Dr SE,18,2026-09-04T18:04:05.000
2026-09-05T00:21:07.246Z,Deerfoot Trail,NB Deerfoot Tr: Cranston Ave SE to Southland Dr SE,11,2026-09-04T18:04:05.000
2026-09-05T00:21:07.246Z,Deerfoot Trail,NB Deerfoot Tr: Glenmore Tr SE to Airport Tr NE,11,2026-09-04T18:04:05.000
2026-09-05T00:21:07.246Z,Deerfoot Trail,NB Deerfoot Tr: Glenmore Tr SE to Memorial Dr SE,5,2026-09-04T18:04:05.000
2026-09-05T00:21:07.246Z,Deerfoot Trail,NB Deerfoot Tr: Glenmore Tr SE to Stoney Tr NE,14,2026-09-04T18:04:05.000
2026-09-05T00:21:07.246Z,Deerfoot Trail,SB Deerfoot Tr: 17 Ave SE to Anderson Rd SE,9,2026-09-04T18:04:05.000
2026-09-05T00:21:07.246Z,Deerfoot Trail,SB Deerfoot Tr: 17 Ave SE to Stoney Tr SE,14,2026-09-04T18:04:05.000
2026-09-05T00:21:07.246Z,Deerfoot Trail,SB Deerfoot Tr: 64 Ave NE to Anderson Rd SE,15,2026-09-04T18:04:05.000
2026-09-05T00:21:07.246Z,Deerfoot Trail,SB Deerfoot Tr: 64 Ave NE to Memorial Dr SE,5,2026-09-04T18:04:05.000
2026-09-05T00:21:07.246Z,Deerfoot Trail,SB Deerfoot Tr: 8 Ave SE to Glenmore Tr SE,7,2026-09-04T18:04:05.000
2026-09-05T00:21:07.246Z,Deerfoot Trail,SB Deerfoot Tr: 8 Ave SE to Stoney Tr SE,16,2026-09-04T18:04:05.000
2026-09-05T00:21:07.246Z,Deerfoot Trail,SB Deerfoot Tr: Airport Tr NE to Anderson Rd SE,17,2026-09-04T18:04:05.000
2026-09-05T00:21:07.246Z,Deerfoot Trail,SB Deerfoot Tr: Airport Tr NE to Memorial Dr SE,7,2026-09-04T18:04:05.000
2026-09-05T00:21:07.246Z,Deerfoot Trail,SB Deerfoot Tr: Balzac  to Stoney Tr SE via Deerfoot Tr,28,2026-09-04T18:04:05.000
2026-09-05T00:21:07.246Z,Deerfoot Trail,SB Deerfoot Tr: Peigan Tr SE to Anderson Rd SE,8,2026-09-04T18:04:05.000
2026-09-05T00:21:07.246Z,Deerfoot Trail,SB Deerfoot Tr: Peigan Tr SE to Stoney Tr SE,13,2026-09-04T18:04:05.000
2026-09-05T00:21:07.246Z,Glenmore Trail,EB Glenmore Tr: Crowchild Tr SW to Deerfoot Tr SE,5,2026-09-04T18:04:05.000
2026-09-05T00:21:07.246Z,Glenmore Trail,WB Glenmore Tr: Odgen Rd SE to Bow Trail SW,11,2026-09-04T18:04:05.000
2026-09-05T00:21:07.246Z,Glenmore Trail,WB Glenmore Tr: Odgen Rd SE to Crowchild Tr SW,8,2026-09-04T18:04:05.000
2026-09-05T00:21:07.246Z,Macleod Trail,NB Macleod Tr: 274 Ave S to City Centre via Macleod Tr,31,2026-09-04T18:04:05.000
2026-09-05T00:21:07.246Z,Macleod Trail,NB Macleod Tr: Anderson Rd SE to 7 Av SE,17,2026-09-04T18:04:05.000
2026-09-05T00:21:07.246Z,Macleod Trail,NB Macleod Tr: Anderson Rd SE to Blackfoot Tr SW,25,2026-09-04T18:04:05.000
2026-09-05T00:21:07.246Z,Macleod Trail,NB Macleod Tr: Anderson Rd SE to Crowchild Tr SW,10,2026-09-04T18:04:05.000
2026-09-05T00:21:07.246Z,Macleod Trail,NB Macleod Tr: N of 25 Ave S to City Centre,3,2026-09-04T18:04:05.000
2026-09-05T00:21:07.246Z,Stoney Trail,EB Stoney Tr: Chaparral Blvd SE to 16 Ave NE,14,2026-09-04T18:04:05.000
2026-09-05T00:21:07.246Z,Stoney Trail,EB Stoney Tr: Chaparral Blvd SE to Glenmore Tr SE,9,2026-09-04T18:04:05.000
2026-09-05T00:21:07.246Z,Stoney Trail,EB Stoney Tr: Harvest Hills Blvd NW to 16 Ave NE,13,2026-09-04T18:04:05.000
2026-09-05T00:21:07.246Z,Stoney Trail,EB Stoney Tr: Harvest Hills Blvd NW to Glenmore Tr SE,19,2026-09-04T18:04:05.000
2026-09-05T00:21:07.246Z,Stoney Trail,EB Stoney W : Sarcee Tr NW to 16 Ave NE,18,2026-09-04T18:04:05.000
2026-09-05T00:21:07.246Z,Stoney Trail,EB Stoney W : Sarcee Tr NW to Deerfoot Tr N,8,2026-09-04T18:04:05.000
2026-09-05T00:21:07.246Z,Stoney Trail,NB Stoney Tr: 114 Ave SE to 16 Ave NE,8,2026-09-04T18:04:05.000
2026-09-05T00:21:07.246Z,Stoney Trail,NB Stoney Tr: 114 Ave SE to Deerfoot Tr NE,19,2026-09-04T18:04:05.000
2026-09-05T00:21:07.246Z,Stoney Trail,NB Stoney Tr: McKnight Blvd NE to Crowchild Tr NW,20,2026-09-04T18:04:05.000
2026-09-05T00:21:07.246Z,Stoney Trail,NB Stoney Tr: McKnight Blvd NE to Deerfoot Tr N,10,2026-09-04T18:04:05.000
2026-09-05T00:21:07.246Z,Stoney Trail,NB Stoney Tr: Peigan Tr SE to Deerfoot Tr NE,15,2026-09-04T18:04:05.000
2026-09-05T00:21:07.246Z,Stoney Trail,NB Stoney Tr: Peigan Tr SE to McKnight Blvd NE,6,2026-09-04T18:04:05.000
2026-09-05T00:21:07.246Z,Stoney Trail,SB Deerfoot Tr: Balzac  to Stoney Tr SE via Stoney Tr,27,2026-09-04T18:04:05.000
2026-09-05T00:21:07.246Z,Stoney Trail,SB Stoney Tr: Mcknight Blvd NE to Deerfoot Tr S,14,2026-09-04T18:04:05.000
2026-09-05T00:21:07.246Z,Stoney Trail,SB Stoney Tr: Mcknight Blvd NE to Glenmore Tr SE,7,2026-09-04T18:04:05.000
2026-09-05T00:21:07.246Z,Stoney Trail,SB Stoney Tr: Peigan Tr SE to 52 St SE,8,2026-09-04T18:04:05.000
2026-09-05T00:21:07.246Z,Stoney Trail,SB Stoney Tr: Peigan Tr SE to Macleod Tr SE,13,2026-09-04T18:04:05.000
2026-09-05T00:21:07.246Z,Stoney Trail,WB Stoney Tr: 52 St SE to James Mckevitt Rd SW,7,2026-09-04T18:04:05.000
2026-09-05T00:21:07.246Z,Stoney Trail,WB Stoney Tr: 52 St SE to Macleod Tr SE,5,2026-09-04T18:04:05.000
2026-09-05T00:21:07.246Z,Stoney Trail,WB Stoney Tr: Country Hills Blvd NW to 16 Ave NW,5,2026-09-04T18:04:05.000
2026-09-05T00:21:07.246Z,Stoney Trail,WB Stoney Tr: Deerfoot Tr NW to 16 Ave NW,13,2026-09-04T18:04:05.000
2026-09-05T00:21:07.246Z,Stoney Trail,WB Stoney Tr: Deerfoot Tr NW to Crowchild Tr NW,9,2026-09-04T18:04:05.000
2026-09-05T00:21:07.246Z,Trans Canada Highway,WB Trans Canada Hwy: Hwy 22 to Banff,50,2026-09-04T18:04:05.000
2026-09-05T00:21:07.246Z,Trans Canada Highway,WB Trans Canada Hwy: Hwy 22 to Kananaskis Village,44,2026-09-04T18:04:05.000
2026-09-05T04:54:22.355Z,16 Avenue,WB 16 Ave: Stoney Tr NE to Valley Ridge Bv NW via 16 Ave,29,2026-09-04T22:44:07.000
2026-09-05T04:54:22.355Z,16 Avenue,WB 16 Ave: Stoney Tr NE to Valley Ridge Bv Via Stoney Tr,27,2026-09-04T22:44:07.000
2026-09-05T04:54:22.355Z,Crowchild Trail,NB Crowchild Tr: 50 Ave SW to 24 Ave NW,7,2026-09-04T22:44:07.000
2026-09-05T04:54:22.355Z,Crowchild Trail,NB Crowchild Tr: 50 Ave SW to Memorial Dr NW,4,2026-09-04T22:44:07.000
2026-09-05T04:54:22.355Z,Crowchild Trail,NB Crowchild Tr: Glenmore Tr SW to 24 Ave NW,9,2026-09-04T22:44:07.000
2026-09-05T04:54:22.355Z,Crowchild Trail,SB Crowchild Tr: 12 Mile Coulee Rd NW to Glenmore Tr SW,17,2026-09-04T22:44:07.000
2026-09-05T04:54:22.355Z,Crowchild Trail,SB Crowchild Tr: 12 Mile Coulee Rd NW to Memorial Dr NW,12,2026-09-04T22:44:07.000
2026-09-05T04:54:22.355Z,Crowchild Trail,SB Crowchild Tr: 24 Ave NW to 17 Ave SW,5,2026-09-04T22:44:07.000
2026-09-05T04:54:22.355Z,Crowchild Trail,SB Crowchild Tr: 24 Ave NW to Glenmore Tr SW,10,2026-09-04T22:44:07.000
2026-09-05T04:54:22.355Z,Crowchild Trail,SB Crowchild Tr: 33 Ave SW to Deerfoot Tr SE,8,2026-09-04T22:44:07.000
2026-09-05T04:54:22.355Z,Crowchild Trail,SB Crowchild Tr: 33 Ave SW to Glenmore Tr SW,4,2026-09-04T22:44:07.000
2026-09-05T04:54:22.355Z,Deerfoot Trail,NB Deerfoot Tr: 17 Ave SE to Airport Tr NE,9,2026-09-04T22:44:07.000
2026-09-05T04:54:22.355Z,Deerfoot Trail,NB Deerfoot Tr: 17 Ave SE to Stoney Tr NE,11,2026-09-04T22:44:07.000
2026-09-05T04:54:22.355Z,Deerfoot Trail,NB Deerfoot Tr: 274 Ave S to City Centre via Deerfoot Tr,29,2026-09-04T22:44:07.000
2026-09-05T04:54:22.355Z,Deerfoot Trail,NB Deerfoot Tr: 32 Ave NE to Airport Tr NE,4,2026-09-04T22:44:07.000
2026-09-05T04:54:22.355Z,Deerfoot Trail,NB Deerfoot Tr: 32 Ave NE to Stoney Tr NE,7,2026-09-04T22:44:07.000
2026-09-05T04:54:22.355Z,Deerfoot Trail,NB Deerfoot Tr: 8 Ave NE to Airport Tr NE,7,2026-09-04T22:44:07.000
2026-09-05T04:54:22.355Z,Deerfoot Trail,NB Deerfoot Tr: 8 Ave NE to Stoney Tr NE,9,2026-09-04T22:44:07.000
2026-09-05T04:54:22.355Z,Deerfoot Trail,NB Deerfoot Tr: Anderson Rd SE to Airport Tr NE,16,2026-09-04T22:44:07.000
2026-09-05T04:54:22.355Z,Deerfoot Trail,NB Deerfoot Tr: Anderson Rd SE to Memorial Dr SE,10,2026-09-04T22:44:07.000
2026-09-05T04:54:22.355Z,Deerfoot Trail,NB Deerfoot Tr: Cranston Ave SE to Memorial Dr SE,18,2026-09-04T22:44:07.000
2026-09-05T04:54:22.355Z,Deerfoot Trail,NB Deerfoot Tr: Cranston Ave SE to Southland Dr SE,11,2026-09-04T22:44:07.000
2026-09-05T04:54:22.355Z,Deerfoot Trail,NB Deerfoot Tr: Glenmore Tr SE to Airport Tr NE,11,2026-09-04T22:44:07.000
2026-09-05T04:54:22.355Z,Deerfoot Trail,NB Deerfoot Tr: Glenmore Tr SE to Memorial Dr SE,5,2026-09-04T22:44:07.000
2026-09-05T04:54:22.355Z,Deerfoot Trail,NB Deerfoot Tr: Glenmore Tr SE to Stoney Tr NE,14,2026-09-04T22:44:07.000
2026-09-05T04:54:22.355Z,Deerfoot Trail,SB Deerfoot Tr: 17 Ave SE to Anderson Rd SE,9,2026-09-04T22:44:07.000
2026-09-05T04:54:22.355Z,Deerfoot Trail,SB Deerfoot Tr: 17 Ave SE to Stoney Tr SE,14,2026-09-04T22:44:07.000
2026-09-05T04:54:22.355Z,Deerfoot Trail,SB Deerfoot Tr: 64 Ave NE to Anderson Rd SE,14,2026-09-04T22:44:07.000
2026-09-05T04:54:22.355Z,Deerfoot Trail,SB Deerfoot Tr: 64 Ave NE to Memorial Dr SE,5,2026-09-04T22:44:07.000
2026-09-05T04:54:22.355Z,Deerfoot Trail,SB Deerfoot Tr: 8 Ave SE to Glenmore Tr SE,7,2026-09-04T22:44:07.000
2026-09-05T04:54:22.355Z,Deerfoot Trail,SB Deerfoot Tr: 8 Ave SE to Stoney Tr SE,15,2026-09-04T22:44:07.000
2026-09-05T04:54:22.355Z,Deerfoot Trail,SB Deerfoot Tr: Airport Tr NE to Anderson Rd SE,17,2026-09-04T22:44:07.000
2026-09-05T04:54:22.355Z,Deerfoot Trail,SB Deerfoot Tr: Airport Tr NE to Memorial Dr SE,7,2026-09-04T22:44:07.000
2026-09-05T04:54:22.355Z,Deerfoot Trail,SB Deerfoot Tr: Balzac  to Stoney Tr SE via Deerfoot Tr,25,2026-09-04T22:44:07.000
2026-09-05T04:54:22.355Z,Deerfoot Trail,SB Deerfoot Tr: Peigan Tr SE to Anderson Rd SE,7,2026-09-04T22:44:07.000
2026-09-05T04:54:22.355Z,Deerfoot Trail,SB Deerfoot Tr: Peigan Tr SE to Stoney Tr SE,12,2026-09-04T22:44:07.000
2026-09-05T04:54:22.355Z,Glenmore Trail,EB Glenmore Tr: Crowchild Tr SW to Deerfoot Tr SE,6,2026-09-04T22:44:07.000
2026-09-05T04:54:22.355Z,Glenmore Trail,WB Glenmore Tr: Odgen Rd SE to Bow Trail SW,11,2026-09-04T22:44:07.000
2026-09-05T04:54:22.355Z,Glenmore Trail,WB Glenmore Tr: Odgen Rd SE to Crowchild Tr SW,8,2026-09-04T22:44:07.000
2026-09-05T04:54:22.355Z,Macleod Trail,NB Macleod Tr: 274 Ave S to City Centre via Macleod Tr,28,2026-09-04T22:44:07.000
2026-09-05T04:54:22.355Z,Macleod Trail,NB Macleod Tr: Anderson Rd SE to 7 Av SE,14,2026-09-04T22:44:07.000
2026-09-05T04:54:22.355Z,Macleod Trail,NB Macleod Tr: Anderson Rd SE to Blackfoot Tr SW,23,2026-09-04T22:44:07.000
2026-09-05T04:54:22.355Z,Macleod Trail,NB Macleod Tr: Anderson Rd SE to Crowchild Tr SW,10,2026-09-04T22:44:07.000
2026-09-05T04:54:22.355Z,Macleod Trail,NB Macleod Tr: N of 25 Ave S to City Centre,3,2026-09-04T22:44:07.000
2026-09-05T04:54:22.355Z,Stoney Trail,EB Stoney Tr: Chaparral Blvd SE to 16 Ave NE,14,2026-09-04T22:44:07.000
2026-09-05T04:54:22.355Z,Stoney Trail,EB Stoney Tr: Chaparral Blvd SE to Glenmore Tr SE,9,2026-09-04T22:44:07.000
2026-09-05T04:54:22.355Z,Stoney Trail,EB Stoney Tr: Harvest Hills Blvd NW to 16 Ave NE,14,2026-09-04T22:44:07.000
2026-09-05T04:54:22.355Z,Stoney Trail,EB Stoney Tr: Harvest Hills Blvd NW to Glenmore Tr SE,20,2026-09-04T22:44:07.000
2026-09-05T04:54:22.355Z,Stoney Trail,EB Stoney W : Sarcee Tr NW to 16 Ave NE,19,2026-09-04T22:44:07.000
2026-09-05T04:54:22.355Z,Stoney Trail,EB Stoney W : Sarcee Tr NW to Deerfoot Tr N,8,2026-09-04T22:44:07.000
2026-09-05T04:54:22.355Z,Stoney Trail,NB Stoney Tr: 114 Ave SE to 16 Ave NE,7,2026-09-04T22:44:07.000
2026-09-05T04:54:22.355Z,Stoney Trail,NB Stoney Tr: 114 Ave SE to Deerfoot Tr NE,18,2026-09-04T22:44:07.000
2026-09-05T04:54:22.355Z,Stoney Trail,NB Stoney Tr: McKnight Blvd NE to Crowchild Tr NW,21,2026-09-04T22:44:07.000
2026-09-05T04:54:22.355Z,Stoney Trail,NB Stoney Tr: McKnight Blvd NE to Deerfoot Tr N,9,2026-09-04T22:44:07.000
2026-09-05T04:54:22.355Z,Stoney Trail,NB Stoney Tr: Peigan Tr SE to Deerfoot Tr NE,14,2026-09-04T22:44:07.000
2026-09-05T04:54:22.355Z,Stoney Trail,NB Stoney Tr: Peigan Tr SE to McKnight Blvd NE,5,2026-09-04T22:44:07.000
2026-09-05T04:54:22.355Z,Stoney Trail,SB Deerfoot Tr: Balzac  to Stoney Tr SE via Stoney Tr,26,2026-09-04T22:44:07.000
2026-09-05T04:54:22.355Z,Stoney Trail,SB Stoney Tr: Mcknight Blvd NE to Deerfoot Tr S,15,2026-09-04T22:44:07.000
2026-09-05T04:54:22.355Z,Stoney Trail,SB Stoney Tr: Mcknight Blvd NE to Glenmore Tr SE,8,2026-09-04T22:44:07.000
2026-09-05T04:54:22.355Z,Stoney Trail,SB Stoney Tr: Peigan Tr SE to 52 St SE,9,2026-09-04T22:44:07.000
2026-09-05T04:54:22.355Z,Stoney Trail,SB Stoney Tr: Peigan Tr SE to Macleod Tr SE,14,2026-09-04T22:44:07.000
2026-09-05T04:54:22.355Z,Stoney Trail,WB Stoney Tr: 52 St SE to James Mckevitt Rd SW,7,2026-09-04T22:44:07.000
2026-09-05T04:54:22.355Z,Stoney Trail,WB Stoney Tr: 52 St SE to Macleod Tr SE,5,2026-09-04T22:44:07.000
2026-09-05T04:54:22.355Z,Stoney Trail,WB Stoney Tr: Country Hills Blvd NW to 16 Ave NW,5,2026-09-04T22:44:07.000
2026-09-05T04:54:22.355Z,Stoney Trail,WB Stoney Tr: Deerfoot Tr NW to 16 Ave NW,13,2026-09-04T22:44:07.000
2026-09-05T04:54:22.355Z,Stoney Trail,WB Stoney Tr: Deerfoot Tr NW to Crowchild Tr NW,10,2026-09-04T22:44:07.000
2026-09-05T04:54:22.355Z,Trans Canada Highway,WB Trans Canada Hwy: Hwy 22 to Banff,52,2026-09-04T22:44:07.000
2026-09-05T04:54:22.355Z,Trans Canada Highway,WB Trans Canada Hwy: Hwy 22 to Kananaskis Village,43,2026-09-04T22:44:07.000
2026-09-05T08:44:14.089Z,16 Avenue,WB 16 Ave: Stoney Tr NE to Valley Ridge Bv NW via 16 Ave,30,2026-09-05T02:24:09.000
2026-09-05T08:44:14.089Z,16 Avenue,WB 16 Ave: Stoney Tr NE to Valley Ridge Bv Via Stoney Tr,27,2026-09-05T02:24:09.000
2026-09-05T08:44:14.089Z,Crowchild Trail,NB Crowchild Tr: 50 Ave SW to 24 Ave NW,7,2026-09-05T02:24:09.000
2026-09-05T08:44:14.089Z,Crowchild Trail,NB Crowchild Tr: 50 Ave SW to Memorial Dr NW,4,2026-09-05T02:24:09.000
2026-09-05T08:44:14.089Z,Crowchild Trail,NB Crowchild Tr: Glenmore Tr SW to 24 Ave NW,9,2026-09-05T02:24:09.000
2026-09-05T08:44:14.089Z,Crowchild Trail,SB Crowchild Tr: 12 Mile Coulee Rd NW to Glenmore Tr SW,17,2026-09-05T02:24:09.000
2026-09-05T08:44:14.089Z,Crowchild Trail,SB Crowchild Tr: 12 Mile Coulee Rd NW to Memorial Dr NW,12,2026-09-05T02:24:09.000
2026-09-05T08:44:14.089Z,Crowchild Trail,SB Crowchild Tr: 24 Ave NW to 17 Ave SW,5,2026-09-05T02:24:09.000
2026-09-05T08:44:14.089Z,Crowchild Trail,SB Crowchild Tr: 24 Ave NW to Glenmore Tr SW,9,2026-09-05T02:24:09.000
2026-09-05T08:44:14.089Z,Crowchild Trail,SB Crowchild Tr: 33 Ave SW to Deerfoot Tr SE,8,2026-09-05T02:24:09.000
2026-09-05T08:44:14.089Z,Crowchild Trail,SB Crowchild Tr: 33 Ave SW to Glenmore Tr SW,4,2026-09-05T02:24:09.000
2026-09-05T08:44:14.089Z,Deerfoot Trail,NB Deerfoot Tr: 17 Ave SE to Airport Tr NE,9,2026-09-05T02:24:09.000
2026-09-05T08:44:14.089Z,Deerfoot Trail,NB Deerfoot Tr: 17 Ave SE to Stoney Tr NE,12,2026-09-05T02:24:09.000
2026-09-05T08:44:14.089Z,Deerfoot Trail,NB Deerfoot Tr: 274 Ave S to City Centre via Deerfoot Tr,28,2026-09-05T02:24:09.000
2026-09-05T08:44:14.089Z,Deerfoot Trail,NB Deerfoot Tr: 32 Ave NE to Airport Tr NE,4,2026-09-05T02:24:09.000
2026-09-05T08:44:14.089Z,Deerfoot Trail,NB Deerfoot Tr: 32 Ave NE to Stoney Tr NE,7,2026-09-05T02:24:09.000
2026-09-05T08:44:14.089Z,Deerfoot Trail,NB Deerfoot Tr: 8 Ave NE to Airport Tr NE,7,2026-09-05T02:24:09.000
2026-09-05T08:44:14.089Z,Deerfoot Trail,NB Deerfoot Tr: 8 Ave NE to Stoney Tr NE,9,2026-09-05T02:24:09.000
2026-09-05T08:44:14.089Z,Deerfoot Trail,NB Deerfoot Tr: Anderson Rd SE to Airport Tr NE,17,2026-09-05T02:24:09.000
2026-09-05T08:44:14.089Z,Deerfoot Trail,NB Deerfoot Tr: Anderson Rd SE to Memorial Dr SE,11,2026-09-05T02:24:09.000
2026-09-05T08:44:14.089Z,Deerfoot Trail,NB Deerfoot Tr: Cranston Ave SE to Memorial Dr SE,19,2026-09-05T02:24:09.000
2026-09-05T08:44:14.089Z,Deerfoot Trail,NB Deerfoot Tr: Cranston Ave SE to Southland Dr SE,10,2026-09-05T02:24:09.000
2026-09-05T08:44:14.089Z,Deerfoot Trail,NB Deerfoot Tr: Glenmore Tr SE to Airport Tr NE,12,2026-09-05T02:24:09.000
2026-09-05T08:44:14.089Z,Deerfoot Trail,NB Deerfoot Tr: Glenmore Tr SE to Memorial Dr SE,5,2026-09-05T02:24:09.000
2026-09-05T08:44:14.089Z,Deerfoot Trail,NB Deerfoot Tr: Glenmore Tr SE to Stoney Tr NE,14,2026-09-05T02:24:09.000
2026-09-05T08:44:14.089Z,Deerfoot Trail,SB Deerfoot Tr: 17 Ave SE to Anderson Rd SE,9,2026-09-05T02:24:09.000
2026-09-05T08:44:14.089Z,Deerfoot Trail,SB Deerfoot Tr: 17 Ave SE to Stoney Tr SE,14,2026-09-05T02:24:09.000
2026-09-05T08:44:14.089Z,Deerfoot Trail,SB Deerfoot Tr: 64 Ave NE to Anderson Rd SE,14,2026-09-05T02:24:09.000
2026-09-05T08:44:14.089Z,Deerfoot Trail,SB Deerfoot Tr: 64 Ave NE to Memorial Dr SE,5,2026-09-05T02:24:09.000
2026-09-05T08:44:14.089Z,Deerfoot Trail,SB Deerfoot Tr: 8 Ave SE to Glenmore Tr SE,6,2026-09-05T02:24:09.000
2026-09-05T08:44:14.089Z,Deerfoot Trail,SB Deerfoot Tr: 8 Ave SE to Stoney Tr SE,15,2026-09-05T02:24:09.000
2026-09-05T08:44:14.089Z,Deerfoot Trail,SB Deerfoot Tr: Airport Tr NE to Anderson Rd SE,16,2026-09-05T02:24:09.000
2026-09-05T08:44:14.089Z,Deerfoot Trail,SB Deerfoot Tr: Airport Tr NE to Memorial Dr SE,7,2026-09-05T02:24:09.000
2026-09-05T08:44:14.089Z,Deerfoot Trail,SB Deerfoot Tr: Balzac  to Stoney Tr SE via Deerfoot Tr,25,2026-09-05T02:24:09.000
2026-09-05T08:44:14.089Z,Deerfoot Trail,SB Deerfoot Tr: Peigan Tr SE to Anderson Rd SE,7,2026-09-05T02:24:09.000
2026-09-05T08:44:14.089Z,Deerfoot Trail,SB Deerfoot Tr: Peigan Tr SE to Stoney Tr SE,12,2026-09-05T02:24:09.000
2026-09-05T08:44:14.089Z,Glenmore Trail,EB Glenmore Tr: Crowchild Tr SW to Deerfoot Tr SE,6,2026-09-05T02:24:09.000
2026-09-05T08:44:14.089Z,Glenmore Trail,WB Glenmore Tr: Odgen Rd SE to Bow Trail SW,11,2026-09-05T02:24:09.000
2026-09-05T08:44:14.089Z,Glenmore Trail,WB Glenmore Tr: Odgen Rd SE to Crowchild Tr SW,7,2026-09-05T02:24:09.000
2026-09-05T08:44:14.089Z,Macleod Trail,NB Macleod Tr: 274 Ave S to City Centre via Macleod Tr,26,2026-09-05T02:24:09.000
2026-09-05T08:44:14.089Z,Macleod Trail,NB Macleod Tr: Anderson Rd SE to 7 Av SE,14,2026-09-05T02:24:09.000
2026-09-05T08:44:14.089Z,Macleod Trail,NB Macleod Tr: Anderson Rd SE to Blackfoot Tr SW,23,2026-09-05T02:24:09.000
2026-09-05T08:44:14.089Z,Macleod Trail,NB Macleod Tr: Anderson Rd SE to Crowchild Tr SW,9,2026-09-05T02:24:09.000
2026-09-05T08:44:14.089Z,Macleod Trail,NB Macleod Tr: N of 25 Ave S to City Centre,3,2026-09-05T02:24:09.000
2026-09-05T08:44:14.089Z,Stoney Trail,EB Stoney Tr: Chaparral Blvd SE to 16 Ave NE,14,2026-09-05T02:24:09.000
2026-09-05T08:44:14.089Z,Stoney Trail,EB Stoney Tr: Chaparral Blvd SE to Glenmore Tr SE,9,2026-09-05T02:24:09.000
2026-09-05T08:44:14.089Z,Stoney Trail,EB Stoney Tr: Harvest Hills Blvd NW to 16 Ave NE,14,2026-09-05T02:24:09.000
2026-09-05T08:44:14.089Z,Stoney Trail,EB Stoney Tr: Harvest Hills Blvd NW to Glenmore Tr SE,20,2026-09-05T02:24:09.000
2026-09-05T08:44:14.089Z,Stoney Trail,EB Stoney W : Sarcee Tr NW to 16 Ave NE,19,2026-09-05T02:24:09.000
2026-09-05T08:44:14.089Z,Stoney Trail,EB Stoney W : Sarcee Tr NW to Deerfoot Tr N,7,2026-09-05T02:24:09.000
2026-09-05T08:44:14.089Z,Stoney Trail,NB Stoney Tr: 114 Ave SE to 16 Ave NE,8,2026-09-05T02:24:09.000
2026-09-05T08:44:14.089Z,Stoney Trail,NB Stoney Tr: 114 Ave SE to Deerfoot Tr NE,18,2026-09-05T02:24:09.000
2026-09-05T08:44:14.089Z,Stoney Trail,NB Stoney Tr: McKnight Blvd NE to Crowchild Tr NW,20,2026-09-05T02:24:09.000
2026-09-05T08:44:14.089Z,Stoney Trail,NB Stoney Tr: McKnight Blvd NE to Deerfoot Tr N,9,2026-09-05T02:24:09.000
2026-09-05T08:44:14.089Z,Stoney Trail,NB Stoney Tr: Peigan Tr SE to Deerfoot Tr NE,14,2026-09-05T02:24:09.000
2026-09-05T08:44:14.089Z,Stoney Trail,NB Stoney Tr: Peigan Tr SE to McKnight Blvd NE,6,2026-09-05T02:24:09.000
2026-09-05T08:44:14.089Z,Stoney Trail,SB Deerfoot Tr: Balzac  to Stoney Tr SE via Stoney Tr,27,2026-09-05T02:24:09.000
2026-09-05T08:44:14.089Z,Stoney Trail,SB Stoney Tr: Mcknight Blvd NE to Deerfoot Tr S,14,2026-09-05T02:24:09.000
2026-09-05T08:44:14.089Z,Stoney Trail,SB Stoney Tr: Mcknight Blvd NE to Glenmore Tr SE,8,2026-09-05T02:24:09.000
2026-09-05T08:44:14.089Z,Stoney Trail,SB Stoney Tr: Peigan Tr SE to 52 St SE,8,2026-09-05T02:24:09.000
2026-09-05T08:44:14.089Z,Stoney Trail,SB Stoney Tr: Peigan Tr SE to Macleod Tr SE,13,2026-09-05T02:24:09.000
2026-09-05T08:44:14.089Z,Stoney Trail,WB Stoney Tr: 52 St SE to James Mckevitt Rd SW,7,2026-09-05T02:24:09.000
2026-09-05T08:44:14.089Z,Stoney Trail,WB Stoney Tr: 52 St SE to Macleod Tr SE,5,2026-09-05T02:24:09.000
2026-09-05T08:44:14.089Z,Stoney Trail,WB Stoney Tr: Country Hills Blvd NW to 16 Ave NW,6,2026-09-05T02:24:09.000
2026-09-05T08:44:14.089Z,Stoney Trail,WB Stoney Tr: Deerfoot Tr NW to 16 Ave NW,14,2026-09-05T02:24:09.000
2026-09-05T08:44:14.089Z,Stoney Trail,WB Stoney Tr: Deerfoot Tr NW to Crowchild Tr NW,10,2026-09-05T02:24:09.000
2026-09-05T08:44:14.089Z,Trans Canada Highway,WB Trans Canada Hwy: Hwy 22 to Banff,50,2026-09-05T02:24:09.000
2026-09-05T08:44:14.089Z,Trans Canada Highway,WB Trans Canada Hwy: Hwy 22 to Kananaskis Village,42,2026-09-05T02:24:09.000
2026-09-05T12:15:59.113Z,16 Avenue,WB 16 Ave: Stoney Tr NE to Valley Ridge Bv NW via 16 Ave,27,2026-09-05T06:04:05.000
2026-09-05T12:15:59.113Z,16 Avenue,WB 16 Ave: Stoney Tr NE to Valley Ridge Bv Via Stoney Tr,26,2026-09-05T06:04:05.000
2026-09-05T12:15:59.113Z,Crowchild Trail,NB Crowchild Tr: 50 Ave SW to 24 Ave NW,7,2026-09-05T06:04:05.000
2026-09-05T12:15:59.113Z,Crowchild Trail,NB Crowchild Tr: 50 Ave SW to Memorial Dr NW,5,2026-09-05T06:04:05.000
2026-09-05T12:15:59.113Z,Crowchild Trail,NB Crowchild Tr: Glenmore Tr SW to 24 Ave NW,9,2026-09-05T06:04:05.000
2026-09-05T12:15:59.113Z,Crowchild Trail,SB Crowchild Tr: 12 Mile Coulee Rd NW to Glenmore Tr SW,17,2026-09-05T06:04:05.000
2026-09-05T12:15:59.113Z,Crowchild Trail,SB Crowchild Tr: 12 Mile Coulee Rd NW to Memorial Dr NW,12,2026-09-05T06:04:05.000
2026-09-05T12:15:59.113Z,Crowchild Trail,SB Crowchild Tr: 24 Ave NW to 17 Ave SW,5,2026-09-05T06:04:05.000
2026-09-05T12:15:59.113Z,Crowchild Trail,SB Crowchild Tr: 24 Ave NW to Glenmore Tr SW,9,2026-09-05T06:04:05.000
2026-09-05T12:15:59.113Z,Crowchild Trail,SB Crowchild Tr: 33 Ave SW to Deerfoot Tr SE,7,2026-09-05T06:04:05.000
2026-09-05T12:15:59.113Z,Crowchild Trail,SB Crowchild Tr: 33 Ave SW to Glenmore Tr SW,4,2026-09-05T06:04:05.000
2026-09-05T12:15:59.113Z,Deerfoot Trail,NB Deerfoot Tr: 17 Ave SE to Airport Tr NE,9,2026-09-05T06:04:05.000
2026-09-05T12:15:59.113Z,Deerfoot Trail,NB Deerfoot Tr: 17 Ave SE to Stoney Tr NE,12,2026-09-05T06:04:05.000
2026-09-05T12:15:59.113Z,Deerfoot Trail,NB Deerfoot Tr: 274 Ave S to City Centre via Deerfoot Tr,27,2026-09-05T06:04:05.000
2026-09-05T12:15:59.113Z,Deerfoot Trail,NB Deerfoot Tr: 32 Ave NE to Airport Tr NE,4,2026-09-05T06:04:05.000
2026-09-05T12:15:59.113Z,Deerfoot Trail,NB Deerfoot Tr: 32 Ave NE to Stoney Tr NE,7,2026-09-05T06:04:05.000
2026-09-05T12:15:59.113Z,Deerfoot Trail,NB Deerfoot Tr: 8 Ave NE to Airport Tr NE,7,2026-09-05T06:04:05.000
2026-09-05T12:15:59.113Z,Deerfoot Trail,NB Deerfoot Tr: 8 Ave NE to Stoney Tr NE,10,2026-09-05T06:04:05.000
2026-09-05T12:15:59.113Z,Deerfoot Trail,NB Deerfoot Tr: Anderson Rd SE to Airport Tr NE,17,2026-09-05T06:04:05.000
2026-09-05T12:15:59.113Z,Deerfoot Trail,NB Deerfoot Tr: Anderson Rd SE to Memorial Dr SE,10,2026-09-05T06:04:05.000
2026-09-05T12:15:59.113Z,Deerfoot Trail,NB Deerfoot Tr: Cranston Ave SE to Memorial Dr SE,18,2026-09-05T06:04:05.000
2026-09-05T12:15:59.113Z,Deerfoot Trail,NB Deerfoot Tr: Cranston Ave SE to Southland Dr SE,10,2026-09-05T06:04:05.000
2026-09-05T12:15:59.113Z,Deerfoot Trail,NB Deerfoot Tr: Glenmore Tr SE to Airport Tr NE,12,2026-09-05T06:04:05.000
2026-09-05T12:15:59.113Z,Deerfoot Trail,NB Deerfoot Tr: Glenmore Tr SE to Memorial Dr SE,5,2026-09-05T06:04:05.000
2026-09-05T12:15:59.113Z,Deerfoot Trail,NB Deerfoot Tr: Glenmore Tr SE to Stoney Tr NE,15,2026-09-05T06:04:05.000
2026-09-05T12:15:59.113Z,Deerfoot Trail,SB Deerfoot Tr: 17 Ave SE to Anderson Rd SE,8,2026-09-05T06:04:05.000
2026-09-05T12:15:59.113Z,Deerfoot Trail,SB Deerfoot Tr: 17 Ave SE to Stoney Tr SE,13,2026-09-05T06:04:05.000
2026-09-05T12:15:59.113Z,Deerfoot Trail,SB Deerfoot Tr: 64 Ave NE to Anderson Rd SE,13,2026-09-05T06:04:05.000
2026-09-05T12:15:59.113Z,Deerfoot Trail,SB Deerfoot Tr: 64 Ave NE to Memorial Dr SE,5,2026-09-05T06:04:05.000
2026-09-05T12:15:59.113Z,Deerfoot Trail,SB Deerfoot Tr: 8 Ave SE to Glenmore Tr SE,6,2026-09-05T06:04:05.000
2026-09-05T12:15:59.113Z,Deerfoot Trail,SB Deerfoot Tr: 8 Ave SE to Stoney Tr SE,14,2026-09-05T06:04:05.000
2026-09-05T12:15:59.113Z,Deerfoot Trail,SB Deerfoot Tr: Airport Tr NE to Anderson Rd SE,15,2026-09-05T06:04:05.000
2026-09-05T12:15:59.113Z,Deerfoot Trail,SB Deerfoot Tr: Airport Tr NE to Memorial Dr SE,7,2026-09-05T06:04:05.000
2026-09-05T12:15:59.113Z,Deerfoot Trail,SB Deerfoot Tr: Balzac  to Stoney Tr SE via Deerfoot Tr,25,2026-09-05T06:04:05.000
2026-09-05T12:15:59.113Z,Deerfoot Trail,SB Deerfoot Tr: Peigan Tr SE to Anderson Rd SE,7,2026-09-05T06:04:05.000
2026-09-05T12:15:59.113Z,Deerfoot Trail,SB Deerfoot Tr: Peigan Tr SE to Stoney Tr SE,11,2026-09-05T06:04:05.000
2026-09-05T12:15:59.113Z,Glenmore Trail,EB Glenmore Tr: Crowchild Tr SW to Deerfoot Tr SE,5,2026-09-05T06:04:05.000
2026-09-05T12:15:59.113Z,Glenmore Trail,WB Glenmore Tr: Odgen Rd SE to Bow Trail SW,11,2026-09-05T06:04:05.000
2026-09-05T12:15:59.113Z,Glenmore Trail,WB Glenmore Tr: Odgen Rd SE to Crowchild Tr SW,7,2026-09-05T06:04:05.000
2026-09-05T12:15:59.113Z,Macleod Trail,NB Macleod Tr: 274 Ave S to City Centre via Macleod Tr,24,2026-09-05T06:04:05.000
2026-09-05T12:15:59.113Z,Macleod Trail,NB Macleod Tr: Anderson Rd SE to 7 Av SE,12,2026-09-05T06:04:05.000
2026-09-05T12:15:59.113Z,Macleod Trail,NB Macleod Tr: Anderson Rd SE to Blackfoot Tr SW,22,2026-09-05T06:04:05.000
2026-09-05T12:15:59.113Z,Macleod Trail,NB Macleod Tr: Anderson Rd SE to Crowchild Tr SW,9,2026-09-05T06:04:05.000
2026-09-05T12:15:59.113Z,Macleod Trail,NB Macleod Tr: N of 25 Ave S to City Centre,3,2026-09-05T06:04:05.000
2026-09-05T12:15:59.113Z,Stoney Trail,EB Stoney Tr: Chaparral Blvd SE to 16 Ave NE,15,2026-09-05T06:04:05.000
2026-09-05T12:15:59.113Z,Stoney Trail,EB Stoney Tr: Chaparral Blvd SE to Glenmore Tr SE,9,2026-09-05T06:04:05.000
2026-09-05T12:15:59.113Z,Stoney Trail,EB Stoney Tr: Harvest Hills Blvd NW to 16 Ave NE,13,2026-09-05T06:04:05.000
2026-09-05T12:15:59.113Z,Stoney Trail,EB Stoney Tr: Harvest Hills Blvd NW to Glenmore Tr SE,18,2026-09-05T06:04:05.000
2026-09-05T12:15:59.113Z,Stoney Trail,EB Stoney W : Sarcee Tr NW to 16 Ave NE,17,2026-09-05T06:04:05.000
2026-09-05T12:15:59.113Z,Stoney Trail,EB Stoney W : Sarcee Tr NW to Deerfoot Tr N,8,2026-09-05T06:04:05.000
2026-09-05T12:15:59.113Z,Stoney Trail,NB Stoney Tr: 114 Ave SE to 16 Ave NE,8,2026-09-05T06:04:05.000
2026-09-05T12:15:59.113Z,Stoney Trail,NB Stoney Tr: 114 Ave SE to Deerfoot Tr NE,18,2026-09-05T06:04:05.000
2026-09-05T12:15:59.113Z,Stoney Trail,NB Stoney Tr: McKnight Blvd NE to Crowchild Tr NW,19,2026-09-05T06:04:05.000
2026-09-05T12:15:59.113Z,Stoney Trail,NB Stoney Tr: McKnight Blvd NE to Deerfoot Tr N,9,2026-09-05T06:04:05.000
2026-09-05T12:15:59.113Z,Stoney Trail,NB Stoney Tr: Peigan Tr SE to Deerfoot Tr NE,14,2026-09-05T06:04:05.000
2026-09-05T12:15:59.113Z,Stoney Trail,NB Stoney Tr: Peigan Tr SE to McKnight Blvd NE,6,2026-09-05T06:04:05.000
2026-09-05T12:15:59.113Z,Stoney Trail,SB Deerfoot Tr: Balzac  to Stoney Tr SE via Stoney Tr,25,2026-09-05T06:04:05.000
2026-09-05T12:15:59.113Z,Stoney Trail,SB Stoney Tr: Mcknight Blvd NE to Deerfoot Tr S,14,2026-09-05T06:04:05.000
2026-09-05T12:15:59.113Z,Stoney Trail,SB Stoney Tr: Mcknight Blvd NE to Glenmore Tr SE,7,2026-09-05T06:04:05.000
2026-09-05T12:15:59.113Z,Stoney Trail,SB Stoney Tr: Peigan Tr SE to 52 St SE,9,2026-09-05T06:04:05.000
2026-09-05T12:15:59.113Z,Stoney Trail,SB Stoney Tr: Peigan Tr SE to Macleod Tr SE,14,2026-09-05T06:04:05.000
2026-09-05T12:15:59.113Z,Stoney Trail,WB Stoney Tr: 52 St SE to James Mckevitt Rd SW,7,2026-09-05T06:04:05.000
2026-09-05T12:15:59.113Z,Stoney Trail,WB Stoney Tr: 52 St SE to Macleod Tr SE,5,2026-09-05T06:04:05.000
2026-09-05T12:15:59.113Z,Stoney Trail,WB Stoney Tr: Country Hills Blvd NW to 16 Ave NW,5,2026-09-05T06:04:05.000
2026-09-05T12:15:59.113Z,Stoney Trail,WB Stoney Tr: Deerfoot Tr NW to 16 Ave NW,12,2026-09-05T06:04:05.000
2026-09-05T12:15:59.113Z,Stoney Trail,WB Stoney Tr: Deerfoot Tr NW to Crowchild Tr NW,8,2026-09-05T06:04:05.000
2026-09-05T12:15:59.113Z,Trans Canada Highway,WB Trans Canada Hwy: Hwy 22 to Banff,52,2026-09-05T06:04:05.000
2026-09-05T12:15:59.113Z,Trans Canada Highway,WB Trans Canada Hwy: Hwy 22 to Kananaskis Village,43,2026-09-05T06:04:05.000
2026-09-05T15:18:03.554Z,16 Avenue,WB 16 Ave: Stoney Tr NE to Valley Ridge Bv NW via 16 Ave,31,2026-09-05T09:04:06.000
2026-09-05T15:18:03.554Z,16 Avenue,WB 16 Ave: Stoney Tr NE to Valley Ridge Bv Via Stoney Tr,26,2026-09-05T09:04:06.000
2026-09-05T15:18:03.554Z,Crowchild Trail,NB Crowchild Tr: 50 Ave SW to 24 Ave NW,8,2026-09-05T09:04:06.000
2026-09-05T15:18:03.554Z,Crowchild Trail,NB Crowchild Tr: 50 Ave SW to Memorial Dr NW,4,2026-09-05T09:04:06.000
2026-09-05T15:18:03.554Z,Crowchild Trail,NB Crowchild Tr: Glenmore Tr SW to 24 Ave NW,9,2026-09-05T09:04:06.000
2026-09-05T15:18:03.554Z,Crowchild Trail,SB Crowchild Tr: 12 Mile Coulee Rd NW to Glenmore Tr SW,17,2026-09-05T09:04:06.000
2026-09-05T15:18:03.554Z,Crowchild Trail,SB Crowchild Tr: 12 Mile Coulee Rd NW to Memorial Dr NW,12,2026-09-05T09:04:06.000
2026-09-05T15:18:03.554Z,Crowchild Trail,SB Crowchild Tr: 24 Ave NW to 17 Ave SW,5,2026-09-05T09:04:06.000
2026-09-05T15:18:03.554Z,Crowchild Trail,SB Crowchild Tr: 24 Ave NW to Glenmore Tr SW,9,2026-09-05T09:04:06.000
2026-09-05T15:18:03.554Z,Crowchild Trail,SB Crowchild Tr: 33 Ave SW to Deerfoot Tr SE,7,2026-09-05T09:04:06.000
2026-09-05T15:18:03.554Z,Crowchild Trail,SB Crowchild Tr: 33 Ave SW to Glenmore Tr SW,3,2026-09-05T09:04:06.000
2026-09-05T15:18:03.554Z,Deerfoot Trail,NB Deerfoot Tr: 17 Ave SE to Airport Tr NE,9,2026-09-05T09:04:06.000
2026-09-05T15:18:03.554Z,Deerfoot Trail,NB Deerfoot Tr: 17 Ave SE to Stoney Tr NE,12,2026-09-05T09:04:06.000
2026-09-05T15:18:03.554Z,Deerfoot Trail,NB Deerfoot Tr: 274 Ave S to City Centre via Deerfoot Tr,27,2026-09-05T09:04:06.000
2026-09-05T15:18:03.554Z,Deerfoot Trail,NB Deerfoot Tr: 32 Ave NE to Airport Tr NE,4,2026-09-05T09:04:06.000
2026-09-05T15:18:03.554Z,Deerfoot Trail,NB Deerfoot Tr: 32 Ave NE to Stoney Tr NE,7,2026-09-05T09:04:06.000
2026-09-05T15:18:03.554Z,Deerfoot Trail,NB Deerfoot Tr: 8 Ave NE to Airport Tr NE,6,2026-09-05T09:04:06.000
2026-09-05T15:18:03.554Z,Deerfoot Trail,NB Deerfoot Tr: 8 Ave NE to Stoney Tr NE,9,2026-09-05T09:04:06.000
2026-09-05T15:18:03.554Z,Deerfoot Trail,NB Deerfoot Tr: Anderson Rd SE to Airport Tr NE,16,2026-09-05T09:04:06.000
2026-09-05T15:18:03.554Z,Deerfoot Trail,NB Deerfoot Tr: Anderson Rd SE to Memorial Dr SE,10,2026-09-05T09:04:06.000
2026-09-05T15:18:03.554Z,Deerfoot Trail,NB Deerfoot Tr: Cranston Ave SE to Memorial Dr SE,17,2026-09-05T09:04:06.000
2026-09-05T15:18:03.554Z,Deerfoot Trail,NB Deerfoot Tr: Cranston Ave SE to Southland Dr SE,10,2026-09-05T09:04:06.000
2026-09-05T15:18:03.554Z,Deerfoot Trail,NB Deerfoot Tr: Glenmore Tr SE to Airport Tr NE,11,2026-09-05T09:04:06.000
2026-09-05T15:18:03.554Z,Deerfoot Trail,NB Deerfoot Tr: Glenmore Tr SE to Memorial Dr SE,5,2026-09-05T09:04:06.000
2026-09-05T15:18:03.554Z,Deerfoot Trail,NB Deerfoot Tr: Glenmore Tr SE to Stoney Tr NE,14,2026-09-05T09:04:06.000
2026-09-05T15:18:03.554Z,Deerfoot Trail,SB Deerfoot Tr: 17 Ave SE to Anderson Rd SE,9,2026-09-05T09:04:06.000
2026-09-05T15:18:03.554Z,Deerfoot Trail,SB Deerfoot Tr: 17 Ave SE to Stoney Tr SE,14,2026-09-05T09:04:06.000
2026-09-05T15:18:03.554Z,Deerfoot Trail,SB Deerfoot Tr: 64 Ave NE to Anderson Rd SE,14,2026-09-05T09:04:06.000
2026-09-05T15:18:03.554Z,Deerfoot Trail,SB Deerfoot Tr: 64 Ave NE to Memorial Dr SE,5,2026-09-05T09:04:06.000
2026-09-05T15:18:03.554Z,Deerfoot Trail,SB Deerfoot Tr: 8 Ave SE to Glenmore Tr SE,6,2026-09-05T09:04:06.000
2026-09-05T15:18:03.554Z,Deerfoot Trail,SB Deerfoot Tr: 8 Ave SE to Stoney Tr SE,15,2026-09-05T09:04:06.000
2026-09-05T15:18:03.554Z,Deerfoot Trail,SB Deerfoot Tr: Airport Tr NE to Anderson Rd SE,16,2026-09-05T09:04:06.000
2026-09-05T15:18:03.554Z,Deerfoot Trail,SB Deerfoot Tr: Airport Tr NE to Memorial Dr SE,7,2026-09-05T09:04:06.000
2026-09-05T15:18:03.554Z,Deerfoot Trail,SB Deerfoot Tr: Balzac  to Stoney Tr SE via Deerfoot Tr,24,2026-09-05T09:04:06.000
2026-09-05T15:18:03.554Z,Deerfoot Trail,SB Deerfoot Tr: Peigan Tr SE to Anderson Rd SE,7,2026-09-05T09:04:06.000
2026-09-05T15:18:03.554Z,Deerfoot Trail,SB Deerfoot Tr: Peigan Tr SE to Stoney Tr SE,12,2026-09-05T09:04:06.000
2026-09-05T15:18:03.554Z,Glenmore Trail,EB Glenmore Tr: Crowchild Tr SW to Deerfoot Tr SE,5,2026-09-05T09:04:06.000
2026-09-05T15:18:03.554Z,Glenmore Trail,WB Glenmore Tr: Odgen Rd SE to Bow Trail SW,10,2026-09-05T09:04:06.000
2026-09-05T15:18:03.554Z,Glenmore Trail,WB Glenmore Tr: Odgen Rd SE to Crowchild Tr SW,7,2026-09-05T09:04:06.000
2026-09-05T15:18:03.554Z,Macleod Trail,NB Macleod Tr: 274 Ave S to City Centre via Macleod Tr,29,2026-09-05T09:04:06.000
2026-09-05T15:18:03.554Z,Macleod Trail,NB Macleod Tr: Anderson Rd SE to 7 Av SE,15,2026-09-05T09:04:06.000
2026-09-05T15:18:03.554Z,Macleod Trail,NB Macleod Tr: Anderson Rd SE to Blackfoot Tr SW,24,2026-09-05T09:04:06.000
2026-09-05T15:18:03.554Z,Macleod Trail,NB Macleod Tr: Anderson Rd SE to Crowchild Tr SW,10,2026-09-05T09:04:06.000
2026-09-05T15:18:03.554Z,Macleod Trail,NB Macleod Tr: N of 25 Ave S to City Centre,3,2026-09-05T09:04:06.000
2026-09-05T15:18:03.554Z,Stoney Trail,EB Stoney Tr: Chaparral Blvd SE to 16 Ave NE,15,2026-09-05T09:04:06.000
2026-09-05T15:18:03.554Z,Stoney Trail,EB Stoney Tr: Chaparral Blvd SE to Glenmore Tr SE,9,2026-09-05T09:04:06.000
2026-09-05T15:18:03.554Z,Stoney Trail,EB Stoney Tr: Harvest Hills Blvd NW to 16 Ave NE,13,2026-09-05T09:04:06.000
2026-09-05T15:18:03.554Z,Stoney Trail,EB Stoney Tr: Harvest Hills Blvd NW to Glenmore Tr SE,18,2026-09-05T09:04:06.000
2026-09-05T15:18:03.554Z,Stoney Trail,EB Stoney W : Sarcee Tr NW to 16 Ave NE,17,2026-09-05T09:04:06.000
2026-09-05T15:18:03.554Z,Stoney Trail,EB Stoney W : Sarcee Tr NW to Deerfoot Tr N,7,2026-09-05T09:04:06.000
2026-09-05T15:18:03.554Z,Stoney Trail,NB Stoney Tr: 114 Ave SE to 16 Ave NE,8,2026-09-05T09:04:06.000
2026-09-05T15:18:03.554Z,Stoney Trail,NB Stoney Tr: 114 Ave SE to Deerfoot Tr NE,19,2026-09-05T09:04:06.000
2026-09-05T15:18:03.554Z,Stoney Trail,NB Stoney Tr: McKnight Blvd NE to Crowchild Tr NW,19,2026-09-05T09:04:06.000
2026-09-05T15:18:03.554Z,Stoney Trail,NB Stoney Tr: McKnight Blvd NE to Deerfoot Tr N,9,2026-09-05T09:04:06.000
2026-09-05T15:18:03.554Z,Stoney Trail,NB Stoney Tr: Peigan Tr SE to Deerfoot Tr NE,14,2026-09-05T09:04:06.000
2026-09-05T15:18:03.554Z,Stoney Trail,NB Stoney Tr: Peigan Tr SE to McKnight Blvd NE,6,2026-09-05T09:04:06.000
2026-09-05T15:18:03.554Z,Stoney Trail,SB Deerfoot Tr: Balzac  to Stoney Tr SE via Stoney Tr,25,2026-09-05T09:04:06.000
2026-09-05T15:18:03.554Z,Stoney Trail,SB Stoney Tr: Mcknight Blvd NE to Deerfoot Tr S,14,2026-09-05T09:04:06.000
2026-09-05T15:18:03.554Z,Stoney Trail,SB Stoney Tr: Mcknight Blvd NE to Glenmore Tr SE,7,2026-09-05T09:04:06.000
2026-09-05T15:18:03.554Z,Stoney Trail,SB Stoney Tr: Peigan Tr SE to 52 St SE,8,2026-09-05T09:04:06.000
2026-09-05T15:18:03.554Z,Stoney Trail,SB Stoney Tr: Peigan Tr SE to Macleod Tr SE,13,2026-09-05T09:04:06.000
2026-09-05T15:18:03.554Z,Stoney Trail,WB Stoney Tr: 52 St SE to James Mckevitt Rd SW,7,2026-09-05T09:04:06.000
2026-09-05T15:18:03.554Z,Stoney Trail,WB Stoney Tr: 52 St SE to Macleod Tr SE,5,2026-09-05T09:04:06.000
2026-09-05T15:18:03.554Z,Stoney Trail,WB Stoney Tr: Country Hills Blvd NW to 16 Ave NW,5,2026-09-05T09:04:06.000
2026-09-05T15:18:03.554Z,Stoney Trail,WB Stoney Tr: Deerfoot Tr NW to 16 Ave NW,13,2026-09-05T09:04:06.000
2026-09-05T15:18:03.554Z,Stoney Trail,WB Stoney Tr: Deerfoot Tr NW to Crowchild Tr NW,9,2026-09-05T09:04:06.000
2026-09-05T15:18:03.554Z,Trans Canada Highway,WB Trans Canada Hwy: Hwy 22 to Banff,52,2026-09-05T09:04:06.000
2026-09-05T15:18:03.554Z,Trans Canada Highway,WB Trans Canada Hwy: Hwy 22 to Kananaskis Village,43,2026-09-05T09:04:06.000
2026-09-05T17:23:13.799Z,16 Avenue,WB 16 Ave: Stoney Tr NE to Valley Ridge Bv NW via 16 Ave,30,2026-09-05T11:04:06.000
2026-09-05T17:23:13.799Z,16 Avenue,WB 16 Ave: Stoney Tr NE to Valley Ridge Bv Via Stoney Tr,26,2026-09-05T11:04:06.000
2026-09-05T17:23:13.799Z,Crowchild Trail,NB Crowchild Tr: 50 Ave SW to 24 Ave NW,7,2026-09-05T11:04:06.000
2026-09-05T17:23:13.799Z,Crowchild Trail,NB Crowchild Tr: 50 Ave SW to Memorial Dr NW,4,2026-09-05T11:04:06.000
2026-09-05T17:23:13.799Z,Crowchild Trail,NB Crowchild Tr: Glenmore Tr SW to 24 Ave NW,9,2026-09-05T11:04:06.000
2026-09-05T17:23:13.799Z,Crowchild Trail,SB Crowchild Tr: 12 Mile Coulee Rd NW to Glenmore Tr SW,16,2026-09-05T11:04:06.000
2026-09-05T17:23:13.799Z,Crowchild Trail,SB Crowchild Tr: 12 Mile Coulee Rd NW to Memorial Dr NW,12,2026-09-05T11:04:06.000
2026-09-05T17:23:13.799Z,Crowchild Trail,SB Crowchild Tr: 24 Ave NW to 17 Ave SW,5,2026-09-05T11:04:06.000
2026-09-05T17:23:13.799Z,Crowchild Trail,SB Crowchild Tr: 24 Ave NW to Glenmore Tr SW,9,2026-09-05T11:04:06.000
2026-09-05T17:23:13.799Z,Crowchild Trail,SB Crowchild Tr: 33 Ave SW to Deerfoot Tr SE,8,2026-09-05T11:04:06.000
2026-09-05T17:23:13.799Z,Crowchild Trail,SB Crowchild Tr: 33 Ave SW to Glenmore Tr SW,4,2026-09-05T11:04:06.000
2026-09-05T17:23:13.799Z,Deerfoot Trail,NB Deerfoot Tr: 17 Ave SE to Airport Tr NE,9,2026-09-05T11:04:06.000
2026-09-05T17:23:13.799Z,Deerfoot Trail,NB Deerfoot Tr: 17 Ave SE to Stoney Tr NE,12,2026-09-05T11:04:06.000
2026-09-05T17:23:13.799Z,Deerfoot Trail,NB Deerfoot Tr: 274 Ave S to City Centre via Deerfoot Tr,29,2026-09-05T11:04:06.000
2026-09-05T17:23:13.799Z,Deerfoot Trail,NB Deerfoot Tr: 32 Ave NE to Airport Tr NE,4,2026-09-05T11:04:06.000
2026-09-05T17:23:13.799Z,Deerfoot Trail,NB Deerfoot Tr: 32 Ave NE to Stoney Tr NE,7,2026-09-05T11:04:06.000
2026-09-05T17:23:13.799Z,Deerfoot Trail,NB Deerfoot Tr: 8 Ave NE to Airport Tr NE,7,2026-09-05T11:04:06.000
2026-09-05T17:23:13.799Z,Deerfoot Trail,NB Deerfoot Tr: 8 Ave NE to Stoney Tr NE,9,2026-09-05T11:04:06.000
2026-09-05T17:23:13.799Z,Deerfoot Trail,NB Deerfoot Tr: Anderson Rd SE to Airport Tr NE,16,2026-09-05T11:04:06.000
2026-09-05T17:23:13.799Z,Deerfoot Trail,NB Deerfoot Tr: Anderson Rd SE to Memorial Dr SE,10,2026-09-05T11:04:06.000
2026-09-05T17:23:13.799Z,Deerfoot Trail,NB Deerfoot Tr: Cranston Ave SE to Memorial Dr SE,18,2026-09-05T11:04:06.000
2026-09-05T17:23:13.799Z,Deerfoot Trail,NB Deerfoot Tr: Cranston Ave SE to Southland Dr SE,10,2026-09-05T11:04:06.000
2026-09-05T17:23:13.799Z,Deerfoot Trail,NB Deerfoot Tr: Glenmore Tr SE to Airport Tr NE,11,2026-09-05T11:04:06.000
2026-09-05T17:23:13.799Z,Deerfoot Trail,NB Deerfoot Tr: Glenmore Tr SE to Memorial Dr SE,5,2026-09-05T11:04:06.000
2026-09-05T17:23:13.799Z,Deerfoot Trail,NB Deerfoot Tr: Glenmore Tr SE to Stoney Tr NE,14,2026-09-05T11:04:06.000
2026-09-05T17:23:13.799Z,Deerfoot Trail,SB Deerfoot Tr: 17 Ave SE to Anderson Rd SE,9,2026-09-05T11:04:06.000
2026-09-05T17:23:13.799Z,Deerfoot Trail,SB Deerfoot Tr: 17 Ave SE to Stoney Tr SE,14,2026-09-05T11:04:06.000
2026-09-05T17:23:13.799Z,Deerfoot Trail,SB Deerfoot Tr: 64 Ave NE to Anderson Rd SE,15,2026-09-05T11:04:06.000
2026-09-05T17:23:13.799Z,Deerfoot Trail,SB Deerfoot Tr: 64 Ave NE to Memorial Dr SE,5,2026-09-05T11:04:06.000
2026-09-05T17:23:13.799Z,Deerfoot Trail,SB Deerfoot Tr: 8 Ave SE to Glenmore Tr SE,7,2026-09-05T11:04:06.000
2026-09-05T17:23:13.799Z,Deerfoot Trail,SB Deerfoot Tr: 8 Ave SE to Stoney Tr SE,16,2026-09-05T11:04:06.000
2026-09-05T17:23:13.799Z,Deerfoot Trail,SB Deerfoot Tr: Airport Tr NE to Anderson Rd SE,17,2026-09-05T11:04:06.000
2026-09-05T17:23:13.799Z,Deerfoot Trail,SB Deerfoot Tr: Airport Tr NE to Memorial Dr SE,7,2026-09-05T11:04:06.000
2026-09-05T17:23:13.799Z,Deerfoot Trail,SB Deerfoot Tr: Balzac  to Stoney Tr SE via Deerfoot Tr,25,2026-09-05T11:04:06.000
2026-09-05T17:23:13.799Z,Deerfoot Trail,SB Deerfoot Tr: Peigan Tr SE to Anderson Rd SE,8,2026-09-05T11:04:06.000
2026-09-05T17:23:13.799Z,Deerfoot Trail,SB Deerfoot Tr: Peigan Tr SE to Stoney Tr SE,13,2026-09-05T11:04:06.000
2026-09-05T17:23:13.799Z,Glenmore Trail,EB Glenmore Tr: Crowchild Tr SW to Deerfoot Tr SE,6,2026-09-05T11:04:06.000
2026-09-05T17:23:13.799Z,Glenmore Trail,WB Glenmore Tr: Odgen Rd SE to Bow Trail SW,11,2026-09-05T11:04:06.000
2026-09-05T17:23:13.799Z,Glenmore Trail,WB Glenmore Tr: Odgen Rd SE to Crowchild Tr SW,8,2026-09-05T11:04:06.000
2026-09-05T17:23:13.799Z,Macleod Trail,NB Macleod Tr: 274 Ave S to City Centre via Macleod Tr,31,2026-09-05T11:04:06.000
2026-09-05T17:23:13.799Z,Macleod Trail,NB Macleod Tr: Anderson Rd SE to 7 Av SE,17,2026-09-05T11:04:06.000
2026-09-05T17:23:13.799Z,Macleod Trail,NB Macleod Tr: Anderson Rd SE to Blackfoot Tr SW,26,2026-09-05T11:04:06.000
2026-09-05T17:23:13.799Z,Macleod Trail,NB Macleod Tr: Anderson Rd SE to Crowchild Tr SW,12,2026-09-05T11:04:06.000
2026-09-05T17:23:13.799Z,Macleod Trail,NB Macleod Tr: N of 25 Ave S to City Centre,3,2026-09-05T11:04:06.000
2026-09-05T17:23:13.799Z,Stoney Trail,EB Stoney Tr: Chaparral Blvd SE to 16 Ave NE,15,2026-09-05T11:04:06.000
2026-09-05T17:23:13.799Z,Stoney Trail,EB Stoney Tr: Chaparral Blvd SE to Glenmore Tr SE,9,2026-09-05T11:04:06.000
2026-09-05T17:23:13.799Z,Stoney Trail,EB Stoney Tr: Harvest Hills Blvd NW to 16 Ave NE,13,2026-09-05T11:04:06.000
2026-09-05T17:23:13.799Z,Stoney Trail,EB Stoney Tr: Harvest Hills Blvd NW to Glenmore Tr SE,19,2026-09-05T11:04:06.000
2026-09-05T17:23:13.799Z,Stoney Trail,EB Stoney W : Sarcee Tr NW to 16 Ave NE,18,2026-09-05T11:04:06.000
2026-09-05T17:23:13.799Z,Stoney Trail,EB Stoney W : Sarcee Tr NW to Deerfoot Tr N,8,2026-09-05T11:04:06.000
2026-09-05T17:23:13.799Z,Stoney Trail,NB Stoney Tr: 114 Ave SE to 16 Ave NE,8,2026-09-05T11:04:06.000
2026-09-05T17:23:13.799Z,Stoney Trail,NB Stoney Tr: 114 Ave SE to Deerfoot Tr NE,18,2026-09-05T11:04:06.000
2026-09-05T17:23:13.799Z,Stoney Trail,NB Stoney Tr: McKnight Blvd NE to Crowchild Tr NW,20,2026-09-05T11:04:06.000
2026-09-05T17:23:13.799Z,Stoney Trail,NB Stoney Tr: McKnight Blvd NE to Deerfoot Tr N,9,2026-09-05T11:04:06.000
2026-09-05T17:23:13.799Z,Stoney Trail,NB Stoney Tr: Peigan Tr SE to Deerfoot Tr NE,14,2026-09-05T11:04:06.000
2026-09-05T17:23:13.799Z,Stoney Trail,NB Stoney Tr: Peigan Tr SE to McKnight Blvd NE,6,2026-09-05T11:04:06.000
2026-09-05T17:23:13.799Z,Stoney Trail,SB Deerfoot Tr: Balzac  to Stoney Tr SE via Stoney Tr,25,2026-09-05T11:04:06.000
2026-09-05T17:23:13.799Z,Stoney Trail,SB Stoney Tr: Mcknight Blvd NE to Deerfoot Tr S,14,2026-09-05T11:04:06.000
2026-09-05T17:23:13.799Z,Stoney Trail,SB Stoney Tr: Mcknight Blvd NE to Glenmore Tr SE,7,2026-09-05T11:04:06.000
2026-09-05T17:23:13.799Z,Stoney Trail,SB Stoney Tr: Peigan Tr SE to 52 St SE,8,2026-09-05T11:04:06.000
2026-09-05T17:23:13.799Z,Stoney Trail,SB Stoney Tr: Peigan Tr SE to Macleod Tr SE,13,2026-09-05T11:04:06.000
2026-09-05T17:23:13.799Z,Stoney Trail,WB Stoney Tr: 52 St SE to James Mckevitt Rd SW,7,2026-09-05T11:04:06.000
2026-09-05T17:23:13.799Z,Stoney Trail,WB Stoney Tr: 52 St SE to Macleod Tr SE,5,2026-09-05T11:04:06.000
2026-09-05T17:23:13.799Z,Stoney Trail,WB Stoney Tr: Country Hills Blvd NW to 16 Ave NW,5,2026-09-05T11:04:06.000
2026-09-05T17:23:13.799Z,Stoney Trail,WB Stoney Tr: Deerfoot Tr NW to 16 Ave NW,13,2026-09-05T11:04:06.000
2026-09-05T17:23:13.799Z,Stoney Trail,WB Stoney Tr: Deerfoot Tr NW to Crowchild Tr NW,9,2026-09-05T11:04:06.000
2026-09-05T17:23:13.799Z,Trans Canada Highway,WB Trans Canada Hwy: Hwy 22 to Banff,54,2026-09-05T11:04:06.000
2026-09-05T17:23:13.799Z,Trans Canada Highway,WB Trans Canada Hwy: Hwy 22 to Kananaskis Village,45,2026-09-05T11:04:06.000
2026-09-05T19:26:01.640Z,16 Avenue,WB 16 Ave: Stoney Tr NE to Valley Ridge Bv NW via 16 Ave,32,2026-09-05T13:04:06.000
2026-09-05T19:26:01.640Z,16 Avenue,WB 16 Ave: Stoney Tr NE to Valley Ridge Bv Via Stoney Tr,28,2026-09-05T13:04:06.000
2026-09-05T19:26:01.640Z,Crowchild Trail,NB Crowchild Tr: 50 Ave SW to 24 Ave NW,8,2026-09-05T13:04:06.000
2026-09-05T19:26:01.640Z,Crowchild Trail,NB Crowchild Tr: 50 Ave SW to Memorial Dr NW,4,2026-09-05T13:04:06.000
2026-09-05T19:26:01.640Z,Crowchild Trail,NB Crowchild Tr: Glenmore Tr SW to 24 Ave NW,9,2026-09-05T13:04:06.000
2026-09-05T19:26:01.640Z,Crowchild Trail,SB Crowchild Tr: 12 Mile Coulee Rd NW to Glenmore Tr SW,18,2026-09-05T13:04:06.000
2026-09-05T19:26:01.640Z,Crowchild Trail,SB Crowchild Tr: 12 Mile Coulee Rd NW to Memorial Dr NW,14,2026-09-05T13:04:06.000
2026-09-05T19:26:01.640Z,Crowchild Trail,SB Crowchild Tr: 24 Ave NW to 17 Ave SW,7,2026-09-05T13:04:06.000
2026-09-05T19:26:01.640Z,Crowchild Trail,SB Crowchild Tr: 24 Ave NW to Glenmore Tr SW,11,2026-09-05T13:04:06.000
2026-09-05T19:26:01.640Z,Crowchild Trail,SB Crowchild Tr: 33 Ave SW to Deerfoot Tr SE,9,2026-09-05T13:04:06.000
2026-09-05T19:26:01.640Z,Crowchild Trail,SB Crowchild Tr: 33 Ave SW to Glenmore Tr SW,4,2026-09-05T13:04:06.000
2026-09-05T19:26:01.640Z,Deerfoot Trail,NB Deerfoot Tr: 17 Ave SE to Airport Tr NE,9,2026-09-05T13:04:06.000
2026-09-05T19:26:01.640Z,Deerfoot Trail,NB Deerfoot Tr: 17 Ave SE to Stoney Tr NE,12,2026-09-05T13:04:06.000
2026-09-05T19:26:01.640Z,Deerfoot Trail,NB Deerfoot Tr: 274 Ave S to City Centre via Deerfoot Tr,30,2026-09-05T13:04:06.000
2026-09-05T19:26:01.640Z,Deerfoot Trail,NB Deerfoot Tr: 32 Ave NE to Airport Tr NE,4,2026-09-05T13:04:06.000
2026-09-05T19:26:01.640Z,Deerfoot Trail,NB Deerfoot Tr: 32 Ave NE to Stoney Tr NE,7,2026-09-05T13:04:06.000
2026-09-05T19:26:01.640Z,Deerfoot Trail,NB Deerfoot Tr: 8 Ave NE to Airport Tr NE,7,2026-09-05T13:04:06.000
2026-09-05T19:26:01.640Z,Deerfoot Trail,NB Deerfoot Tr: 8 Ave NE to Stoney Tr NE,9,2026-09-05T13:04:06.000
2026-09-05T19:26:01.640Z,Deerfoot Trail,NB Deerfoot Tr: Anderson Rd SE to Airport Tr NE,17,2026-09-05T13:04:06.000
2026-09-05T19:26:01.640Z,Deerfoot Trail,NB Deerfoot Tr: Anderson Rd SE to Memorial Dr SE,11,2026-09-05T13:04:06.000
2026-09-05T19:26:01.640Z,Deerfoot Trail,NB Deerfoot Tr: Cranston Ave SE to Memorial Dr SE,18,2026-09-05T13:04:06.000
2026-09-05T19:26:01.640Z,Deerfoot Trail,NB Deerfoot Tr: Cranston Ave SE to Southland Dr SE,11,2026-09-05T13:04:06.000
2026-09-05T19:26:01.640Z,Deerfoot Trail,NB Deerfoot Tr: Glenmore Tr SE to Airport Tr NE,11,2026-09-05T13:04:06.000
2026-09-05T19:26:01.640Z,Deerfoot Trail,NB Deerfoot Tr: Glenmore Tr SE to Memorial Dr SE,5,2026-09-05T13:04:06.000
2026-09-05T19:26:01.640Z,Deerfoot Trail,NB Deerfoot Tr: Glenmore Tr SE to Stoney Tr NE,14,2026-09-05T13:04:06.000
2026-09-05T19:26:01.640Z,Deerfoot Trail,SB Deerfoot Tr: 17 Ave SE to Anderson Rd SE,9,2026-09-05T13:04:06.000
2026-09-05T19:26:01.640Z,Deerfoot Trail,SB Deerfoot Tr: 17 Ave SE to Stoney Tr SE,14,2026-09-05T13:04:06.000
2026-09-05T19:26:01.640Z,Deerfoot Trail,SB Deerfoot Tr: 64 Ave NE to Anderson Rd SE,15,2026-09-05T13:04:06.000
2026-09-05T19:26:01.640Z,Deerfoot Trail,SB Deerfoot Tr: 64 Ave NE to Memorial Dr SE,5,2026-09-05T13:04:06.000
2026-09-05T19:26:01.640Z,Deerfoot Trail,SB Deerfoot Tr: 8 Ave SE to Glenmore Tr SE,7,2026-09-05T13:04:06.000
2026-09-05T19:26:01.640Z,Deerfoot Trail,SB Deerfoot Tr: 8 Ave SE to Stoney Tr SE,16,2026-09-05T13:04:06.000
2026-09-05T19:26:01.640Z,Deerfoot Trail,SB Deerfoot Tr: Airport Tr NE to Anderson Rd SE,17,2026-09-05T13:04:06.000
2026-09-05T19:26:01.640Z,Deerfoot Trail,SB Deerfoot Tr: Airport Tr NE to Memorial Dr SE,7,2026-09-05T13:04:06.000
2026-09-05T19:26:01.640Z,Deerfoot Trail,SB Deerfoot Tr: Balzac  to Stoney Tr SE via Deerfoot Tr,26,2026-09-05T13:04:06.000
2026-09-05T19:26:01.640Z,Deerfoot Trail,SB Deerfoot Tr: Peigan Tr SE to Anderson Rd SE,8,2026-09-05T13:04:06.000
2026-09-05T19:26:01.640Z,Deerfoot Trail,SB Deerfoot Tr: Peigan Tr SE to Stoney Tr SE,12,2026-09-05T13:04:06.000
2026-09-05T19:26:01.640Z,Glenmore Trail,EB Glenmore Tr: Crowchild Tr SW to Deerfoot Tr SE,7,2026-09-05T13:04:06.000
2026-09-05T19:26:01.640Z,Glenmore Trail,WB Glenmore Tr: Odgen Rd SE to Bow Trail SW,12,2026-09-05T13:04:06.000
2026-09-05T19:26:01.640Z,Glenmore Trail,WB Glenmore Tr: Odgen Rd SE to Crowchild Tr SW,8,2026-09-05T13:04:06.000
2026-09-05T19:26:01.640Z,Macleod Trail,NB Macleod Tr: 274 Ave S to City Centre via Macleod Tr,35,2026-09-05T13:04:06.000
2026-09-05T19:26:01.640Z,Macleod Trail,NB Macleod Tr: Anderson Rd SE to 7 Av SE,19,2026-09-05T13:04:06.000
2026-09-05T19:26:01.640Z,Macleod Trail,NB Macleod Tr: Anderson Rd SE to Blackfoot Tr SW,29,2026-09-05T13:04:06.000
2026-09-05T19:26:01.640Z,Macleod Trail,NB Macleod Tr: Anderson Rd SE to Crowchild Tr SW,13,2026-09-05T13:04:06.000
2026-09-05T19:26:01.640Z,Macleod Trail,NB Macleod Tr: N of 25 Ave S to City Centre,3,2026-09-05T13:04:06.000
2026-09-05T19:26:01.640Z,Stoney Trail,EB Stoney Tr: Chaparral Blvd SE to 16 Ave NE,15,2026-09-05T13:04:06.000
2026-09-05T19:26:01.640Z,Stoney Trail,EB Stoney Tr: Chaparral Blvd SE to Glenmore Tr SE,9,2026-09-05T13:04:06.000
2026-09-05T19:26:01.640Z,Stoney Trail,EB Stoney Tr: Harvest Hills Blvd NW to 16 Ave NE,14,2026-09-05T13:04:06.000
2026-09-05T19:26:01.640Z,Stoney Trail,EB Stoney Tr: Harvest Hills Blvd NW to Glenmore Tr SE,19,2026-09-05T13:04:06.000
2026-09-05T19:26:01.640Z,Stoney Trail,EB Stoney W : Sarcee Tr NW to 16 Ave NE,18,2026-09-05T13:04:06.000
2026-09-05T19:26:01.640Z,Stoney Trail,EB Stoney W : Sarcee Tr NW to Deerfoot Tr N,8,2026-09-05T13:04:06.000
2026-09-05T19:26:01.640Z,Stoney Trail,NB Stoney Tr: 114 Ave SE to 16 Ave NE,8,2026-09-05T13:04:06.000
2026-09-05T19:26:01.640Z,Stoney Trail,NB Stoney Tr: 114 Ave SE to Deerfoot Tr NE,20,2026-09-05T13:04:06.000
2026-09-05T19:26:01.640Z,Stoney Trail,NB Stoney Tr: McKnight Blvd NE to Crowchild Tr NW,20,2026-09-05T13:04:06.000
2026-09-05T19:26:01.640Z,Stoney Trail,NB Stoney Tr: McKnight Blvd NE to Deerfoot Tr N,10,2026-09-05T13:04:06.000
2026-09-05T19:26:01.640Z,Stoney Trail,NB Stoney Tr: Peigan Tr SE to Deerfoot Tr NE,16,2026-09-05T13:04:06.000
2026-09-05T19:26:01.640Z,Stoney Trail,NB Stoney Tr: Peigan Tr SE to McKnight Blvd NE,6,2026-09-05T13:04:06.000
2026-09-05T19:26:01.640Z,Stoney Trail,SB Deerfoot Tr: Balzac  to Stoney Tr SE via Stoney Tr,26,2026-09-05T13:04:06.000
2026-09-05T19:26:01.640Z,Stoney Trail,SB Stoney Tr: Mcknight Blvd NE to Deerfoot Tr S,14,2026-09-05T13:04:06.000
2026-09-05T19:26:01.640Z,Stoney Trail,SB Stoney Tr: Mcknight Blvd NE to Glenmore Tr SE,8,2026-09-05T13:04:06.000
2026-09-05T19:26:01.640Z,Stoney Trail,SB Stoney Tr: Peigan Tr SE to 52 St SE,9,2026-09-05T13:04:06.000
2026-09-05T19:26:01.640Z,Stoney Trail,SB Stoney Tr: Peigan Tr SE to Macleod Tr SE,13,2026-09-05T13:04:06.000
2026-09-05T19:26:01.640Z,Stoney Trail,WB Stoney Tr: 52 St SE to James Mckevitt Rd SW,7,2026-09-05T13:04:06.000
2026-09-05T19:26:01.640Z,Stoney Trail,WB Stoney Tr: 52 St SE to Macleod Tr SE,5,2026-09-05T13:04:06.000
2026-09-05T19:26:01.640Z,Stoney Trail,WB Stoney Tr: Country Hills Blvd NW to 16 Ave NW,5,2026-09-05T13:04:06.000
2026-09-05T19:26:01.640Z,Stoney Trail,WB Stoney Tr: Deerfoot Tr NW to 16 Ave NW,13,2026-09-05T13:04:06.000
2026-09-05T19:26:01.640Z,Stoney Trail,WB Stoney Tr: Deerfoot Tr NW to Crowchild Tr NW,9,2026-09-05T13:04:06.000
2026-09-05T19:26:01.640Z,Trans Canada Highway,WB Trans Canada Hwy: Hwy 22 to Banff,54,2026-09-05T13:04:06.000
2026-09-05T19:26:01.640Z,Trans Canada Highway,WB Trans Canada Hwy: Hwy 22 to Kananaskis Village,46,2026-09-05T13:04:06.000
2026-09-05T21:39:07.039Z,16 Avenue,WB 16 Ave: Stoney Tr NE to Valley Ridge Bv NW via 16 Ave,35,2026-09-05T15:24:06.000
2026-09-05T21:39:07.039Z,16 Avenue,WB 16 Ave: Stoney Tr NE to Valley Ridge Bv Via Stoney Tr,27,2026-09-05T15:24:06.000
2026-09-05T21:39:07.039Z,Crowchild Trail,NB Crowchild Tr: 50 Ave SW to 24 Ave NW,8,2026-09-05T15:24:06.000
2026-09-05T21:39:07.039Z,Crowchild Trail,NB Crowchild Tr: 50 Ave SW to Memorial Dr NW,4,2026-09-05T15:24:06.000
2026-09-05T21:39:07.039Z,Crowchild Trail,NB Crowchild Tr: Glenmore Tr SW to 24 Ave NW,9,2026-09-05T15:24:06.000
2026-09-05T21:39:07.039Z,Crowchild Trail,SB Crowchild Tr: 12 Mile Coulee Rd NW to Glenmore Tr SW,18,2026-09-05T15:24:06.000
2026-09-05T21:39:07.039Z,Crowchild Trail,SB Crowchild Tr: 12 Mile Coulee Rd NW to Memorial Dr NW,13,2026-09-05T15:24:06.000
2026-09-05T21:39:07.039Z,Crowchild Trail,SB Crowchild Tr: 24 Ave NW to 17 Ave SW,5,2026-09-05T15:24:06.000
2026-09-05T21:39:07.039Z,Crowchild Trail,SB Crowchild Tr: 24 Ave NW to Glenmore Tr SW,10,2026-09-05T15:24:06.000
2026-09-05T21:39:07.039Z,Crowchild Trail,SB Crowchild Tr: 33 Ave SW to Deerfoot Tr SE,9,2026-09-05T15:24:06.000
2026-09-05T21:39:07.039Z,Crowchild Trail,SB Crowchild Tr: 33 Ave SW to Glenmore Tr SW,4,2026-09-05T15:24:06.000
2026-09-05T21:39:07.039Z,Deerfoot Trail,NB Deerfoot Tr: 17 Ave SE to Airport Tr NE,10,2026-09-05T15:24:06.000
2026-09-05T21:39:07.039Z,Deerfoot Trail,NB Deerfoot Tr: 17 Ave SE to Stoney Tr NE,13,2026-09-05T15:24:06.000
2026-09-05T21:39:07.039Z,Deerfoot Trail,NB Deerfoot Tr: 274 Ave S to City Centre via Deerfoot Tr,31,2026-09-05T15:24:06.000
2026-09-05T21:39:07.039Z,Deerfoot Trail,NB Deerfoot Tr: 32 Ave NE to Airport Tr NE,5,2026-09-05T15:24:06.000
2026-09-05T21:39:07.039Z,Deerfoot Trail,NB Deerfoot Tr: 32 Ave NE to Stoney Tr NE,8,2026-09-05T15:24:06.000
2026-09-05T21:39:07.039Z,Deerfoot Trail,NB Deerfoot Tr: 8 Ave NE to Airport Tr NE,7,2026-09-05T15:24:06.000
2026-09-05T21:39:07.039Z,Deerfoot Trail,NB Deerfoot Tr: 8 Ave NE to Stoney Tr NE,10,2026-09-05T15:24:06.000
2026-09-05T21:39:07.039Z,Deerfoot Trail,NB Deerfoot Tr: Anderson Rd SE to Airport Tr NE,18,2026-09-05T15:24:06.000
2026-09-05T21:39:07.039Z,Deerfoot Trail,NB Deerfoot Tr: Anderson Rd SE to Memorial Dr SE,11,2026-09-05T15:24:06.000
2026-09-05T21:39:07.039Z,Deerfoot Trail,NB Deerfoot Tr: Cranston Ave SE to Memorial Dr SE,19,2026-09-05T15:24:06.000
2026-09-05T21:39:07.039Z,Deerfoot Trail,NB Deerfoot Tr: Cranston Ave SE to Southland Dr SE,11,2026-09-05T15:24:06.000
2026-09-05T21:39:07.039Z,Deerfoot Trail,NB Deerfoot Tr: Glenmore Tr SE to Airport Tr NE,13,2026-09-05T15:24:06.000
2026-09-05T21:39:07.039Z,Deerfoot Trail,NB Deerfoot Tr: Glenmore Tr SE to Memorial Dr SE,6,2026-09-05T15:24:06.000
2026-09-05T21:39:07.039Z,Deerfoot Trail,NB Deerfoot Tr: Glenmore Tr SE to Stoney Tr NE,15,2026-09-05T15:24:06.000
2026-09-05T21:39:07.039Z,Deerfoot Trail,SB Deerfoot Tr: 17 Ave SE to Anderson Rd SE,9,2026-09-05T15:24:06.000
2026-09-05T21:39:07.039Z,Deerfoot Trail,SB Deerfoot Tr: 17 Ave SE to Stoney Tr SE,14,2026-09-05T15:24:06.000
2026-09-05T21:39:07.039Z,Deerfoot Trail,SB Deerfoot Tr: 64 Ave NE to Anderson Rd SE,15,2026-09-05T15:24:06.000
2026-09-05T21:39:07.039Z,Deerfoot Trail,SB Deerfoot Tr: 64 Ave NE to Memorial Dr SE,6,2026-09-05T15:24:06.000
2026-09-05T21:39:07.039Z,Deerfoot Trail,SB Deerfoot Tr: 8 Ave SE to Glenmore Tr SE,7,2026-09-05T15:24:06.000
2026-09-05T21:39:07.039Z,Deerfoot Trail,SB Deerfoot Tr: 8 Ave SE to Stoney Tr SE,16,2026-09-05T15:24:06.000
2026-09-05T21:39:07.039Z,Deerfoot Trail,SB Deerfoot Tr: Airport Tr NE to Anderson Rd SE,17,2026-09-05T15:24:06.000
2026-09-05T21:39:07.039Z,Deerfoot Trail,SB Deerfoot Tr: Airport Tr NE to Memorial Dr SE,8,2026-09-05T15:24:06.000
2026-09-05T21:39:07.039Z,Deerfoot Trail,SB Deerfoot Tr: Balzac  to Stoney Tr SE via Deerfoot Tr,27,2026-09-05T15:24:06.000
2026-09-05T21:39:07.039Z,Deerfoot Trail,SB Deerfoot Tr: Peigan Tr SE to Anderson Rd SE,8,2026-09-05T15:24:06.000
2026-09-05T21:39:07.039Z,Deerfoot Trail,SB Deerfoot Tr: Peigan Tr SE to Stoney Tr SE,13,2026-09-05T15:24:06.000
2026-09-05T21:39:07.039Z,Glenmore Trail,EB Glenmore Tr: Crowchild Tr SW to Deerfoot Tr SE,6,2026-09-05T15:24:06.000
2026-09-05T21:39:07.039Z,Glenmore Trail,WB Glenmore Tr: Odgen Rd SE to Bow Trail SW,12,2026-09-05T15:24:06.000
2026-09-05T21:39:07.039Z,Glenmore Trail,WB Glenmore Tr: Odgen Rd SE to Crowchild Tr SW,8,2026-09-05T15:24:06.000
2026-09-05T21:39:07.039Z,Macleod Trail,NB Macleod Tr: 274 Ave S to City Centre via Macleod Tr,33,2026-09-05T15:24:06.000
2026-09-05T21:39:07.039Z,Macleod Trail,NB Macleod Tr: Anderson Rd SE to 7 Av SE,19,2026-09-05T15:24:06.000
2026-09-05T21:39:07.039Z,Macleod Trail,NB Macleod Tr: Anderson Rd SE to Blackfoot Tr SW,27,2026-09-05T15:24:06.000
2026-09-05T21:39:07.039Z,Macleod Trail,NB Macleod Tr: Anderson Rd SE to Crowchild Tr SW,12,2026-09-05T15:24:06.000
2026-09-05T21:39:07.039Z,Macleod Trail,NB Macleod Tr: N of 25 Ave S to City Centre,3,2026-09-05T15:24:06.000
2026-09-05T21:39:07.039Z,Stoney Trail,EB Stoney Tr: Chaparral Blvd SE to 16 Ave NE,15,2026-09-05T15:24:06.000
2026-09-05T21:39:07.039Z,Stoney Trail,EB Stoney Tr: Chaparral Blvd SE to Glenmore Tr SE,9,2026-09-05T15:24:06.000
2026-09-05T21:39:07.039Z,Stoney Trail,EB Stoney Tr: Harvest Hills Blvd NW to 16 Ave NE,15,2026-09-05T15:24:06.000
2026-09-05T21:39:07.039Z,Stoney Trail,EB Stoney Tr: Harvest Hills Blvd NW to Glenmore Tr SE,20,2026-09-05T15:24:06.000
2026-09-05T21:39:07.039Z,Stoney Trail,EB Stoney W : Sarcee Tr NW to 16 Ave NE,19,2026-09-05T15:24:06.000
2026-09-05T21:39:07.039Z,Stoney Trail,EB Stoney W : Sarcee Tr NW to Deerfoot Tr N,8,2026-09-05T15:24:06.000
2026-09-05T21:39:07.039Z,Stoney Trail,NB Stoney Tr: 114 Ave SE to 16 Ave NE,8,2026-09-05T15:24:06.000
2026-09-05T21:39:07.039Z,Stoney Trail,NB Stoney Tr: 114 Ave SE to Deerfoot Tr NE,19,2026-09-05T15:24:06.000
2026-09-05T21:39:07.039Z,Stoney Trail,NB Stoney Tr: McKnight Blvd NE to Crowchild Tr NW,20,2026-09-05T15:24:06.000
2026-09-05T21:39:07.039Z,Stoney Trail,NB Stoney Tr: McKnight Blvd NE to Deerfoot Tr N,9,2026-09-05T15:24:06.000
2026-09-05T21:39:07.039Z,Stoney Trail,NB Stoney Tr: Peigan Tr SE to Deerfoot Tr NE,15,2026-09-05T15:24:06.000
2026-09-05T21:39:07.039Z,Stoney Trail,NB Stoney Tr: Peigan Tr SE to McKnight Blvd NE,6,2026-09-05T15:24:06.000
2026-09-05T21:39:07.039Z,Stoney Trail,SB Deerfoot Tr: Balzac  to Stoney Tr SE via Stoney Tr,27,2026-09-05T15:24:06.000
2026-09-05T21:39:07.039Z,Stoney Trail,SB Stoney Tr: Mcknight Blvd NE to Deerfoot Tr S,14,2026-09-05T15:24:06.000
2026-09-05T21:39:07.039Z,Stoney Trail,SB Stoney Tr: Mcknight Blvd NE to Glenmore Tr SE,7,2026-09-05T15:24:06.000
2026-09-05T21:39:07.039Z,Stoney Trail,SB Stoney Tr: Peigan Tr SE to 52 St SE,8,2026-09-05T15:24:06.000
2026-09-05T21:39:07.039Z,Stoney Trail,SB Stoney Tr: Peigan Tr SE to Macleod Tr SE,13,2026-09-05T15:24:06.000
2026-09-05T21:39:07.039Z,Stoney Trail,WB Stoney Tr: 52 St SE to James Mckevitt Rd SW,7,2026-09-05T15:24:06.000
2026-09-05T21:39:07.039Z,Stoney Trail,WB Stoney Tr: 52 St SE to Macleod Tr SE,5,2026-09-05T15:24:06.000
2026-09-05T21:39:07.039Z,Stoney Trail,WB Stoney Tr: Country Hills Blvd NW to 16 Ave NW,5,2026-09-05T15:24:06.000
2026-09-05T21:39:07.039Z,Stoney Trail,WB Stoney Tr: Deerfoot Tr NW to 16 Ave NW,13,2026-09-05T15:24:06.000
2026-09-05T21:39:07.039Z,Stoney Trail,WB Stoney Tr: Deerfoot Tr NW to Crowchild Tr NW,10,2026-09-05T15:24:06.000
2026-09-05T21:39:07.039Z,Trans Canada Highway,WB Trans Canada Hwy: Hwy 22 to Banff,52,2026-09-05T15:24:06.000
2026-09-05T21:39:07.039Z,Trans Canada Highway,WB Trans Canada Hwy: Hwy 22 to Kananaskis Village,45,2026-09-05T15:24:06.000
2026-09-05T23:16:14.263Z,16 Avenue,WB 16 Ave: Stoney Tr NE to Valley Ridge Bv NW via 16 Ave,32,2026-09-05T17:04:06.000
2026-09-05T23:16:14.263Z,16 Avenue,WB 16 Ave: Stoney Tr NE to Valley Ridge Bv Via Stoney Tr,27,2026-09-05T17:04:06.000
2026-09-05T23:16:14.263Z,Crowchild Trail,NB Crowchild Tr: 50 Ave SW to 24 Ave NW,8,2026-09-05T17:04:06.000
2026-09-05T23:16:14.263Z,Crowchild Trail,NB Crowchild Tr: 50 Ave SW to Memorial Dr NW,4,2026-09-05T17:04:06.000
2026-09-05T23:16:14.263Z,Crowchild Trail,NB Crowchild Tr: Glenmore Tr SW to 24 Ave NW,10,2026-09-05T17:04:06.000
2026-09-05T23:16:14.263Z,Crowchild Trail,SB Crowchild Tr: 12 Mile Coulee Rd NW to Glenmore Tr SW,17,2026-09-05T17:04:06.000
2026-09-05T23:16:14.263Z,Crowchild Trail,SB Crowchild Tr: 12 Mile Coulee Rd NW to Memorial Dr NW,12,2026-09-05T17:04:06.000
2026-09-05T23:16:14.263Z,Crowchild Trail,SB Crowchild Tr: 24 Ave NW to 17 Ave SW,5,2026-09-05T17:04:06.000
2026-09-05T23:16:14.263Z,Crowchild Trail,SB Crowchild Tr: 24 Ave NW to Glenmore Tr SW,9,2026-09-05T17:04:06.000
2026-09-05T23:16:14.263Z,Crowchild Trail,SB Crowchild Tr: 33 Ave SW to Deerfoot Tr SE,8,2026-09-05T17:04:06.000
2026-09-05T23:16:14.263Z,Crowchild Trail,SB Crowchild Tr: 33 Ave SW to Glenmore Tr SW,4,2026-09-05T17:04:06.000
2026-09-05T23:16:14.263Z,Deerfoot Trail,NB Deerfoot Tr: 17 Ave SE to Airport Tr NE,9,2026-09-05T17:04:06.000
2026-09-05T23:16:14.263Z,Deerfoot Trail,NB Deerfoot Tr: 17 Ave SE to Stoney Tr NE,12,2026-09-05T17:04:06.000
2026-09-05T23:16:14.263Z,Deerfoot Trail,NB Deerfoot Tr: 274 Ave S to City Centre via Deerfoot Tr,29,2026-09-05T17:04:06.000
2026-09-05T23:16:14.263Z,Deerfoot Trail,NB Deerfoot Tr: 32 Ave NE to Airport Tr NE,4,2026-09-05T17:04:06.000
2026-09-05T23:16:14.263Z,Deerfoot Trail,NB Deerfoot Tr: 32 Ave NE to Stoney Tr NE,7,2026-09-05T17:04:06.000
2026-09-05T23:16:14.263Z,Deerfoot Trail,NB Deerfoot Tr: 8 Ave NE to Airport Tr NE,7,2026-09-05T17:04:06.000
2026-09-05T23:16:14.263Z,Deerfoot Trail,NB Deerfoot Tr: 8 Ave NE to Stoney Tr NE,9,2026-09-05T17:04:06.000
2026-09-05T23:16:14.263Z,Deerfoot Trail,NB Deerfoot Tr: Anderson Rd SE to Airport Tr NE,16,2026-09-05T17:04:06.000
2026-09-05T23:16:14.263Z,Deerfoot Trail,NB Deerfoot Tr: Anderson Rd SE to Memorial Dr SE,10,2026-09-05T17:04:06.000
2026-09-05T23:16:14.263Z,Deerfoot Trail,NB Deerfoot Tr: Cranston Ave SE to Memorial Dr SE,18,2026-09-05T17:04:06.000
2026-09-05T23:16:14.263Z,Deerfoot Trail,NB Deerfoot Tr: Cranston Ave SE to Southland Dr SE,10,2026-09-05T17:04:06.000
2026-09-05T23:16:14.263Z,Deerfoot Trail,NB Deerfoot Tr: Glenmore Tr SE to Airport Tr NE,11,2026-09-05T17:04:06.000
2026-09-05T23:16:14.263Z,Deerfoot Trail,NB Deerfoot Tr: Glenmore Tr SE to Memorial Dr SE,5,2026-09-05T17:04:06.000
2026-09-05T23:16:14.263Z,Deerfoot Trail,NB Deerfoot Tr: Glenmore Tr SE to Stoney Tr NE,14,2026-09-05T17:04:06.000
2026-09-05T23:16:14.263Z,Deerfoot Trail,SB Deerfoot Tr: 17 Ave SE to Anderson Rd SE,9,2026-09-05T17:04:06.000
2026-09-05T23:16:14.263Z,Deerfoot Trail,SB Deerfoot Tr: 17 Ave SE to Stoney Tr SE,14,2026-09-05T17:04:06.000
2026-09-05T23:16:14.263Z,Deerfoot Trail,SB Deerfoot Tr: 64 Ave NE to Anderson Rd SE,15,2026-09-05T17:04:06.000
2026-09-05T23:16:14.263Z,Deerfoot Trail,SB Deerfoot Tr: 64 Ave NE to Memorial Dr SE,5,2026-09-05T17:04:06.000
2026-09-05T23:16:14.263Z,Deerfoot Trail,SB Deerfoot Tr: 8 Ave SE to Glenmore Tr SE,7,2026-09-05T17:04:06.000
2026-09-05T23:16:14.263Z,Deerfoot Trail,SB Deerfoot Tr: 8 Ave SE to Stoney Tr SE,16,2026-09-05T17:04:06.000
2026-09-05T23:16:14.263Z,Deerfoot Trail,SB Deerfoot Tr: Airport Tr NE to Anderson Rd SE,17,2026-09-05T17:04:06.000
2026-09-05T23:16:14.263Z,Deerfoot Trail,SB Deerfoot Tr: Airport Tr NE to Memorial Dr SE,7,2026-09-05T17:04:06.000
2026-09-05T23:16:14.263Z,Deerfoot Trail,SB Deerfoot Tr: Balzac  to Stoney Tr SE via Deerfoot Tr,26,2026-09-05T17:04:06.000
2026-09-05T23:16:14.263Z,Deerfoot Trail,SB Deerfoot Tr: Peigan Tr SE to Anderson Rd SE,8,2026-09-05T17:04:06.000
2026-09-05T23:16:14.263Z,Deerfoot Trail,SB Deerfoot Tr: Peigan Tr SE to Stoney Tr SE,13,2026-09-05T17:04:06.000
2026-09-05T23:16:14.263Z,Glenmore Trail,EB Glenmore Tr: Crowchild Tr SW to Deerfoot Tr SE,6,2026-09-05T17:04:06.000
2026-09-05T23:16:14.263Z,Glenmore Trail,WB Glenmore Tr: Odgen Rd SE to Bow Trail SW,12,2026-09-05T17:04:06.000
2026-09-05T23:16:14.263Z,Glenmore Trail,WB Glenmore Tr: Odgen Rd SE to Crowchild Tr SW,8,2026-09-05T17:04:06.000
2026-09-05T23:16:14.263Z,Macleod Trail,NB Macleod Tr: 274 Ave S to City Centre via Macleod Tr,33,2026-09-05T17:04:06.000
2026-09-05T23:16:14.263Z,Macleod Trail,NB Macleod Tr: Anderson Rd SE to 7 Av SE,20,2026-09-05T17:04:06.000
2026-09-05T23:16:14.263Z,Macleod Trail,NB Macleod Tr: Anderson Rd SE to Blackfoot Tr SW,27,2026-09-05T17:04:06.000
2026-09-05T23:16:14.263Z,Macleod Trail,NB Macleod Tr: Anderson Rd SE to Crowchild Tr SW,13,2026-09-05T17:04:06.000
2026-09-05T23:16:14.263Z,Macleod Trail,NB Macleod Tr: N of 25 Ave S to City Centre,3,2026-09-05T17:04:06.000
2026-09-05T23:16:14.263Z,Stoney Trail,EB Stoney Tr: Chaparral Blvd SE to 16 Ave NE,14,2026-09-05T17:04:06.000
2026-09-05T23:16:14.263Z,Stoney Trail,EB Stoney Tr: Chaparral Blvd SE to Glenmore Tr SE,9,2026-09-05T17:04:06.000
2026-09-05T23:16:14.263Z,Stoney Trail,EB Stoney Tr: Harvest Hills Blvd NW to 16 Ave NE,13,2026-09-05T17:04:06.000
2026-09-05T23:16:14.263Z,Stoney Trail,EB Stoney Tr: Harvest Hills Blvd NW to Glenmore Tr SE,19,2026-09-05T17:04:06.000
2026-09-05T23:16:14.263Z,Stoney Trail,EB Stoney W : Sarcee Tr NW to 16 Ave NE,18,2026-09-05T17:04:06.000
2026-09-05T23:16:14.263Z,Stoney Trail,EB Stoney W : Sarcee Tr NW to Deerfoot Tr N,8,2026-09-05T17:04:06.000
2026-09-05T23:16:14.263Z,Stoney Trail,NB Stoney Tr: 114 Ave SE to 16 Ave NE,7,2026-09-05T17:04:06.000
2026-09-05T23:16:14.263Z,Stoney Trail,NB Stoney Tr: 114 Ave SE to Deerfoot Tr NE,18,2026-09-05T17:04:06.000
2026-09-05T23:16:14.263Z,Stoney Trail,NB Stoney Tr: McKnight Blvd NE to Crowchild Tr NW,20,2026-09-05T17:04:06.000
2026-09-05T23:16:14.263Z,Stoney Trail,NB Stoney Tr: McKnight Blvd NE to Deerfoot Tr N,9,2026-09-05T17:04:06.000
2026-09-05T23:16:14.263Z,Stoney Trail,NB Stoney Tr: Peigan Tr SE to Deerfoot Tr NE,14,2026-09-05T17:04:06.000
2026-09-05T23:16:14.263Z,Stoney Trail,NB Stoney Tr: Peigan Tr SE to McKnight Blvd NE,6,2026-09-05T17:04:06.000
2026-09-05T23:16:14.263Z,Stoney Trail,SB Deerfoot Tr: Balzac  to Stoney Tr SE via Stoney Tr,26,2026-09-05T17:04:06.000
2026-09-05T23:16:14.263Z,Stoney Trail,SB Stoney Tr: Mcknight Blvd NE to Deerfoot Tr S,16,2026-09-05T17:04:06.000
2026-09-05T23:16:14.263Z,Stoney Trail,SB Stoney Tr: Mcknight Blvd NE to Glenmore Tr SE,8,2026-09-05T17:04:06.000
2026-09-05T23:16:14.263Z,Stoney Trail,SB Stoney Tr: Peigan Tr SE to 52 St SE,9,2026-09-05T17:04:06.000
2026-09-05T23:16:14.263Z,Stoney Trail,SB Stoney Tr: Peigan Tr SE to Macleod Tr SE,15,2026-09-05T17:04:06.000
2026-09-05T23:16:14.263Z,Stoney Trail,WB Stoney Tr: 52 St SE to James Mckevitt Rd SW,8,2026-09-05T17:04:06.000
2026-09-05T23:16:14.263Z,Stoney Trail,WB Stoney Tr: 52 St SE to Macleod Tr SE,5,2026-09-05T17:04:06.000
2026-09-05T23:16:14.263Z,Stoney Trail,WB Stoney Tr: Country Hills Blvd NW to 16 Ave NW,5,2026-09-05T17:04:06.000
2026-09-05T23:16:14.263Z,Stoney Trail,WB Stoney Tr: Deerfoot Tr NW to 16 Ave NW,13,2026-09-05T17:04:06.000
2026-09-05T23:16:14.263Z,Stoney Trail,WB Stoney Tr: Deerfoot Tr NW to Crowchild Tr NW,10,2026-09-05T17:04:06.000
2026-09-05T23:16:14.263Z,Trans Canada Highway,WB Trans Canada Hwy: Hwy 22 to Banff,51,2026-09-05T17:04:06.000
2026-09-05T23:16:14.263Z,Trans Canada Highway,WB Trans Canada Hwy: Hwy 22 to Kananaskis Village,43,2026-09-05T17:04:06.000
2026-09-06T01:01:57.731Z,16 Avenue,WB 16 Ave: Stoney Tr NE to Valley Ridge Bv NW via 16 Ave,31,2026-09-05T18:44:06.000
2026-09-06T01:01:57.731Z,16 Avenue,WB 16 Ave: Stoney Tr NE to Valley Ridge Bv Via Stoney Tr,26,2026-09-05T18:44:06.000
2026-09-06T01:01:57.731Z,Crowchild Trail,NB Crowchild Tr: 50 Ave SW to 24 Ave NW,8,2026-09-05T18:44:06.000
2026-09-06T01:01:57.731Z,Crowchild Trail,NB Crowchild Tr: 50 Ave SW to Memorial Dr NW,4,2026-09-05T18:44:06.000
2026-09-06T01:01:57.731Z,Crowchild Trail,NB Crowchild Tr: Glenmore Tr SW to 24 Ave NW,10,2026-09-05T18:44:06.000
2026-09-06T01:01:57.731Z,Crowchild Trail,SB Crowchild Tr: 12 Mile Coulee Rd NW to Glenmore Tr SW,17,2026-09-05T18:44:06.000
2026-09-06T01:01:57.731Z,Crowchild Trail,SB Crowchild Tr: 12 Mile Coulee Rd NW to Memorial Dr NW,13,2026-09-05T18:44:06.000
2026-09-06T01:01:57.731Z,Crowchild Trail,SB Crowchild Tr: 24 Ave NW to 17 Ave SW,6,2026-09-05T18:44:06.000
2026-09-06T01:01:57.731Z,Crowchild Trail,SB Crowchild Tr: 24 Ave NW to Glenmore Tr SW,10,2026-09-05T18:44:06.000
2026-09-06T01:01:57.731Z,Crowchild Trail,SB Crowchild Tr: 33 Ave SW to Deerfoot Tr SE,8,2026-09-05T18:44:06.000
2026-09-06T01:01:57.731Z,Crowchild Trail,SB Crowchild Tr: 33 Ave SW to Glenmore Tr SW,4,2026-09-05T18:44:06.000
2026-09-06T01:01:57.731Z,Deerfoot Trail,NB Deerfoot Tr: 17 Ave SE to Airport Tr NE,9,2026-09-05T18:44:06.000
2026-09-06T01:01:57.731Z,Deerfoot Trail,NB Deerfoot Tr: 17 Ave SE to Stoney Tr NE,12,2026-09-05T18:44:06.000
2026-09-06T01:01:57.731Z,Deerfoot Trail,NB Deerfoot Tr: 274 Ave S to City Centre via Deerfoot Tr,29,2026-09-05T18:44:06.000
2026-09-06T01:01:57.731Z,Deerfoot Trail,NB Deerfoot Tr: 32 Ave NE to Airport Tr NE,5,2026-09-05T18:44:06.000
2026-09-06T01:01:57.731Z,Deerfoot Trail,NB Deerfoot Tr: 32 Ave NE to Stoney Tr NE,7,2026-09-05T18:44:06.000
2026-09-06T01:01:57.731Z,Deerfoot Trail,NB Deerfoot Tr: 8 Ave NE to Airport Tr NE,7,2026-09-05T18:44:06.000
2026-09-06T01:01:57.731Z,Deerfoot Trail,NB Deerfoot Tr: 8 Ave NE to Stoney Tr NE,9,2026-09-05T18:44:06.000
2026-09-06T01:01:57.731Z,Deerfoot Trail,NB Deerfoot Tr: Anderson Rd SE to Airport Tr NE,17,2026-09-05T18:44:06.000
2026-09-06T01:01:57.731Z,Deerfoot Trail,NB Deerfoot Tr: Anderson Rd SE to Memorial Dr SE,10,2026-09-05T18:44:06.000
2026-09-06T01:01:57.731Z,Deerfoot Trail,NB Deerfoot Tr: Cranston Ave SE to Memorial Dr SE,18,2026-09-05T18:44:06.000
2026-09-06T01:01:57.731Z,Deerfoot Trail,NB Deerfoot Tr: Cranston Ave SE to Southland Dr SE,10,2026-09-05T18:44:06.000
2026-09-06T01:01:57.731Z,Deerfoot Trail,NB Deerfoot Tr: Glenmore Tr SE to Airport Tr NE,12,2026-09-05T18:44:06.000
2026-09-06T01:01:57.731Z,Deerfoot Trail,NB Deerfoot Tr: Glenmore Tr SE to Memorial Dr SE,5,2026-09-05T18:44:06.000
2026-09-06T01:01:57.731Z,Deerfoot Trail,NB Deerfoot Tr: Glenmore Tr SE to Stoney Tr NE,14,2026-09-05T18:44:06.000
2026-09-06T01:01:57.731Z,Deerfoot Trail,SB Deerfoot Tr: 17 Ave SE to Anderson Rd SE,9,2026-09-05T18:44:06.000
2026-09-06T01:01:57.731Z,Deerfoot Trail,SB Deerfoot Tr: 17 Ave SE to Stoney Tr SE,13,2026-09-05T18:44:06.000
2026-09-06T01:01:57.731Z,Deerfoot Trail,SB Deerfoot Tr: 64 Ave NE to Anderson Rd SE,14,2026-09-05T18:44:06.000
2026-09-06T01:01:57.731Z,Deerfoot Trail,SB Deerfoot Tr: 64 Ave NE to Memorial Dr SE,5,2026-09-05T18:44:06.000
2026-09-06T01:01:57.731Z,Deerfoot Trail,SB Deerfoot Tr: 8 Ave SE to Glenmore Tr SE,6,2026-09-05T18:44:06.000
2026-09-06T01:01:57.731Z,Deerfoot Trail,SB Deerfoot Tr: 8 Ave SE to Stoney Tr SE,15,2026-09-05T18:44:06.000
2026-09-06T01:01:57.731Z,Deerfoot Trail,SB Deerfoot Tr: Airport Tr NE to Anderson Rd SE,16,2026-09-05T18:44:06.000
2026-09-06T01:01:57.731Z,Deerfoot Trail,SB Deerfoot Tr: Airport Tr NE to Memorial Dr SE,7,2026-09-05T18:44:06.000
2026-09-06T01:01:57.731Z,Deerfoot Trail,SB Deerfoot Tr: Balzac  to Stoney Tr SE via Deerfoot Tr,25,2026-09-05T18:44:06.000
2026-09-06T01:01:57.731Z,Deerfoot Trail,SB Deerfoot Tr: Peigan Tr SE to Anderson Rd SE,7,2026-09-05T18:44:06.000
2026-09-06T01:01:57.731Z,Deerfoot Trail,SB Deerfoot Tr: Peigan Tr SE to Stoney Tr SE,12,2026-09-05T18:44:06.000
2026-09-06T01:01:57.731Z,Glenmore Trail,EB Glenmore Tr: Crowchild Tr SW to Deerfoot Tr SE,6,2026-09-05T18:44:06.000
2026-09-06T01:01:57.731Z,Glenmore Trail,WB Glenmore Tr: Odgen Rd SE to Bow Trail SW,11,2026-09-05T18:44:06.000
2026-09-06T01:01:57.731Z,Glenmore Trail,WB Glenmore Tr: Odgen Rd SE to Crowchild Tr SW,8,2026-09-05T18:44:06.000
2026-09-06T01:01:57.731Z,Macleod Trail,NB Macleod Tr: 274 Ave S to City Centre via Macleod Tr,31,2026-09-05T18:44:06.000
2026-09-06T01:01:57.731Z,Macleod Trail,NB Macleod Tr: Anderson Rd SE to 7 Av SE,17,2026-09-05T18:44:06.000
2026-09-06T01:01:57.731Z,Macleod Trail,NB Macleod Tr: Anderson Rd SE to Blackfoot Tr SW,25,2026-09-05T18:44:06.000
2026-09-06T01:01:57.731Z,Macleod Trail,NB Macleod Tr: Anderson Rd SE to Crowchild Tr SW,12,2026-09-05T18:44:06.000
2026-09-06T01:01:57.731Z,Macleod Trail,NB Macleod Tr: N of 25 Ave S to City Centre,3,2026-09-05T18:44:06.000
2026-09-06T01:01:57.731Z,Stoney Trail,EB Stoney Tr: Chaparral Blvd SE to 16 Ave NE,14,2026-09-05T18:44:06.000
2026-09-06T01:01:57.731Z,Stoney Trail,EB Stoney Tr: Chaparral Blvd SE to Glenmore Tr SE,9,2026-09-05T18:44:06.000
2026-09-06T01:01:57.731Z,Stoney Trail,EB Stoney Tr: Harvest Hills Blvd NW to 16 Ave NE,14,2026-09-05T18:44:06.000
2026-09-06T01:01:57.731Z,Stoney Trail,EB Stoney Tr: Harvest Hills Blvd NW to Glenmore Tr SE,19,2026-09-05T18:44:06.000
2026-09-06T01:01:57.731Z,Stoney Trail,EB Stoney W : Sarcee Tr NW to 16 Ave NE,18,2026-09-05T18:44:06.000
2026-09-06T01:01:57.731Z,Stoney Trail,EB Stoney W : Sarcee Tr NW to Deerfoot Tr N,8,2026-09-05T18:44:06.000
2026-09-06T01:01:57.731Z,Stoney Trail,NB Stoney Tr: 114 Ave SE to 16 Ave NE,8,2026-09-05T18:44:06.000
2026-09-06T01:01:57.731Z,Stoney Trail,NB Stoney Tr: 114 Ave SE to Deerfoot Tr NE,18,2026-09-05T18:44:06.000
2026-09-06T01:01:57.731Z,Stoney Trail,NB Stoney Tr: McKnight Blvd NE to Crowchild Tr NW,20,2026-09-05T18:44:06.000
2026-09-06T01:01:57.731Z,Stoney Trail,NB Stoney Tr: McKnight Blvd NE to Deerfoot Tr N,9,2026-09-05T18:44:06.000
2026-09-06T01:01:57.731Z,Stoney Trail,NB Stoney Tr: Peigan Tr SE to Deerfoot Tr NE,14,2026-09-05T18:44:06.000
2026-09-06T01:01:57.731Z,Stoney Trail,NB Stoney Tr: Peigan Tr SE to McKnight Blvd NE,6,2026-09-05T18:44:06.000
2026-09-06T01:01:57.731Z,Stoney Trail,SB Deerfoot Tr: Balzac  to Stoney Tr SE via Stoney Tr,26,2026-09-05T18:44:06.000
2026-09-06T01:01:57.731Z,Stoney Trail,SB Stoney Tr: Mcknight Blvd NE to Deerfoot Tr S,15,2026-09-05T18:44:06.000
2026-09-06T01:01:57.731Z,Stoney Trail,SB Stoney Tr: Mcknight Blvd NE to Glenmore Tr SE,8,2026-09-05T18:44:06.000
2026-09-06T01:01:57.731Z,Stoney Trail,SB Stoney Tr: Peigan Tr SE to 52 St SE,9,2026-09-05T18:44:06.000
2026-09-06T01:01:57.731Z,Stoney Trail,SB Stoney Tr: Peigan Tr SE to Macleod Tr SE,14,2026-09-05T18:44:06.000
2026-09-06T01:01:57.731Z,Stoney Trail,WB Stoney Tr: 52 St SE to James Mckevitt Rd SW,7,2026-09-05T18:44:06.000
2026-09-06T01:01:57.731Z,Stoney Trail,WB Stoney Tr: 52 St SE to Macleod Tr SE,5,2026-09-05T18:44:06.000
2026-09-06T01:01:57.731Z,Stoney Trail,WB Stoney Tr: Country Hills Blvd NW to 16 Ave NW,5,2026-09-05T18:44:06.000
2026-09-06T01:01:57.731Z,Stoney Trail,WB Stoney Tr: Deerfoot Tr NW to 16 Ave NW,13,2026-09-05T18:44:06.000
2026-09-06T01:01:57.731Z,Stoney Trail,WB Stoney Tr: Deerfoot Tr NW to Crowchild Tr NW,10,2026-09-05T18:44:06.000
2026-09-06T01:01:57.731Z,Trans Canada Highway,WB Trans Canada Hwy: Hwy 22 to Banff,50,2026-09-05T18:44:06.000
2026-09-06T01:01:57.731Z,Trans Canada Highway,WB Trans Canada Hwy: Hwy 22 to Kananaskis Village,43,2026-09-05T18:44:06.000
2026-09-06T05:59:45.757Z,16 Avenue,WB 16 Ave: Stoney Tr NE to Valley Ridge Bv NW via 16 Ave,29,2026-09-05T23:44:08.000
2026-09-06T05:59:45.757Z,16 Avenue,WB 16 Ave: Stoney Tr NE to Valley Ridge Bv Via Stoney Tr,26,2026-09-05T23:44:08.000
2026-09-06T05:59:45.757Z,Crowchild Trail,NB Crowchild Tr: 50 Ave SW to 24 Ave NW,7,2026-09-05T23:44:08.000
2026-09-06T05:59:45.757Z,Crowchild Trail,NB Crowchild Tr: 50 Ave SW to Memorial Dr NW,4,2026-09-05T23:44:08.000
2026-09-06T05:59:45.757Z,Crowchild Trail,NB Crowchild Tr: Glenmore Tr SW to 24 Ave NW,9,2026-09-05T23:44:08.000
2026-09-06T05:59:45.757Z,Crowchild Trail,SB Crowchild Tr: 12 Mile Coulee Rd NW to Glenmore Tr SW,18,2026-09-05T23:44:08.000
2026-09-06T05:59:45.757Z,Crowchild Trail,SB Crowchild Tr: 12 Mile Coulee Rd NW to Memorial Dr NW,13,2026-09-05T23:44:08.000
2026-09-06T05:59:45.757Z,Crowchild Trail,SB Crowchild Tr: 24 Ave NW to 17 Ave SW,6,2026-09-05T23:44:08.000
2026-09-06T05:59:45.757Z,Crowchild Trail,SB Crowchild Tr: 24 Ave NW to Glenmore Tr SW,10,2026-09-05T23:44:08.000
2026-09-06T05:59:45.757Z,Crowchild Trail,SB Crowchild Tr: 33 Ave SW to Deerfoot Tr SE,8,2026-09-05T23:44:08.000
2026-09-06T05:59:45.757Z,Crowchild Trail,SB Crowchild Tr: 33 Ave SW to Glenmore Tr SW,4,2026-09-05T23:44:08.000
2026-09-06T05:59:45.757Z,Deerfoot Trail,NB Deerfoot Tr: 17 Ave SE to Airport Tr NE,9,2026-09-05T23:44:08.000
2026-09-06T05:59:45.757Z,Deerfoot Trail,NB Deerfoot Tr: 17 Ave SE to Stoney Tr NE,12,2026-09-05T23:44:08.000
2026-09-06T05:59:45.757Z,Deerfoot Trail,NB Deerfoot Tr: 274 Ave S to City Centre via Deerfoot Tr,29,2026-09-05T23:44:08.000
2026-09-06T05:59:45.757Z,Deerfoot Trail,NB Deerfoot Tr: 32 Ave NE to Airport Tr NE,4,2026-09-05T23:44:08.000
2026-09-06T05:59:45.757Z,Deerfoot Trail,NB Deerfoot Tr: 32 Ave NE to Stoney Tr NE,7,2026-09-05T23:44:08.000
2026-09-06T05:59:45.757Z,Deerfoot Trail,NB Deerfoot Tr: 8 Ave NE to Airport Tr NE,6,2026-09-05T23:44:08.000
2026-09-06T05:59:45.757Z,Deerfoot Trail,NB Deerfoot Tr: 8 Ave NE to Stoney Tr NE,9,2026-09-05T23:44:08.000
2026-09-06T05:59:45.757Z,Deerfoot Trail,NB Deerfoot Tr: Anderson Rd SE to Airport Tr NE,16,2026-09-05T23:44:08.000
2026-09-06T05:59:45.757Z,Deerfoot Trail,NB Deerfoot Tr: Anderson Rd SE to Memorial Dr SE,10,2026-09-05T23:44:08.000
2026-09-06T05:59:45.757Z,Deerfoot Trail,NB Deerfoot Tr: Cranston Ave SE to Memorial Dr SE,18,2026-09-05T23:44:08.000
2026-09-06T05:59:45.757Z,Deerfoot Trail,NB Deerfoot Tr: Cranston Ave SE to Southland Dr SE,11,2026-09-05T23:44:08.000
2026-09-06T05:59:45.757Z,Deerfoot Trail,NB Deerfoot Tr: Glenmore Tr SE to Airport Tr NE,12,2026-09-05T23:44:08.000
2026-09-06T05:59:45.757Z,Deerfoot Trail,NB Deerfoot Tr: Glenmore Tr SE to Memorial Dr SE,5,2026-09-05T23:44:08.000
2026-09-06T05:59:45.757Z,Deerfoot Trail,NB Deerfoot Tr: Glenmore Tr SE to Stoney Tr NE,14,2026-09-05T23:44:08.000
2026-09-06T05:59:45.757Z,Deerfoot Trail,SB Deerfoot Tr: 17 Ave SE to Anderson Rd SE,9,2026-09-05T23:44:08.000
2026-09-06T05:59:45.757Z,Deerfoot Trail,SB Deerfoot Tr: 17 Ave SE to Stoney Tr SE,13,2026-09-05T23:44:08.000
2026-09-06T05:59:45.757Z,Deerfoot Trail,SB Deerfoot Tr: 64 Ave NE to Anderson Rd SE,14,2026-09-05T23:44:08.000
2026-09-06T05:59:45.757Z,Deerfoot Trail,SB Deerfoot Tr: 64 Ave NE to Memorial Dr SE,5,2026-09-05T23:44:08.000
2026-09-06T05:59:45.757Z,Deerfoot Trail,SB Deerfoot Tr: 8 Ave SE to Glenmore Tr SE,6,2026-09-05T23:44:08.000
2026-09-06T05:59:45.757Z,Deerfoot Trail,SB Deerfoot Tr: 8 Ave SE to Stoney Tr SE,14,2026-09-05T23:44:08.000
2026-09-06T05:59:45.757Z,Deerfoot Trail,SB Deerfoot Tr: Airport Tr NE to Anderson Rd SE,16,2026-09-05T23:44:08.000
2026-09-06T05:59:45.757Z,Deerfoot Trail,SB Deerfoot Tr: Airport Tr NE to Memorial Dr SE,8,2026-09-05T23:44:08.000
2026-09-06T05:59:45.757Z,Deerfoot Trail,SB Deerfoot Tr: Balzac  to Stoney Tr SE via Deerfoot Tr,26,2026-09-05T23:44:08.000
2026-09-06T05:59:45.757Z,Deerfoot Trail,SB Deerfoot Tr: Peigan Tr SE to Anderson Rd SE,7,2026-09-05T23:44:08.000
2026-09-06T05:59:45.757Z,Deerfoot Trail,SB Deerfoot Tr: Peigan Tr SE to Stoney Tr SE,11,2026-09-05T23:44:08.000
2026-09-06T05:59:45.757Z,Glenmore Trail,EB Glenmore Tr: Crowchild Tr SW to Deerfoot Tr SE,6,2026-09-05T23:44:08.000
2026-09-06T05:59:45.757Z,Glenmore Trail,WB Glenmore Tr: Odgen Rd SE to Bow Trail SW,10,2026-09-05T23:44:08.000
2026-09-06T05:59:45.757Z,Glenmore Trail,WB Glenmore Tr: Odgen Rd SE to Crowchild Tr SW,7,2026-09-05T23:44:08.000
2026-09-06T05:59:45.757Z,Macleod Trail,NB Macleod Tr: 274 Ave S to City Centre via Macleod Tr,28,2026-09-05T23:44:08.000
2026-09-06T05:59:45.757Z,Macleod Trail,NB Macleod Tr: Anderson Rd SE to 7 Av SE,15,2026-09-05T23:44:08.000
2026-09-06T05:59:45.757Z,Macleod Trail,NB Macleod Tr: Anderson Rd SE to Blackfoot Tr SW,23,2026-09-05T23:44:08.000
2026-09-06T05:59:45.757Z,Macleod Trail,NB Macleod Tr: Anderson Rd SE to Crowchild Tr SW,9,2026-09-05T23:44:08.000
2026-09-06T05:59:45.757Z,Macleod Trail,NB Macleod Tr: N of 25 Ave S to City Centre,3,2026-09-05T23:44:08.000
2026-09-06T05:59:45.757Z,Stoney Trail,EB Stoney Tr: Chaparral Blvd SE to 16 Ave NE,15,2026-09-05T23:44:08.000
2026-09-06T05:59:45.757Z,Stoney Trail,EB Stoney Tr: Chaparral Blvd SE to Glenmore Tr SE,9,2026-09-05T23:44:08.000
2026-09-06T05:59:45.757Z,Stoney Trail,EB Stoney Tr: Harvest Hills Blvd NW to 16 Ave NE,15,2026-09-05T23:44:08.000
2026-09-06T05:59:45.757Z,Stoney Trail,EB Stoney Tr: Harvest Hills Blvd NW to Glenmore Tr SE,20,2026-09-05T23:44:08.000
2026-09-06T05:59:45.757Z,Stoney Trail,EB Stoney W : Sarcee Tr NW to 16 Ave NE,19,2026-09-05T23:44:08.000
2026-09-06T05:59:45.757Z,Stoney Trail,EB Stoney W : Sarcee Tr NW to Deerfoot Tr N,8,2026-09-05T23:44:08.000
2026-09-06T05:59:45.757Z,Stoney Trail,NB Stoney Tr: 114 Ave SE to 16 Ave NE,8,2026-09-05T23:44:08.000
2026-09-06T05:59:45.757Z,Stoney Trail,NB Stoney Tr: 114 Ave SE to Deerfoot Tr NE,18,2026-09-05T23:44:08.000
2026-09-06T05:59:45.757Z,Stoney Trail,NB Stoney Tr: McKnight Blvd NE to Crowchild Tr NW,20,2026-09-05T23:44:08.000
2026-09-06T05:59:45.757Z,Stoney Trail,NB Stoney Tr: McKnight Blvd NE to Deerfoot Tr N,8,2026-09-05T23:44:08.000
2026-09-06T05:59:45.757Z,Stoney Trail,NB Stoney Tr: Peigan Tr SE to Deerfoot Tr NE,14,2026-09-05T23:44:08.000
2026-09-06T05:59:45.757Z,Stoney Trail,NB Stoney Tr: Peigan Tr SE to McKnight Blvd NE,6,2026-09-05T23:44:08.000
2026-09-06T05:59:45.757Z,Stoney Trail,SB Deerfoot Tr: Balzac  to Stoney Tr SE via Stoney Tr,28,2026-09-05T23:44:08.000
2026-09-06T05:59:45.757Z,Stoney Trail,SB Stoney Tr: Mcknight Blvd NE to Deerfoot Tr S,15,2026-09-05T23:44:08.000
2026-09-06T05:59:45.757Z,Stoney Trail,SB Stoney Tr: Mcknight Blvd NE to Glenmore Tr SE,8,2026-09-05T23:44:08.000
2026-09-06T05:59:45.757Z,Stoney Trail,SB Stoney Tr: Peigan Tr SE to 52 St SE,9,2026-09-05T23:44:08.000
2026-09-06T05:59:45.757Z,Stoney Trail,SB Stoney Tr: Peigan Tr SE to Macleod Tr SE,13,2026-09-05T23:44:08.000
2026-09-06T05:59:45.757Z,Stoney Trail,WB Stoney Tr: 52 St SE to James Mckevitt Rd SW,7,2026-09-05T23:44:08.000
2026-09-06T05:59:45.757Z,Stoney Trail,WB Stoney Tr: 52 St SE to Macleod Tr SE,5,2026-09-05T23:44:08.000
2026-09-06T05:59:45.757Z,Stoney Trail,WB Stoney Tr: Country Hills Blvd NW to 16 Ave NW,5,2026-09-05T23:44:08.000
2026-09-06T05:59:45.757Z,Stoney Trail,WB Stoney Tr: Deerfoot Tr NW to 16 Ave NW,13,2026-09-05T23:44:08.000
2026-09-06T05:59:45.757Z,Stoney Trail,WB Stoney Tr: Deerfoot Tr NW to Crowchild Tr NW,10,2026-09-05T23:44:08.000
2026-09-06T05:59:45.757Z,Trans Canada Highway,WB Trans Canada Hwy: Hwy 22 to Banff,51,2026-09-05T23:44:08.000
2026-09-06T05:59:45.757Z,Trans Canada Highway,WB Trans Canada Hwy: Hwy 22 to Kananaskis Village,43,2026-09-05T23:44:08.000
2026-09-06T10:41:18.062Z,16 Avenue,WB 16 Ave: Stoney Tr NE to Valley Ridge Bv NW via 16 Ave,30,2026-09-06T04:24:10.000
2026-09-06T10:41:18.062Z,16 Avenue,WB 16 Ave: Stoney Tr NE to Valley Ridge Bv Via Stoney Tr,27,2026-09-06T04:24:10.000
2026-09-06T10:41:18.062Z,Crowchild Trail,NB Crowchild Tr: 50 Ave SW to 24 Ave NW,7,2026-09-06T04:24:10.000
2026-09-06T10:41:18.062Z,Crowchild Trail,NB Crowchild Tr: 50 Ave SW to Memorial Dr NW,4,2026-09-06T04:24:10.000
2026-09-06T10:41:18.062Z,Crowchild Trail,NB Crowchild Tr: Glenmore Tr SW to 24 Ave NW,9,2026-09-06T04:24:10.000
2026-09-06T10:41:18.062Z,Crowchild Trail,SB Crowchild Tr: 12 Mile Coulee Rd NW to Glenmore Tr SW,16,2026-09-06T04:24:10.000
2026-09-06T10:41:18.062Z,Crowchild Trail,SB Crowchild Tr: 12 Mile Coulee Rd NW to Memorial Dr NW,12,2026-09-06T04:24:10.000
2026-09-06T10:41:18.062Z,Crowchild Trail,SB Crowchild Tr: 24 Ave NW to 17 Ave SW,5,2026-09-06T04:24:10.000
2026-09-06T10:41:18.062Z,Crowchild Trail,SB Crowchild Tr: 24 Ave NW to Glenmore Tr SW,9,2026-09-06T04:24:10.000
2026-09-06T10:41:18.062Z,Crowchild Trail,SB Crowchild Tr: 33 Ave SW to Deerfoot Tr SE,7,2026-09-06T04:24:10.000
2026-09-06T10:41:18.062Z,Crowchild Trail,SB Crowchild Tr: 33 Ave SW to Glenmore Tr SW,3,2026-09-06T04:24:10.000
2026-09-06T10:41:18.062Z,Deerfoot Trail,NB Deerfoot Tr: 17 Ave SE to Airport Tr NE,9,2026-09-06T04:24:10.000
2026-09-06T10:41:18.062Z,Deerfoot Trail,NB Deerfoot Tr: 17 Ave SE to Stoney Tr NE,12,2026-09-06T04:24:10.000
2026-09-06T10:41:18.062Z,Deerfoot Trail,NB Deerfoot Tr: 274 Ave S to City Centre via Deerfoot Tr,27,2026-09-06T04:24:10.000
2026-09-06T10:41:18.062Z,Deerfoot Trail,NB Deerfoot Tr: 32 Ave NE to Airport Tr NE,4,2026-09-06T04:24:10.000
2026-09-06T10:41:18.062Z,Deerfoot Trail,NB Deerfoot Tr: 32 Ave NE to Stoney Tr NE,7,2026-09-06T04:24:10.000
2026-09-06T10:41:18.062Z,Deerfoot Trail,NB Deerfoot Tr: 8 Ave NE to Airport Tr NE,7,2026-09-06T04:24:10.000
2026-09-06T10:41:18.062Z,Deerfoot Trail,NB Deerfoot Tr: 8 Ave NE to Stoney Tr NE,9,2026-09-06T04:24:10.000
2026-09-06T10:41:18.062Z,Deerfoot Trail,NB Deerfoot Tr: Anderson Rd SE to Airport Tr NE,16,2026-09-06T04:24:10.000
2026-09-06T10:41:18.062Z,Deerfoot Trail,NB Deerfoot Tr: Anderson Rd SE to Memorial Dr SE,9,2026-09-06T04:24:10.000
2026-09-06T10:41:18.062Z,Deerfoot Trail,NB Deerfoot Tr: Cranston Ave SE to Memorial Dr SE,17,2026-09-06T04:24:10.000
2026-09-06T10:41:18.062Z,Deerfoot Trail,NB Deerfoot Tr: Cranston Ave SE to Southland Dr SE,10,2026-09-06T04:24:10.000
2026-09-06T10:41:18.062Z,Deerfoot Trail,NB Deerfoot Tr: Glenmore Tr SE to Airport Tr NE,11,2026-09-06T04:24:10.000
2026-09-06T10:41:18.062Z,Deerfoot Trail,NB Deerfoot Tr: Glenmore Tr SE to Memorial Dr SE,5,2026-09-06T04:24:10.000
2026-09-06T10:41:18.062Z,Deerfoot Trail,NB Deerfoot Tr: Glenmore Tr SE to Stoney Tr NE,14,2026-09-06T04:24:10.000
2026-09-06T10:41:18.062Z,Deerfoot Trail,SB Deerfoot Tr: 17 Ave SE to Anderson Rd SE,8,2026-09-06T04:24:10.000
2026-09-06T10:41:18.062Z,Deerfoot Trail,SB Deerfoot Tr: 17 Ave SE to Stoney Tr SE,13,2026-09-06T04:24:10.000
2026-09-06T10:41:18.062Z,Deerfoot Trail,SB Deerfoot Tr: 64 Ave NE to Anderson Rd SE,14,2026-09-06T04:24:10.000
2026-09-06T10:41:18.062Z,Deerfoot Trail,SB Deerfoot Tr: 64 Ave NE to Memorial Dr SE,5,2026-09-06T04:24:10.000
2026-09-06T10:41:18.062Z,Deerfoot Trail,SB Deerfoot Tr: 8 Ave SE to Glenmore Tr SE,6,2026-09-06T04:24:10.000
2026-09-06T10:41:18.062Z,Deerfoot Trail,SB Deerfoot Tr: 8 Ave SE to Stoney Tr SE,14,2026-09-06T04:24:10.000
2026-09-06T10:41:18.062Z,Deerfoot Trail,SB Deerfoot Tr: Airport Tr NE to Anderson Rd SE,16,2026-09-06T04:24:10.000
2026-09-06T10:41:18.062Z,Deerfoot Trail,SB Deerfoot Tr: Airport Tr NE to Memorial Dr SE,7,2026-09-06T04:24:10.000
2026-09-06T10:41:18.062Z,Deerfoot Trail,SB Deerfoot Tr: Balzac  to Stoney Tr SE via Deerfoot Tr,25,2026-09-06T04:24:10.000
2026-09-06T10:41:18.062Z,Deerfoot Trail,SB Deerfoot Tr: Peigan Tr SE to Anderson Rd SE,7,2026-09-06T04:24:10.000
2026-09-06T10:41:18.062Z,Deerfoot Trail,SB Deerfoot Tr: Peigan Tr SE to Stoney Tr SE,11,2026-09-06T04:24:10.000
2026-09-06T10:41:18.062Z,Glenmore Trail,EB Glenmore Tr: Crowchild Tr SW to Deerfoot Tr SE,5,2026-09-06T04:24:10.000
2026-09-06T10:41:18.062Z,Glenmore Trail,WB Glenmore Tr: Odgen Rd SE to Bow Trail SW,11,2026-09-06T04:24:10.000
2026-09-06T10:41:18.062Z,Glenmore Trail,WB Glenmore Tr: Odgen Rd SE to Crowchild Tr SW,7,2026-09-06T04:24:10.000
2026-09-06T10:41:18.062Z,Macleod Trail,NB Macleod Tr: 274 Ave S to City Centre via Macleod Tr,26,2026-09-06T04:24:10.000
2026-09-06T10:41:18.062Z,Macleod Trail,NB Macleod Tr: Anderson Rd SE to 7 Av SE,14,2026-09-06T04:24:10.000
2026-09-06T10:41:18.062Z,Macleod Trail,NB Macleod Tr: Anderson Rd SE to Blackfoot Tr SW,23,2026-09-06T04:24:10.000
2026-09-06T10:41:18.062Z,Macleod Trail,NB Macleod Tr: Anderson Rd SE to Crowchild Tr SW,9,2026-09-06T04:24:10.000
2026-09-06T10:41:18.062Z,Macleod Trail,NB Macleod Tr: N of 25 Ave S to City Centre,3,2026-09-06T04:24:10.000
2026-09-06T10:41:18.062Z,Stoney Trail,EB Stoney Tr: Chaparral Blvd SE to 16 Ave NE,14,2026-09-06T04:24:10.000
2026-09-06T10:41:18.062Z,Stoney Trail,EB Stoney Tr: Chaparral Blvd SE to Glenmore Tr SE,9,2026-09-06T04:24:10.000
2026-09-06T10:41:18.062Z,Stoney Trail,EB Stoney Tr: Harvest Hills Blvd NW to 16 Ave NE,14,2026-09-06T04:24:10.000
2026-09-06T10:41:18.062Z,Stoney Trail,EB Stoney Tr: Harvest Hills Blvd NW to Glenmore Tr SE,19,2026-09-06T04:24:10.000
2026-09-06T10:41:18.062Z,Stoney Trail,EB Stoney W : Sarcee Tr NW to 16 Ave NE,18,2026-09-06T04:24:10.000
2026-09-06T10:41:18.062Z,Stoney Trail,EB Stoney W : Sarcee Tr NW to Deerfoot Tr N,8,2026-09-06T04:24:10.000
2026-09-06T10:41:18.062Z,Stoney Trail,NB Stoney Tr: 114 Ave SE to 16 Ave NE,8,2026-09-06T04:24:10.000
2026-09-06T10:41:18.062Z,Stoney Trail,NB Stoney Tr: 114 Ave SE to Deerfoot Tr NE,18,2026-09-06T04:24:10.000
2026-09-06T10:41:18.062Z,Stoney Trail,NB Stoney Tr: McKnight Blvd NE to Crowchild Tr NW,20,2026-09-06T04:24:10.000
2026-09-06T10:41:18.062Z,Stoney Trail,NB Stoney Tr: McKnight Blvd NE to Deerfoot Tr N,9,2026-09-06T04:24:10.000
2026-09-06T10:41:18.062Z,Stoney Trail,NB Stoney Tr: Peigan Tr SE to Deerfoot Tr NE,14,2026-09-06T04:24:10.000
2026-09-06T10:41:18.062Z,Stoney Trail,NB Stoney Tr: Peigan Tr SE to McKnight Blvd NE,6,2026-09-06T04:24:10.000
2026-09-06T10:41:18.062Z,Stoney Trail,SB Deerfoot Tr: Balzac  to Stoney Tr SE via Stoney Tr,26,2026-09-06T04:24:10.000
2026-09-06T10:41:18.062Z,Stoney Trail,SB Stoney Tr: Mcknight Blvd NE to Deerfoot Tr S,15,2026-09-06T04:24:10.000
2026-09-06T10:41:18.062Z,Stoney Trail,SB Stoney Tr: Mcknight Blvd NE to Glenmore Tr SE,8,2026-09-06T04:24:10.000
2026-09-06T10:41:18.062Z,Stoney Trail,SB Stoney Tr: Peigan Tr SE to 52 St SE,9,2026-09-06T04:24:10.000
2026-09-06T10:41:18.062Z,Stoney Trail,SB Stoney Tr: Peigan Tr SE to Macleod Tr SE,13,2026-09-06T04:24:10.000
2026-09-06T10:41:18.062Z,Stoney Trail,WB Stoney Tr: 52 St SE to James Mckevitt Rd SW,7,2026-09-06T04:24:10.000
2026-09-06T10:41:18.062Z,Stoney Trail,WB Stoney Tr: 52 St SE to Macleod Tr SE,5,2026-09-06T04:24:10.000
2026-09-06T10:41:18.062Z,Stoney Trail,WB Stoney Tr: Country Hills Blvd NW to 16 Ave NW,5,2026-09-06T04:24:10.000
2026-09-06T10:41:18.062Z,Stoney Trail,WB Stoney Tr: Deerfoot Tr NW to 16 Ave NW,13,2026-09-06T04:24:10.000
2026-09-06T10:41:18.062Z,Stoney Trail,WB Stoney Tr: Deerfoot Tr NW to Crowchild Tr NW,9,2026-09-06T04:24:10.000
2026-09-06T10:41:18.062Z,Trans Canada Highway,WB Trans Canada Hwy: Hwy 22 to Banff,50,2026-09-06T04:24:10.000
2026-09-06T10:41:18.062Z,Trans Canada Highway,WB Trans Canada Hwy: Hwy 22 to Kananaskis Village,42,2026-09-06T04:24:10.000
2026-09-06T13:52:37.347Z,16 Avenue,WB 16 Ave: Stoney Tr NE to Valley Ridge Bv NW via 16 Ave,30,2026-09-06T07:44:06.000
2026-09-06T13:52:37.347Z,16 Avenue,WB 16 Ave: Stoney Tr NE to Valley Ridge Bv Via Stoney Tr,27,2026-09-06T07:44:06.000
2026-09-06T13:52:37.347Z,Crowchild Trail,NB Crowchild Tr: 50 Ave SW to 24 Ave NW,7,2026-09-06T07:44:06.000
2026-09-06T13:52:37.347Z,Crowchild Trail,NB Crowchild Tr: 50 Ave SW to Memorial Dr NW,4,2026-09-06T07:44:06.000
2026-09-06T13:52:37.347Z,Crowchild Trail,NB Crowchild Tr: Glenmore Tr SW to 24 Ave NW,9,2026-09-06T07:44:06.000
2026-09-06T13:52:37.347Z,Crowchild Trail,SB Crowchild Tr: 12 Mile Coulee Rd NW to Glenmore Tr SW,16,2026-09-06T07:44:06.000
2026-09-06T13:52:37.347Z,Crowchild Trail,SB Crowchild Tr: 12 Mile Coulee Rd NW to Memorial Dr NW,12,2026-09-06T07:44:06.000
2026-09-06T13:52:37.347Z,Crowchild Trail,SB Crowchild Tr: 24 Ave NW to 17 Ave SW,5,2026-09-06T07:44:06.000
2026-09-06T13:52:37.347Z,Crowchild Trail,SB Crowchild Tr: 24 Ave NW to Glenmore Tr SW,9,2026-09-06T07:44:06.000
2026-09-06T13:52:37.347Z,Crowchild Trail,SB Crowchild Tr: 33 Ave SW to Deerfoot Tr SE,8,2026-09-06T07:44:06.000
2026-09-06T13:52:37.347Z,Crowchild Trail,SB Crowchild Tr: 33 Ave SW to Glenmore Tr SW,3,2026-09-06T07:44:06.000
2026-09-06T13:52:37.347Z,Deerfoot Trail,NB Deerfoot Tr: 17 Ave SE to Airport Tr NE,10,2026-09-06T07:44:06.000
2026-09-06T13:52:37.347Z,Deerfoot Trail,NB Deerfoot Tr: 17 Ave SE to Stoney Tr NE,13,2026-09-06T07:44:06.000
2026-09-06T13:52:37.347Z,Deerfoot Trail,NB Deerfoot Tr: 274 Ave S to City Centre via Deerfoot Tr,28,2026-09-06T07:44:06.000
2026-09-06T13:52:37.347Z,Deerfoot Trail,NB Deerfoot Tr: 32 Ave NE to Airport Tr NE,5,2026-09-06T07:44:06.000
2026-09-06T13:52:37.347Z,Deerfoot Trail,NB Deerfoot Tr: 32 Ave NE to Stoney Tr NE,8,2026-09-06T07:44:06.000
2026-09-06T13:52:37.347Z,Deerfoot Trail,NB Deerfoot Tr: 8 Ave NE to Airport Tr NE,7,2026-09-06T07:44:06.000
2026-09-06T13:52:37.347Z,Deerfoot Trail,NB Deerfoot Tr: 8 Ave NE to Stoney Tr NE,10,2026-09-06T07:44:06.000
2026-09-06T13:52:37.347Z,Deerfoot Trail,NB Deerfoot Tr: Anderson Rd SE to Airport Tr NE,17,2026-09-06T07:44:06.000
2026-09-06T13:52:37.347Z,Deerfoot Trail,NB Deerfoot Tr: Anderson Rd SE to Memorial Dr SE,10,2026-09-06T07:44:06.000
2026-09-06T13:52:37.347Z,Deerfoot Trail,NB Deerfoot Tr: Cranston Ave SE to Memorial Dr SE,18,2026-09-06T07:44:06.000
2026-09-06T13:52:37.347Z,Deerfoot Trail,NB Deerfoot Tr: Cranston Ave SE to Southland Dr SE,10,2026-09-06T07:44:06.000
2026-09-06T13:52:37.347Z,Deerfoot Trail,NB Deerfoot Tr: Glenmore Tr SE to Airport Tr NE,12,2026-09-06T07:44:06.000
2026-09-06T13:52:37.347Z,Deerfoot Trail,NB Deerfoot Tr: Glenmore Tr SE to Memorial Dr SE,5,2026-09-06T07:44:06.000
2026-09-06T13:52:37.347Z,Deerfoot Trail,NB Deerfoot Tr: Glenmore Tr SE to Stoney Tr NE,15,2026-09-06T07:44:06.000
2026-09-06T13:52:37.347Z,Deerfoot Trail,SB Deerfoot Tr: 17 Ave SE to Anderson Rd SE,9,2026-09-06T07:44:06.000
2026-09-06T13:52:37.347Z,Deerfoot Trail,SB Deerfoot Tr: 17 Ave SE to Stoney Tr SE,15,2026-09-06T07:44:06.000
2026-09-06T13:52:37.347Z,Deerfoot Trail,SB Deerfoot Tr: 64 Ave NE to Anderson Rd SE,15,2026-09-06T07:44:06.000
2026-09-06T13:52:37.347Z,Deerfoot Trail,SB Deerfoot Tr: 64 Ave NE to Memorial Dr SE,5,2026-09-06T07:44:06.000
2026-09-06T13:52:37.347Z,Deerfoot Trail,SB Deerfoot Tr: 8 Ave SE to Glenmore Tr SE,7,2026-09-06T07:44:06.000
2026-09-06T13:52:37.347Z,Deerfoot Trail,SB Deerfoot Tr: 8 Ave SE to Stoney Tr SE,16,2026-09-06T07:44:06.000
2026-09-06T13:52:37.347Z,Deerfoot Trail,SB Deerfoot Tr: Airport Tr NE to Anderson Rd SE,17,2026-09-06T07:44:06.000
2026-09-06T13:52:37.347Z,Deerfoot Trail,SB Deerfoot Tr: Airport Tr NE to Memorial Dr SE,8,2026-09-06T07:44:06.000
2026-09-06T13:52:37.347Z,Deerfoot Trail,SB Deerfoot Tr: Balzac  to Stoney Tr SE via Deerfoot Tr,27,2026-09-06T07:44:06.000
2026-09-06T13:52:37.347Z,Deerfoot Trail,SB Deerfoot Tr: Peigan Tr SE to Anderson Rd SE,7,2026-09-06T07:44:06.000
2026-09-06T13:52:37.347Z,Deerfoot Trail,SB Deerfoot Tr: Peigan Tr SE to Stoney Tr SE,13,2026-09-06T07:44:06.000
2026-09-06T13:52:37.347Z,Glenmore Trail,EB Glenmore Tr: Crowchild Tr SW to Deerfoot Tr SE,5,2026-09-06T07:44:06.000
2026-09-06T13:52:37.347Z,Glenmore Trail,WB Glenmore Tr: Odgen Rd SE to Bow Trail SW,11,2026-09-06T07:44:06.000
2026-09-06T13:52:37.347Z,Glenmore Trail,WB Glenmore Tr: Odgen Rd SE to Crowchild Tr SW,8,2026-09-06T07:44:06.000
2026-09-06T13:52:37.347Z,Macleod Trail,NB Macleod Tr: 274 Ave S to City Centre via Macleod Tr,26,2026-09-06T07:44:06.000
2026-09-06T13:52:37.347Z,Macleod Trail,NB Macleod Tr: Anderson Rd SE to 7 Av SE,13,2026-09-06T07:44:06.000
2026-09-06T13:52:37.347Z,Macleod Trail,NB Macleod Tr: Anderson Rd SE to Blackfoot Tr SW,23,2026-09-06T07:44:06.000
2026-09-06T13:52:37.347Z,Macleod Trail,NB Macleod Tr: Anderson Rd SE to Crowchild Tr SW,9,2026-09-06T07:44:06.000
2026-09-06T13:52:37.347Z,Macleod Trail,NB Macleod Tr: N of 25 Ave S to City Centre,3,2026-09-06T07:44:06.000
2026-09-06T13:52:37.347Z,Stoney Trail,EB Stoney Tr: Chaparral Blvd SE to 16 Ave NE,15,2026-09-06T07:44:06.000
2026-09-06T13:52:37.347Z,Stoney Trail,EB Stoney Tr: Chaparral Blvd SE to Glenmore Tr SE,10,2026-09-06T07:44:06.000
2026-09-06T13:52:37.347Z,Stoney Trail,EB Stoney Tr: Harvest Hills Blvd NW to 16 Ave NE,14,2026-09-06T07:44:06.000
2026-09-06T13:52:37.347Z,Stoney Trail,EB Stoney Tr: Harvest Hills Blvd NW to Glenmore Tr SE,19,2026-09-06T07:44:06.000
2026-09-06T13:52:37.347Z,Stoney Trail,EB Stoney W : Sarcee Tr NW to 16 Ave NE,19,2026-09-06T07:44:06.000
2026-09-06T13:52:37.347Z,Stoney Trail,EB Stoney W : Sarcee Tr NW to Deerfoot Tr N,8,2026-09-06T07:44:06.000
2026-09-06T13:52:37.347Z,Stoney Trail,NB Stoney Tr: 114 Ave SE to 16 Ave NE,8,2026-09-06T07:44:06.000
2026-09-06T13:52:37.347Z,Stoney Trail,NB Stoney Tr: 114 Ave SE to Deerfoot Tr NE,19,2026-09-06T07:44:06.000
2026-09-06T13:52:37.347Z,Stoney Trail,NB Stoney Tr: McKnight Blvd NE to Crowchild Tr NW,20,2026-09-06T07:44:06.000
2026-09-06T13:52:37.347Z,Stoney Trail,NB Stoney Tr: McKnight Blvd NE to Deerfoot Tr N,9,2026-09-06T07:44:06.000
2026-09-06T13:52:37.347Z,Stoney Trail,NB Stoney Tr: Peigan Tr SE to Deerfoot Tr NE,15,2026-09-06T07:44:06.000
2026-09-06T13:52:37.347Z,Stoney Trail,NB Stoney Tr: Peigan Tr SE to McKnight Blvd NE,6,2026-09-06T07:44:06.000
2026-09-06T13:52:37.347Z,Stoney Trail,SB Deerfoot Tr: Balzac  to Stoney Tr SE via Stoney Tr,26,2026-09-06T07:44:06.000
2026-09-06T13:52:37.347Z,Stoney Trail,SB Stoney Tr: Mcknight Blvd NE to Deerfoot Tr S,15,2026-09-06T07:44:06.000
2026-09-06T13:52:37.347Z,Stoney Trail,SB Stoney Tr: Mcknight Blvd NE to Glenmore Tr SE,8,2026-09-06T07:44:06.000
2026-09-06T13:52:37.347Z,Stoney Trail,SB Stoney Tr: Peigan Tr SE to 52 St SE,8,2026-09-06T07:44:06.000
2026-09-06T13:52:37.347Z,Stoney Trail,SB Stoney Tr: Peigan Tr SE to Macleod Tr SE,14,2026-09-06T07:44:06.000
2026-09-06T13:52:37.347Z,Stoney Trail,WB Stoney Tr: 52 St SE to James Mckevitt Rd SW,8,2026-09-06T07:44:06.000
2026-09-06T13:52:37.347Z,Stoney Trail,WB Stoney Tr: 52 St SE to Macleod Tr SE,5,2026-09-06T07:44:06.000
2026-09-06T13:52:37.347Z,Stoney Trail,WB Stoney Tr: Country Hills Blvd NW to 16 Ave NW,5,2026-09-06T07:44:06.000
2026-09-06T13:52:37.347Z,Stoney Trail,WB Stoney Tr: Deerfoot Tr NW to 16 Ave NW,13,2026-09-06T07:44:06.000
2026-09-06T13:52:37.347Z,Stoney Trail,WB Stoney Tr: Deerfoot Tr NW to Crowchild Tr NW,9,2026-09-06T07:44:06.000
2026-09-06T13:52:37.347Z,Trans Canada Highway,WB Trans Canada Hwy: Hwy 22 to Banff,52,2026-09-06T07:44:06.000
2026-09-06T13:52:37.347Z,Trans Canada Highway,WB Trans Canada Hwy: Hwy 22 to Kananaskis Village,43,2026-09-06T07:44:06.000
2026-09-06T16:38:12.993Z,16 Avenue,WB 16 Ave: Stoney Tr NE to Valley Ridge Bv NW via 16 Ave,31,2026-09-06T10:24:06.000
2026-09-06T16:38:12.993Z,16 Avenue,WB 16 Ave: Stoney Tr NE to Valley Ridge Bv Via Stoney Tr,27,2026-09-06T10:24:06.000
2026-09-06T16:38:12.993Z,Crowchild Trail,NB Crowchild Tr: 50 Ave SW to 24 Ave NW,8,2026-09-06T10:24:06.000
2026-09-06T16:38:12.993Z,Crowchild Trail,NB Crowchild Tr: 50 Ave SW to Memorial Dr NW,4,2026-09-06T10:24:06.000
2026-09-06T16:38:12.993Z,Crowchild Trail,NB Crowchild Tr: Glenmore Tr SW to 24 Ave NW,10,2026-09-06T10:24:06.000
2026-09-06T16:38:12.993Z,Crowchild Trail,SB Crowchild Tr: 12 Mile Coulee Rd NW to Glenmore Tr SW,17,2026-09-06T10:24:06.000
2026-09-06T16:38:12.993Z,Crowchild Trail,SB Crowchild Tr: 12 Mile Coulee Rd NW to Memorial Dr NW,12,2026-09-06T10:24:06.000
2026-09-06T16:38:12.993Z,Crowchild Trail,SB Crowchild Tr: 24 Ave NW to 17 Ave SW,5,2026-09-06T10:24:06.000
2026-09-06T16:38:12.993Z,Crowchild Trail,SB Crowchild Tr: 24 Ave NW to Glenmore Tr SW,9,2026-09-06T10:24:06.000
2026-09-06T16:38:12.993Z,Crowchild Trail,SB Crowchild Tr: 33 Ave SW to Deerfoot Tr SE,8,2026-09-06T10:24:06.000
2026-09-06T16:38:12.993Z,Crowchild Trail,SB Crowchild Tr: 33 Ave SW to Glenmore Tr SW,4,2026-09-06T10:24:06.000
2026-09-06T16:38:12.993Z,Deerfoot Trail,NB Deerfoot Tr: 17 Ave SE to Airport Tr NE,9,2026-09-06T10:24:06.000
2026-09-06T16:38:12.993Z,Deerfoot Trail,NB Deerfoot Tr: 17 Ave SE to Stoney Tr NE,11,2026-09-06T10:24:06.000
2026-09-06T16:38:12.993Z,Deerfoot Trail,NB Deerfoot Tr: 274 Ave S to City Centre via Deerfoot Tr,29,2026-09-06T10:24:06.000
2026-09-06T16:38:12.993Z,Deerfoot Trail,NB Deerfoot Tr: 32 Ave NE to Airport Tr NE,4,2026-09-06T10:24:06.000
2026-09-06T16:38:12.993Z,Deerfoot Trail,NB Deerfoot Tr: 32 Ave NE to Stoney Tr NE,7,2026-09-06T10:24:06.000
2026-09-06T16:38:12.993Z,Deerfoot Trail,NB Deerfoot Tr: 8 Ave NE to Airport Tr NE,6,2026-09-06T10:24:06.000
2026-09-06T16:38:12.993Z,Deerfoot Trail,NB Deerfoot Tr: 8 Ave NE to Stoney Tr NE,9,2026-09-06T10:24:06.000
2026-09-06T16:38:12.993Z,Deerfoot Trail,NB Deerfoot Tr: Anderson Rd SE to Airport Tr NE,16,2026-09-06T10:24:06.000
2026-09-06T16:38:12.993Z,Deerfoot Trail,NB Deerfoot Tr: Anderson Rd SE to Memorial Dr SE,10,2026-09-06T10:24:06.000
2026-09-06T16:38:12.993Z,Deerfoot Trail,NB Deerfoot Tr: Cranston Ave SE to Memorial Dr SE,18,2026-09-06T10:24:06.000
2026-09-06T16:38:12.993Z,Deerfoot Trail,NB Deerfoot Tr: Cranston Ave SE to Southland Dr SE,10,2026-09-06T10:24:06.000
2026-09-06T16:38:12.993Z,Deerfoot Trail,NB Deerfoot Tr: Glenmore Tr SE to Airport Tr NE,11,2026-09-06T10:24:06.000
2026-09-06T16:38:12.993Z,Deerfoot Trail,NB Deerfoot Tr: Glenmore Tr SE to Memorial Dr SE,5,2026-09-06T10:24:06.000
2026-09-06T16:38:12.993Z,Deerfoot Trail,NB Deerfoot Tr: Glenmore Tr SE to Stoney Tr NE,14,2026-09-06T10:24:06.000
2026-09-06T16:38:12.993Z,Deerfoot Trail,SB Deerfoot Tr: 17 Ave SE to Anderson Rd SE,8,2026-09-06T10:24:06.000
2026-09-06T16:38:12.993Z,Deerfoot Trail,SB Deerfoot Tr: 17 Ave SE to Stoney Tr SE,13,2026-09-06T10:24:06.000
2026-09-06T16:38:12.993Z,Deerfoot Trail,SB Deerfoot Tr: 64 Ave NE to Anderson Rd SE,14,2026-09-06T10:24:06.000
2026-09-06T16:38:12.993Z,Deerfoot Trail,SB Deerfoot Tr: 64 Ave NE to Memorial Dr SE,5,2026-09-06T10:24:06.000
2026-09-06T16:38:12.993Z,Deerfoot Trail,SB Deerfoot Tr: 8 Ave SE to Glenmore Tr SE,6,2026-09-06T10:24:06.000
2026-09-06T16:38:12.993Z,Deerfoot Trail,SB Deerfoot Tr: 8 Ave SE to Stoney Tr SE,15,2026-09-06T10:24:06.000
2026-09-06T16:38:12.993Z,Deerfoot Trail,SB Deerfoot Tr: Airport Tr NE to Anderson Rd SE,16,2026-09-06T10:24:06.000
2026-09-06T16:38:12.993Z,Deerfoot Trail,SB Deerfoot Tr: Airport Tr NE to Memorial Dr SE,7,2026-09-06T10:24:06.000
2026-09-06T16:38:12.993Z,Deerfoot Trail,SB Deerfoot Tr: Balzac  to Stoney Tr SE via Deerfoot Tr,25,2026-09-06T10:24:06.000
2026-09-06T16:38:12.993Z,Deerfoot Trail,SB Deerfoot Tr: Peigan Tr SE to Anderson Rd SE,7,2026-09-06T10:24:06.000
2026-09-06T16:38:12.993Z,Deerfoot Trail,SB Deerfoot Tr: Peigan Tr SE to Stoney Tr SE,12,2026-09-06T10:24:06.000
2026-09-06T16:38:12.993Z,Glenmore Trail,EB Glenmore Tr: Crowchild Tr SW to Deerfoot Tr SE,6,2026-09-06T10:24:06.000
2026-09-06T16:38:12.993Z,Glenmore Trail,WB Glenmore Tr: Odgen Rd SE to Bow Trail SW,11,2026-09-06T10:24:06.000
2026-09-06T16:38:12.993Z,Glenmore Trail,WB Glenmore Tr: Odgen Rd SE to Crowchild Tr SW,8,2026-09-06T10:24:06.000
2026-09-06T16:38:12.993Z,Macleod Trail,NB Macleod Tr: 274 Ave S to City Centre via Macleod Tr,29,2026-09-06T10:24:06.000
2026-09-06T16:38:12.993Z,Macleod Trail,NB Macleod Tr: Anderson Rd SE to 7 Av SE,15,2026-09-06T10:24:06.000
2026-09-06T16:38:12.993Z,Macleod Trail,NB Macleod Tr: Anderson Rd SE to Blackfoot Tr SW,24,2026-09-06T10:24:06.000
2026-09-06T16:38:12.993Z,Macleod Trail,NB Macleod Tr: Anderson Rd SE to Crowchild Tr SW,10,2026-09-06T10:24:06.000
2026-09-06T16:38:12.993Z,Macleod Trail,NB Macleod Tr: N of 25 Ave S to City Centre,3,2026-09-06T10:24:06.000
2026-09-06T16:38:12.993Z,Stoney Trail,EB Stoney Tr: Chaparral Blvd SE to 16 Ave NE,16,2026-09-06T10:24:06.000
2026-09-06T16:38:12.993Z,Stoney Trail,EB Stoney Tr: Chaparral Blvd SE to Glenmore Tr SE,10,2026-09-06T10:24:06.000
2026-09-06T16:38:12.993Z,Stoney Trail,EB Stoney Tr: Harvest Hills Blvd NW to 16 Ave NE,14,2026-09-06T10:24:06.000
2026-09-06T16:38:12.993Z,Stoney Trail,EB Stoney Tr: Harvest Hills Blvd NW to Glenmore Tr SE,19,2026-09-06T10:24:06.000
2026-09-06T16:38:12.993Z,Stoney Trail,EB Stoney W : Sarcee Tr NW to 16 Ave NE,18,2026-09-06T10:24:06.000
2026-09-06T16:38:12.993Z,Stoney Trail,EB Stoney W : Sarcee Tr NW to Deerfoot Tr N,8,2026-09-06T10:24:06.000
2026-09-06T16:38:12.993Z,Stoney Trail,NB Stoney Tr: 114 Ave SE to 16 Ave NE,8,2026-09-06T10:24:06.000
2026-09-06T16:38:12.993Z,Stoney Trail,NB Stoney Tr: 114 Ave SE to Deerfoot Tr NE,19,2026-09-06T10:24:06.000
2026-09-06T16:38:12.993Z,Stoney Trail,NB Stoney Tr: McKnight Blvd NE to Crowchild Tr NW,21,2026-09-06T10:24:06.000
2026-09-06T16:38:12.993Z,Stoney Trail,NB Stoney Tr: McKnight Blvd NE to Deerfoot Tr N,9,2026-09-06T10:24:06.000
2026-09-06T16:38:12.993Z,Stoney Trail,NB Stoney Tr: Peigan Tr SE to Deerfoot Tr NE,15,2026-09-06T10:24:06.000
2026-09-06T16:38:12.993Z,Stoney Trail,NB Stoney Tr: Peigan Tr SE to McKnight Blvd NE,6,2026-09-06T10:24:06.000
2026-09-06T16:38:12.993Z,Stoney Trail,SB Deerfoot Tr: Balzac  to Stoney Tr SE via Stoney Tr,26,2026-09-06T10:24:06.000
2026-09-06T16:38:12.993Z,Stoney Trail,SB Stoney Tr: Mcknight Blvd NE to Deerfoot Tr S,15,2026-09-06T10:24:06.000
2026-09-06T16:38:12.993Z,Stoney Trail,SB Stoney Tr: Mcknight Blvd NE to Glenmore Tr SE,8,2026-09-06T10:24:06.000
2026-09-06T16:38:12.993Z,Stoney Trail,SB Stoney Tr: Peigan Tr SE to 52 St SE,9,2026-09-06T10:24:06.000
2026-09-06T16:38:12.993Z,Stoney Trail,SB Stoney Tr: Peigan Tr SE to Macleod Tr SE,14,2026-09-06T10:24:06.000
2026-09-06T16:38:12.993Z,Stoney Trail,WB Stoney Tr: 52 St SE to James Mckevitt Rd SW,7,2026-09-06T10:24:06.000
2026-09-06T16:38:12.993Z,Stoney Trail,WB Stoney Tr: 52 St SE to Macleod Tr SE,5,2026-09-06T10:24:06.000
2026-09-06T16:38:12.993Z,Stoney Trail,WB Stoney Tr: Country Hills Blvd NW to 16 Ave NW,5,2026-09-06T10:24:06.000
2026-09-06T16:38:12.993Z,Stoney Trail,WB Stoney Tr: Deerfoot Tr NW to 16 Ave NW,13,2026-09-06T10:24:06.000
2026-09-06T16:38:12.993Z,Stoney Trail,WB Stoney Tr: Deerfoot Tr NW to Crowchild Tr NW,10,2026-09-06T10:24:06.000
2026-09-06T16:38:12.993Z,Trans Canada Highway,WB Trans Canada Hwy: Hwy 22 to Banff,54,2026-09-06T10:24:06.000
2026-09-06T16:38:12.993Z,Trans Canada Highway,WB Trans Canada Hwy: Hwy 22 to Kananaskis Village,44,2026-09-06T10:24:06.000
2026-09-06T18:37:17.904Z,16 Avenue,WB 16 Ave: Stoney Tr NE to Valley Ridge Bv NW via 16 Ave,32,2026-09-06T12:24:06.000
2026-09-06T18:37:17.904Z,16 Avenue,WB 16 Ave: Stoney Tr NE to Valley Ridge Bv Via Stoney Tr,27,2026-09-06T12:24:06.000
2026-09-06T18:37:17.904Z,Crowchild Trail,NB Crowchild Tr: 50 Ave SW to 24 Ave NW,8,2026-09-06T12:24:06.000
2026-09-06T18:37:17.904Z,Crowchild Trail,NB Crowchild Tr: 50 Ave SW to Memorial Dr NW,4,2026-09-06T12:24:06.000
2026-09-06T18:37:17.904Z,Crowchild Trail,NB Crowchild Tr: Glenmore Tr SW to 24 Ave NW,9,2026-09-06T12:24:06.000
2026-09-06T18:37:17.904Z,Crowchild Trail,SB Crowchild Tr: 12 Mile Coulee Rd NW to Glenmore Tr SW,16,2026-09-06T12:24:06.000
2026-09-06T18:37:17.904Z,Crowchild Trail,SB Crowchild Tr: 12 Mile Coulee Rd NW to Memorial Dr NW,12,2026-09-06T12:24:06.000
2026-09-06T18:37:17.904Z,Crowchild Trail,SB Crowchild Tr: 24 Ave NW to 17 Ave SW,5,2026-09-06T12:24:06.000
2026-09-06T18:37:17.904Z,Crowchild Trail,SB Crowchild Tr: 24 Ave NW to Glenmore Tr SW,10,2026-09-06T12:24:06.000
2026-09-06T18:37:17.904Z,Crowchild Trail,SB Crowchild Tr: 33 Ave SW to Deerfoot Tr SE,8,2026-09-06T12:24:06.000
2026-09-06T18:37:17.904Z,Crowchild Trail,SB Crowchild Tr: 33 Ave SW to Glenmore Tr SW,4,2026-09-06T12:24:06.000
2026-09-06T18:37:17.904Z,Deerfoot Trail,NB Deerfoot Tr: 17 Ave SE to Airport Tr NE,9,2026-09-06T12:24:06.000
2026-09-06T18:37:17.904Z,Deerfoot Trail,NB Deerfoot Tr: 17 Ave SE to Stoney Tr NE,11,2026-09-06T12:24:06.000
2026-09-06T18:37:17.904Z,Deerfoot Trail,NB Deerfoot Tr: 274 Ave S to City Centre via Deerfoot Tr,29,2026-09-06T12:24:06.000
2026-09-06T18:37:17.904Z,Deerfoot Trail,NB Deerfoot Tr: 32 Ave NE to Airport Tr NE,4,2026-09-06T12:24:06.000
2026-09-06T18:37:17.904Z,Deerfoot Trail,NB Deerfoot Tr: 32 Ave NE to Stoney Tr NE,7,2026-09-06T12:24:06.000
2026-09-06T18:37:17.904Z,Deerfoot Trail,NB Deerfoot Tr: 8 Ave NE to Airport Tr NE,7,2026-09-06T12:24:06.000
2026-09-06T18:37:17.904Z,Deerfoot Trail,NB Deerfoot Tr: 8 Ave NE to Stoney Tr NE,9,2026-09-06T12:24:06.000
2026-09-06T18:37:17.904Z,Deerfoot Trail,NB Deerfoot Tr: Anderson Rd SE to Airport Tr NE,16,2026-09-06T12:24:06.000
2026-09-06T18:37:17.904Z,Deerfoot Trail,NB Deerfoot Tr: Anderson Rd SE to Memorial Dr SE,10,2026-09-06T12:24:06.000
2026-09-06T18:37:17.904Z,Deerfoot Trail,NB Deerfoot Tr: Cranston Ave SE to Memorial Dr SE,18,2026-09-06T12:24:06.000
2026-09-06T18:37:17.904Z,Deerfoot Trail,NB Deerfoot Tr: Cranston Ave SE to Southland Dr SE,10,2026-09-06T12:24:06.000
2026-09-06T18:37:17.904Z,Deerfoot Trail,NB Deerfoot Tr: Glenmore Tr SE to Airport Tr NE,11,2026-09-06T12:24:06.000
2026-09-06T18:37:17.904Z,Deerfoot Trail,NB Deerfoot Tr: Glenmore Tr SE to Memorial Dr SE,5,2026-09-06T12:24:06.000
2026-09-06T18:37:17.904Z,Deerfoot Trail,NB Deerfoot Tr: Glenmore Tr SE to Stoney Tr NE,14,2026-09-06T12:24:06.000
2026-09-06T18:37:17.904Z,Deerfoot Trail,SB Deerfoot Tr: 17 Ave SE to Anderson Rd SE,9,2026-09-06T12:24:06.000
2026-09-06T18:37:17.904Z,Deerfoot Trail,SB Deerfoot Tr: 17 Ave SE to Stoney Tr SE,13,2026-09-06T12:24:06.000
2026-09-06T18:37:17.904Z,Deerfoot Trail,SB Deerfoot Tr: 64 Ave NE to Anderson Rd SE,14,2026-09-06T12:24:06.000
2026-09-06T18:37:17.904Z,Deerfoot Trail,SB Deerfoot Tr: 64 Ave NE to Memorial Dr SE,5,2026-09-06T12:24:06.000
2026-09-06T18:37:17.904Z,Deerfoot Trail,SB Deerfoot Tr: 8 Ave SE to Glenmore Tr SE,6,2026-09-06T12:24:06.000
2026-09-06T18:37:17.904Z,Deerfoot Trail,SB Deerfoot Tr: 8 Ave SE to Stoney Tr SE,15,2026-09-06T12:24:06.000
2026-09-06T18:37:17.904Z,Deerfoot Trail,SB Deerfoot Tr: Airport Tr NE to Anderson Rd SE,16,2026-09-06T12:24:06.000
2026-09-06T18:37:17.904Z,Deerfoot Trail,SB Deerfoot Tr: Airport Tr NE to Memorial Dr SE,7,2026-09-06T12:24:06.000
2026-09-06T18:37:17.904Z,Deerfoot Trail,SB Deerfoot Tr: Balzac  to Stoney Tr SE via Deerfoot Tr,24,2026-09-06T12:24:06.000
2026-09-06T18:37:17.904Z,Deerfoot Trail,SB Deerfoot Tr: Peigan Tr SE to Anderson Rd SE,7,2026-09-06T12:24:06.000
2026-09-06T18:37:17.904Z,Deerfoot Trail,SB Deerfoot Tr: Peigan Tr SE to Stoney Tr SE,12,2026-09-06T12:24:06.000
2026-09-06T18:37:17.904Z,Glenmore Trail,EB Glenmore Tr: Crowchild Tr SW to Deerfoot Tr SE,6,2026-09-06T12:24:06.000
2026-09-06T18:37:17.904Z,Glenmore Trail,WB Glenmore Tr: Odgen Rd SE to Bow Trail SW,11,2026-09-06T12:24:06.000
2026-09-06T18:37:17.904Z,Glenmore Trail,WB Glenmore Tr: Odgen Rd SE to Crowchild Tr SW,7,2026-09-06T12:24:06.000
2026-09-06T18:37:17.904Z,Macleod Trail,NB Macleod Tr: 274 Ave S to City Centre via Macleod Tr,32,2026-09-06T12:24:06.000
2026-09-06T18:37:17.904Z,Macleod Trail,NB Macleod Tr: Anderson Rd SE to 7 Av SE,18,2026-09-06T12:24:06.000
2026-09-06T18:37:17.904Z,Macleod Trail,NB Macleod Tr: Anderson Rd SE to Blackfoot Tr SW,27,2026-09-06T12:24:06.000
2026-09-06T18:37:17.904Z,Macleod Trail,NB Macleod Tr: Anderson Rd SE to Crowchild Tr SW,12,2026-09-06T12:24:06.000
2026-09-06T18:37:17.904Z,Macleod Trail,NB Macleod Tr: N of 25 Ave S to City Centre,3,2026-09-06T12:24:06.000
2026-09-06T18:37:17.904Z,Stoney Trail,EB Stoney Tr: Chaparral Blvd SE to 16 Ave NE,15,2026-09-06T12:24:06.000
2026-09-06T18:37:17.904Z,Stoney Trail,EB Stoney Tr: Chaparral Blvd SE to Glenmore Tr SE,10,2026-09-06T12:24:06.000
2026-09-06T18:37:17.904Z,Stoney Trail,EB Stoney Tr: Harvest Hills Blvd NW to 16 Ave NE,14,2026-09-06T12:24:06.000
2026-09-06T18:37:17.904Z,Stoney Trail,EB Stoney Tr: Harvest Hills Blvd NW to Glenmore Tr SE,19,2026-09-06T12:24:06.000
2026-09-06T18:37:17.904Z,Stoney Trail,EB Stoney W : Sarcee Tr NW to 16 Ave NE,18,2026-09-06T12:24:06.000
2026-09-06T18:37:17.904Z,Stoney Trail,EB Stoney W : Sarcee Tr NW to Deerfoot Tr N,8,2026-09-06T12:24:06.000
2026-09-06T18:37:17.904Z,Stoney Trail,NB Stoney Tr: 114 Ave SE to 16 Ave NE,8,2026-09-06T12:24:06.000
2026-09-06T18:37:17.904Z,Stoney Trail,NB Stoney Tr: 114 Ave SE to Deerfoot Tr NE,19,2026-09-06T12:24:06.000
2026-09-06T18:37:17.904Z,Stoney Trail,NB Stoney Tr: McKnight Blvd NE to Crowchild Tr NW,20,2026-09-06T12:24:06.000
2026-09-06T18:37:17.904Z,Stoney Trail,NB Stoney Tr: McKnight Blvd NE to Deerfoot Tr N,9,2026-09-06T12:24:06.000
2026-09-06T18:37:17.904Z,Stoney Trail,NB Stoney Tr: Peigan Tr SE to Deerfoot Tr NE,15,2026-09-06T12:24:06.000
2026-09-06T18:37:17.904Z,Stoney Trail,NB Stoney Tr: Peigan Tr SE to McKnight Blvd NE,6,2026-09-06T12:24:06.000
2026-09-06T18:37:17.904Z,Stoney Trail,SB Deerfoot Tr: Balzac  to Stoney Tr SE via Stoney Tr,25,2026-09-06T12:24:06.000
2026-09-06T18:37:17.904Z,Stoney Trail,SB Stoney Tr: Mcknight Blvd NE to Deerfoot Tr S,14,2026-09-06T12:24:06.000
2026-09-06T18:37:17.904Z,Stoney Trail,SB Stoney Tr: Mcknight Blvd NE to Glenmore Tr SE,7,2026-09-06T12:24:06.000
2026-09-06T18:37:17.904Z,Stoney Trail,SB Stoney Tr: Peigan Tr SE to 52 St SE,8,2026-09-06T12:24:06.000
2026-09-06T18:37:17.904Z,Stoney Trail,SB Stoney Tr: Peigan Tr SE to Macleod Tr SE,13,2026-09-06T12:24:06.000
2026-09-06T18:37:17.904Z,Stoney Trail,WB Stoney Tr: 52 St SE to James Mckevitt Rd SW,7,2026-09-06T12:24:06.000
2026-09-06T18:37:17.904Z,Stoney Trail,WB Stoney Tr: 52 St SE to Macleod Tr SE,5,2026-09-06T12:24:06.000
2026-09-06T18:37:17.904Z,Stoney Trail,WB Stoney Tr: Country Hills Blvd NW to 16 Ave NW,5,2026-09-06T12:24:06.000
2026-09-06T18:37:17.904Z,Stoney Trail,WB Stoney Tr: Deerfoot Tr NW to 16 Ave NW,13,2026-09-06T12:24:06.000
2026-09-06T18:37:17.904Z,Stoney Trail,WB Stoney Tr: Deerfoot Tr NW to Crowchild Tr NW,9,2026-09-06T12:24:06.000
2026-09-06T18:37:17.904Z,Trans Canada Highway,WB Trans Canada Hwy: Hwy 22 to Banff,53,2026-09-06T12:24:06.000
2026-09-06T18:37:17.904Z,Trans Canada Highway,WB Trans Canada Hwy: Hwy 22 to Kananaskis Village,46,2026-09-06T12:24:06.000
2026-09-06T20:47:56.255Z,16 Avenue,WB 16 Ave: Stoney Tr NE to Valley Ridge Bv NW via 16 Ave,32,2026-09-06T14:24:06.000
2026-09-06T20:47:56.255Z,16 Avenue,WB 16 Ave: Stoney Tr NE to Valley Ridge Bv Via Stoney Tr,27,2026-09-06T14:24:06.000
2026-09-06T20:47:56.255Z,Crowchild Trail,NB Crowchild Tr: 50 Ave SW to 24 Ave NW,8,2026-09-06T14:24:06.000
2026-09-06T20:47:56.255Z,Crowchild Trail,NB Crowchild Tr: 50 Ave SW to Memorial Dr NW,4,2026-09-06T14:24:06.000
2026-09-06T20:47:56.255Z,Crowchild Trail,NB Crowchild Tr: Glenmore Tr SW to 24 Ave NW,10,2026-09-06T14:24:06.000
2026-09-06T20:47:56.255Z,Crowchild Trail,SB Crowchild Tr: 12 Mile Coulee Rd NW to Glenmore Tr SW,17,2026-09-06T14:24:06.000
2026-09-06T20:47:56.255Z,Crowchild Trail,SB Crowchild Tr: 12 Mile Coulee Rd NW to Memorial Dr NW,12,2026-09-06T14:24:06.000
2026-09-06T20:47:56.255Z,Crowchild Trail,SB Crowchild Tr: 24 Ave NW to 17 Ave SW,5,2026-09-06T14:24:06.000
2026-09-06T20:47:56.255Z,Crowchild Trail,SB Crowchild Tr: 24 Ave NW to Glenmore Tr SW,9,2026-09-06T14:24:06.000
2026-09-06T20:47:56.255Z,Crowchild Trail,SB Crowchild Tr: 33 Ave SW to Deerfoot Tr SE,8,2026-09-06T14:24:06.000
2026-09-06T20:47:56.255Z,Crowchild Trail,SB Crowchild Tr: 33 Ave SW to Glenmore Tr SW,4,2026-09-06T14:24:06.000
2026-09-06T20:47:56.255Z,Deerfoot Trail,NB Deerfoot Tr: 17 Ave SE to Airport Tr NE,9,2026-09-06T14:24:06.000
2026-09-06T20:47:56.255Z,Deerfoot Trail,NB Deerfoot Tr: 17 Ave SE to Stoney Tr NE,12,2026-09-06T14:24:06.000
2026-09-06T20:47:56.255Z,Deerfoot Trail,NB Deerfoot Tr: 274 Ave S to City Centre via Deerfoot Tr,29,2026-09-06T14:24:06.000
2026-09-06T20:47:56.255Z,Deerfoot Trail,NB Deerfoot Tr: 32 Ave NE to Airport Tr NE,4,2026-09-06T14:24:06.000
2026-09-06T20:47:56.255Z,Deerfoot Trail,NB Deerfoot Tr: 32 Ave NE to Stoney Tr NE,7,2026-09-06T14:24:06.000
2026-09-06T20:47:56.255Z,Deerfoot Trail,NB Deerfoot Tr: 8 Ave NE to Airport Tr NE,6,2026-09-06T14:24:06.000
2026-09-06T20:47:56.255Z,Deerfoot Trail,NB Deerfoot Tr: 8 Ave NE to Stoney Tr NE,9,2026-09-06T14:24:06.000
2026-09-06T20:47:56.255Z,Deerfoot Trail,NB Deerfoot Tr: Anderson Rd SE to Airport Tr NE,16,2026-09-06T14:24:06.000
2026-09-06T20:47:56.255Z,Deerfoot Trail,NB Deerfoot Tr: Anderson Rd SE to Memorial Dr SE,10,2026-09-06T14:24:06.000
2026-09-06T20:47:56.255Z,Deerfoot Trail,NB Deerfoot Tr: Cranston Ave SE to Memorial Dr SE,18,2026-09-06T14:24:06.000
2026-09-06T20:47:56.255Z,Deerfoot Trail,NB Deerfoot Tr: Cranston Ave SE to Southland Dr SE,10,2026-09-06T14:24:06.000
2026-09-06T20:47:56.255Z,Deerfoot Trail,NB Deerfoot Tr: Glenmore Tr SE to Airport Tr NE,11,2026-09-06T14:24:06.000
2026-09-06T20:47:56.255Z,Deerfoot Trail,NB Deerfoot Tr: Glenmore Tr SE to Memorial Dr SE,5,2026-09-06T14:24:06.000
2026-09-06T20:47:56.255Z,Deerfoot Trail,NB Deerfoot Tr: Glenmore Tr SE to Stoney Tr NE,14,2026-09-06T14:24:06.000
2026-09-06T20:47:56.255Z,Deerfoot Trail,SB Deerfoot Tr: 17 Ave SE to Anderson Rd SE,9,2026-09-06T14:24:06.000
2026-09-06T20:47:56.255Z,Deerfoot Trail,SB Deerfoot Tr: 17 Ave SE to Stoney Tr SE,14,2026-09-06T14:24:06.000
2026-09-06T20:47:56.255Z,Deerfoot Trail,SB Deerfoot Tr: 64 Ave NE to Anderson Rd SE,15,2026-09-06T14:24:06.000
2026-09-06T20:47:56.255Z,Deerfoot Trail,SB Deerfoot Tr: 64 Ave NE to Memorial Dr SE,5,2026-09-06T14:24:06.000
2026-09-06T20:47:56.255Z,Deerfoot Trail,SB Deerfoot Tr: 8 Ave SE to Glenmore Tr SE,7,2026-09-06T14:24:06.000
2026-09-06T20:47:56.255Z,Deerfoot Trail,SB Deerfoot Tr: 8 Ave SE to Stoney Tr SE,15,2026-09-06T14:24:06.000
2026-09-06T20:47:56.255Z,Deerfoot Trail,SB Deerfoot Tr: Airport Tr NE to Anderson Rd SE,17,2026-09-06T14:24:06.000
2026-09-06T20:47:56.255Z,Deerfoot Trail,SB Deerfoot Tr: Airport Tr NE to Memorial Dr SE,7,2026-09-06T14:24:06.000
2026-09-06T20:47:56.255Z,Deerfoot Trail,SB Deerfoot Tr: Balzac  to Stoney Tr SE via Deerfoot Tr,25,2026-09-06T14:24:06.000
2026-09-06T20:47:56.255Z,Deerfoot Trail,SB Deerfoot Tr: Peigan Tr SE to Anderson Rd SE,8,2026-09-06T14:24:06.000
2026-09-06T20:47:56.255Z,Deerfoot Trail,SB Deerfoot Tr: Peigan Tr SE to Stoney Tr SE,12,2026-09-06T14:24:06.000
2026-09-06T20:47:56.255Z,Glenmore Trail,EB Glenmore Tr: Crowchild Tr SW to Deerfoot Tr SE,6,2026-09-06T14:24:06.000
2026-09-06T20:47:56.255Z,Glenmore Trail,WB Glenmore Tr: Odgen Rd SE to Bow Trail SW,11,2026-09-06T14:24:06.000
2026-09-06T20:47:56.255Z,Glenmore Trail,WB Glenmore Tr: Odgen Rd SE to Crowchild Tr SW,8,2026-09-06T14:24:06.000
2026-09-06T20:47:56.255Z,Macleod Trail,NB Macleod Tr: 274 Ave S to City Centre via Macleod Tr,32,2026-09-06T14:24:06.000
2026-09-06T20:47:56.255Z,Macleod Trail,NB Macleod Tr: Anderson Rd SE to 7 Av SE,19,2026-09-06T14:24:06.000
2026-09-06T20:47:56.255Z,Macleod Trail,NB Macleod Tr: Anderson Rd SE to Blackfoot Tr SW,27,2026-09-06T14:24:06.000
2026-09-06T20:47:56.255Z,Macleod Trail,NB Macleod Tr: Anderson Rd SE to Crowchild Tr SW,11,2026-09-06T14:24:06.000
2026-09-06T20:47:56.255Z,Macleod Trail,NB Macleod Tr: N of 25 Ave S to City Centre,3,2026-09-06T14:24:06.000
2026-09-06T20:47:56.255Z,Stoney Trail,EB Stoney Tr: Chaparral Blvd SE to 16 Ave NE,15,2026-09-06T14:24:06.000
2026-09-06T20:47:56.255Z,Stoney Trail,EB Stoney Tr: Chaparral Blvd SE to Glenmore Tr SE,10,2026-09-06T14:24:06.000
2026-09-06T20:47:56.255Z,Stoney Trail,EB Stoney Tr: Harvest Hills Blvd NW to 16 Ave NE,14,2026-09-06T14:24:06.000
2026-09-06T20:47:56.255Z,Stoney Trail,EB Stoney Tr: Harvest Hills Blvd NW to Glenmore Tr SE,19,2026-09-06T14:24:06.000
2026-09-06T20:47:56.255Z,Stoney Trail,EB Stoney W : Sarcee Tr NW to 16 Ave NE,18,2026-09-06T14:24:06.000
2026-09-06T20:47:56.255Z,Stoney Trail,EB Stoney W : Sarcee Tr NW to Deerfoot Tr N,7,2026-09-06T14:24:06.000
2026-09-06T20:47:56.255Z,Stoney Trail,NB Stoney Tr: 114 Ave SE to 16 Ave NE,8,2026-09-06T14:24:06.000
2026-09-06T20:47:56.255Z,Stoney Trail,NB Stoney Tr: 114 Ave SE to Deerfoot Tr NE,19,2026-09-06T14:24:06.000
2026-09-06T20:47:56.255Z,Stoney Trail,NB Stoney Tr: McKnight Blvd NE to Crowchild Tr NW,20,2026-09-06T14:24:06.000
2026-09-06T20:47:56.255Z,Stoney Trail,NB Stoney Tr: McKnight Blvd NE to Deerfoot Tr N,9,2026-09-06T14:24:06.000
2026-09-06T20:47:56.255Z,Stoney Trail,NB Stoney Tr: Peigan Tr SE to Deerfoot Tr NE,15,2026-09-06T14:24:06.000
2026-09-06T20:47:56.255Z,Stoney Trail,NB Stoney Tr: Peigan Tr SE to McKnight Blvd NE,6,2026-09-06T14:24:06.000
2026-09-06T20:47:56.255Z,Stoney Trail,SB Deerfoot Tr: Balzac  to Stoney Tr SE via Stoney Tr,26,2026-09-06T14:24:06.000
2026-09-06T20:47:56.255Z,Stoney Trail,SB Stoney Tr: Mcknight Blvd NE to Deerfoot Tr S,14,2026-09-06T14:24:06.000
2026-09-06T20:47:56.255Z,Stoney Trail,SB Stoney Tr: Mcknight Blvd NE to Glenmore Tr SE,8,2026-09-06T14:24:06.000
2026-09-06T20:47:56.255Z,Stoney Trail,SB Stoney Tr: Peigan Tr SE to 52 St SE,8,2026-09-06T14:24:06.000
2026-09-06T20:47:56.255Z,Stoney Trail,SB Stoney Tr: Peigan Tr SE to Macleod Tr SE,13,2026-09-06T14:24:06.000
2026-09-06T20:47:56.255Z,Stoney Trail,WB Stoney Tr: 52 St SE to James Mckevitt Rd SW,7,2026-09-06T14:24:06.000
2026-09-06T20:47:56.255Z,Stoney Trail,WB Stoney Tr: 52 St SE to Macleod Tr SE,5,2026-09-06T14:24:06.000
2026-09-06T20:47:56.255Z,Stoney Trail,WB Stoney Tr: Country Hills Blvd NW to 16 Ave NW,6,2026-09-06T14:24:06.000
2026-09-06T20:47:56.255Z,Stoney Trail,WB Stoney Tr: Deerfoot Tr NW to 16 Ave NW,14,2026-09-06T14:24:06.000
2026-09-06T20:47:56.255Z,Stoney Trail,WB Stoney Tr: Deerfoot Tr NW to Crowchild Tr NW,10,2026-09-06T14:24:06.000
2026-09-06T20:47:56.255Z,Trans Canada Highway,WB Trans Canada Hwy: Hwy 22 to Banff,53,2026-09-06T14:24:06.000
2026-09-06T20:47:56.255Z,Trans Canada Highway,WB Trans Canada Hwy: Hwy 22 to Kananaskis Village,44,2026-09-06T14:24:06.000
2026-09-06T22:37:11.105Z,16 Avenue,WB 16 Ave: Stoney Tr NE to Valley Ridge Bv NW via 16 Ave,32,2026-09-06T16:24:06.000
2026-09-06T22:37:11.105Z,16 Avenue,WB 16 Ave: Stoney Tr NE to Valley Ridge Bv Via Stoney Tr,26,2026-09-06T16:24:06.000
2026-09-06T22:37:11.105Z,Crowchild Trail,NB Crowchild Tr: 50 Ave SW to 24 Ave NW,7,2026-09-06T16:24:06.000
2026-09-06T22:37:11.105Z,Crowchild Trail,NB Crowchild Tr: 50 Ave SW to Memorial Dr NW,4,2026-09-06T16:24:06.000
2026-09-06T22:37:11.105Z,Crowchild Trail,NB Crowchild Tr: Glenmore Tr SW to 24 Ave NW,9,2026-09-06T16:24:06.000
2026-09-06T22:37:11.105Z,Crowchild Trail,SB Crowchild Tr: 12 Mile Coulee Rd NW to Glenmore Tr SW,16,2026-09-06T16:24:06.000
2026-09-06T22:37:11.105Z,Crowchild Trail,SB Crowchild Tr: 12 Mile Coulee Rd NW to Memorial Dr NW,11,2026-09-06T16:24:06.000
2026-09-06T22:37:11.105Z,Crowchild Trail,SB Crowchild Tr: 24 Ave NW to 17 Ave SW,5,2026-09-06T16:24:06.000
2026-09-06T22:37:11.105Z,Crowchild Trail,SB Crowchild Tr: 24 Ave NW to Glenmore Tr SW,9,2026-09-06T16:24:06.000
2026-09-06T22:37:11.105Z,Crowchild Trail,SB Crowchild Tr: 33 Ave SW to Deerfoot Tr SE,7,2026-09-06T16:24:06.000
2026-09-06T22:37:11.105Z,Crowchild Trail,SB Crowchild Tr: 33 Ave SW to Glenmore Tr SW,3,2026-09-06T16:24:06.000
2026-09-06T22:37:11.105Z,Deerfoot Trail,NB Deerfoot Tr: 17 Ave SE to Airport Tr NE,8,2026-09-06T16:24:06.000
2026-09-06T22:37:11.105Z,Deerfoot Trail,NB Deerfoot Tr: 17 Ave SE to Stoney Tr NE,11,2026-09-06T16:24:06.000
2026-09-06T22:37:11.105Z,Deerfoot Trail,NB Deerfoot Tr: 274 Ave S to City Centre via Deerfoot Tr,29,2026-09-06T16:24:06.000
2026-09-06T22:37:11.105Z,Deerfoot Trail,NB Deerfoot Tr: 32 Ave NE to Airport Tr NE,4,2026-09-06T16:24:06.000
2026-09-06T22:37:11.105Z,Deerfoot Trail,NB Deerfoot Tr: 32 Ave NE to Stoney Tr NE,7,2026-09-06T16:24:06.000
2026-09-06T22:37:11.105Z,Deerfoot Trail,NB Deerfoot Tr: 8 Ave NE to Airport Tr NE,6,2026-09-06T16:24:06.000
2026-09-06T22:37:11.105Z,Deerfoot Trail,NB Deerfoot Tr: 8 Ave NE to Stoney Tr NE,9,2026-09-06T16:24:06.000
2026-09-06T22:37:11.105Z,Deerfoot Trail,NB Deerfoot Tr: Anderson Rd SE to Airport Tr NE,15,2026-09-06T16:24:06.000
2026-09-06T22:37:11.105Z,Deerfoot Trail,NB Deerfoot Tr: Anderson Rd SE to Memorial Dr SE,9,2026-09-06T16:24:06.000
2026-09-06T22:37:11.105Z,Deerfoot Trail,NB Deerfoot Tr: Cranston Ave SE to Memorial Dr SE,17,2026-09-06T16:24:06.000
2026-09-06T22:37:11.105Z,Deerfoot Trail,NB Deerfoot Tr: Cranston Ave SE to Southland Dr SE,10,2026-09-06T16:24:06.000
2026-09-06T22:37:11.105Z,Deerfoot Trail,NB Deerfoot Tr: Glenmore Tr SE to Airport Tr NE,11,2026-09-06T16:24:06.000
2026-09-06T22:37:11.105Z,Deerfoot Trail,NB Deerfoot Tr: Glenmore Tr SE to Memorial Dr SE,5,2026-09-06T16:24:06.000
2026-09-06T22:37:11.105Z,Deerfoot Trail,NB Deerfoot Tr: Glenmore Tr SE to Stoney Tr NE,13,2026-09-06T16:24:06.000
2026-09-06T22:37:11.105Z,Deerfoot Trail,SB Deerfoot Tr: 17 Ave SE to Anderson Rd SE,8,2026-09-06T16:24:06.000
2026-09-06T22:37:11.105Z,Deerfoot Trail,SB Deerfoot Tr: 17 Ave SE to Stoney Tr SE,13,2026-09-06T16:24:06.000
2026-09-06T22:37:11.105Z,Deerfoot Trail,SB Deerfoot Tr: 64 Ave NE to Anderson Rd SE,13,2026-09-06T16:24:06.000
2026-09-06T22:37:11.105Z,Deerfoot Trail,SB Deerfoot Tr: 64 Ave NE to Memorial Dr SE,5,2026-09-06T16:24:06.000
2026-09-06T22:37:11.105Z,Deerfoot Trail,SB Deerfoot Tr: 8 Ave SE to Glenmore Tr SE,6,2026-09-06T16:24:06.000
2026-09-06T22:37:11.105Z,Deerfoot Trail,SB Deerfoot Tr: 8 Ave SE to Stoney Tr SE,14,2026-09-06T16:24:06.000
2026-09-06T22:37:11.105Z,Deerfoot Trail,SB Deerfoot Tr: Airport Tr NE to Anderson Rd SE,15,2026-09-06T16:24:06.000
2026-09-06T22:37:11.105Z,Deerfoot Trail,SB Deerfoot Tr: Airport Tr NE to Memorial Dr SE,7,2026-09-06T16:24:06.000
2026-09-06T22:37:11.105Z,Deerfoot Trail,SB Deerfoot Tr: Balzac  to Stoney Tr SE via Deerfoot Tr,24,2026-09-06T16:24:06.000
2026-09-06T22:37:11.105Z,Deerfoot Trail,SB Deerfoot Tr: Peigan Tr SE to Anderson Rd SE,7,2026-09-06T16:24:06.000
2026-09-06T22:37:11.105Z,Deerfoot Trail,SB Deerfoot Tr: Peigan Tr SE to Stoney Tr SE,12,2026-09-06T16:24:06.000
2026-09-06T22:37:11.105Z,Glenmore Trail,EB Glenmore Tr: Crowchild Tr SW to Deerfoot Tr SE,5,2026-09-06T16:24:06.000
2026-09-06T22:37:11.105Z,Glenmore Trail,WB Glenmore Tr: Odgen Rd SE to Bow Trail SW,11,2026-09-06T16:24:06.000
2026-09-06T22:37:11.105Z,Glenmore Trail,WB Glenmore Tr: Odgen Rd SE to Crowchild Tr SW,7,2026-09-06T16:24:06.000
2026-09-06T22:37:11.105Z,Macleod Trail,NB Macleod Tr: 274 Ave S to City Centre via Macleod Tr,30,2026-09-06T16:24:06.000
2026-09-06T22:37:11.105Z,Macleod Trail,NB Macleod Tr: Anderson Rd SE to 7 Av SE,17,2026-09-06T16:24:06.000
2026-09-06T22:37:11.105Z,Macleod Trail,NB Macleod Tr: Anderson Rd SE to Blackfoot Tr SW,26,2026-09-06T16:24:06.000
2026-09-06T22:37:11.105Z,Macleod Trail,NB Macleod Tr: Anderson Rd SE to Crowchild Tr SW,12,2026-09-06T16:24:06.000
2026-09-06T22:37:11.105Z,Macleod Trail,NB Macleod Tr: N of 25 Ave S to City Centre,3,2026-09-06T16:24:06.000
2026-09-06T22:37:11.105Z,Stoney Trail,EB Stoney Tr: Chaparral Blvd SE to 16 Ave NE,14,2026-09-06T16:24:06.000
2026-09-06T22:37:11.105Z,Stoney Trail,EB Stoney Tr: Chaparral Blvd SE to Glenmore Tr SE,9,2026-09-06T16:24:06.000
2026-09-06T22:37:11.105Z,Stoney Trail,EB Stoney Tr: Harvest Hills Blvd NW to 16 Ave NE,14,2026-09-06T16:24:06.000
2026-09-06T22:37:11.105Z,Stoney Trail,EB Stoney Tr: Harvest Hills Blvd NW to Glenmore Tr SE,19,2026-09-06T16:24:06.000
2026-09-06T22:37:11.105Z,Stoney Trail,EB Stoney W : Sarcee Tr NW to 16 Ave NE,18,2026-09-06T16:24:06.000
2026-09-06T22:37:11.105Z,Stoney Trail,EB Stoney W : Sarcee Tr NW to Deerfoot Tr N,8,2026-09-06T16:24:06.000
2026-09-06T22:37:11.105Z,Stoney Trail,NB Stoney Tr: 114 Ave SE to 16 Ave NE,7,2026-09-06T16:24:06.000
2026-09-06T22:37:11.105Z,Stoney Trail,NB Stoney Tr: 114 Ave SE to Deerfoot Tr NE,18,2026-09-06T16:24:06.000
2026-09-06T22:37:11.105Z,Stoney Trail,NB Stoney Tr: McKnight Blvd NE to Crowchild Tr NW,19,2026-09-06T16:24:06.000
2026-09-06T22:37:11.105Z,Stoney Trail,NB Stoney Tr: McKnight Blvd NE to Deerfoot Tr N,9,2026-09-06T16:24:06.000
2026-09-06T22:37:11.105Z,Stoney Trail,NB Stoney Tr: Peigan Tr SE to Deerfoot Tr NE,14,2026-09-06T16:24:06.000
2026-09-06T22:37:11.105Z,Stoney Trail,NB Stoney Tr: Peigan Tr SE to McKnight Blvd NE,6,2026-09-06T16:24:06.000
2026-09-06T22:37:11.105Z,Stoney Trail,SB Deerfoot Tr: Balzac  to Stoney Tr SE via Stoney Tr,25,2026-09-06T16:24:06.000
2026-09-06T22:37:11.105Z,Stoney Trail,SB Stoney Tr: Mcknight Blvd NE to Deerfoot Tr S,14,2026-09-06T16:24:06.000
2026-09-06T22:37:11.105Z,Stoney Trail,SB Stoney Tr: Mcknight Blvd NE to Glenmore Tr SE,7,2026-09-06T16:24:06.000
2026-09-06T22:37:11.105Z,Stoney Trail,SB Stoney Tr: Peigan Tr SE to 52 St SE,8,2026-09-06T16:24:06.000
2026-09-06T22:37:11.105Z,Stoney Trail,SB Stoney Tr: Peigan Tr SE to Macleod Tr SE,13,2026-09-06T16:24:06.000
2026-09-06T22:37:11.105Z,Stoney Trail,WB Stoney Tr: 52 St SE to James Mckevitt Rd SW,7,2026-09-06T16:24:06.000
2026-09-06T22:37:11.105Z,Stoney Trail,WB Stoney Tr: 52 St SE to Macleod Tr SE,5,2026-09-06T16:24:06.000
2026-09-06T22:37:11.105Z,Stoney Trail,WB Stoney Tr: Country Hills Blvd NW to 16 Ave NW,5,2026-09-06T16:24:06.000
2026-09-06T22:37:11.105Z,Stoney Trail,WB Stoney Tr: Deerfoot Tr NW to 16 Ave NW,12,2026-09-06T16:24:06.000
2026-09-06T22:37:11.105Z,Stoney Trail,WB Stoney Tr: Deerfoot Tr NW to Crowchild Tr NW,9,2026-09-06T16:24:06.000
2026-09-06T22:37:11.105Z,Trans Canada Highway,WB Trans Canada Hwy: Hwy 22 to Banff,51,2026-09-06T16:24:06.000
2026-09-06T22:37:11.105Z,Trans Canada Highway,WB Trans Canada Hwy: Hwy 22 to Kananaskis Village,44,2026-09-06T16:24:06.000
2026-09-07T00:18:43.806Z,16 Avenue,WB 16 Ave: Stoney Tr NE to Valley Ridge Bv NW via 16 Ave,31,2026-09-06T18:04:06.000
2026-09-07T00:18:43.806Z,16 Avenue,WB 16 Ave: Stoney Tr NE to Valley Ridge Bv Via Stoney Tr,26,2026-09-06T18:04:06.000
2026-09-07T00:18:43.806Z,Crowchild Trail,NB Crowchild Tr: 50 Ave SW to 24 Ave NW,7,2026-09-06T18:04:06.000
2026-09-07T00:18:43.806Z,Crowchild Trail,NB Crowchild Tr: 50 Ave SW to Memorial Dr NW,4,2026-09-06T18:04:06.000
2026-09-07T00:18:43.806Z,Crowchild Trail,NB Crowchild Tr: Glenmore Tr SW to 24 Ave NW,9,2026-09-06T18:04:06.000
2026-09-07T00:18:43.806Z,Crowchild Trail,SB Crowchild Tr: 12 Mile Coulee Rd NW to Glenmore Tr SW,16,2026-09-06T18:04:06.000
2026-09-07T00:18:43.806Z,Crowchild Trail,SB Crowchild Tr: 12 Mile Coulee Rd NW to Memorial Dr NW,12,2026-09-06T18:04:06.000
2026-09-07T00:18:43.806Z,Crowchild Trail,SB Crowchild Tr: 24 Ave NW to 17 Ave SW,5,2026-09-06T18:04:06.000
2026-09-07T00:18:43.806Z,Crowchild Trail,SB Crowchild Tr: 24 Ave NW to Glenmore Tr SW,9,2026-09-06T18:04:06.000
2026-09-07T00:18:43.806Z,Crowchild Trail,SB Crowchild Tr: 33 Ave SW to Deerfoot Tr SE,7,2026-09-06T18:04:06.000
2026-09-07T00:18:43.806Z,Crowchild Trail,SB Crowchild Tr: 33 Ave SW to Glenmore Tr SW,3,2026-09-06T18:04:06.000
2026-09-07T00:18:43.806Z,Deerfoot Trail,NB Deerfoot Tr: 17 Ave SE to Airport Tr NE,9,2026-09-06T18:04:06.000
2026-09-07T00:18:43.806Z,Deerfoot Trail,NB Deerfoot Tr: 17 Ave SE to Stoney Tr NE,11,2026-09-06T18:04:06.000
2026-09-07T00:18:43.806Z,Deerfoot Trail,NB Deerfoot Tr: 274 Ave S to City Centre via Deerfoot Tr,28,2026-09-06T18:04:06.000
2026-09-07T00:18:43.806Z,Deerfoot Trail,NB Deerfoot Tr: 32 Ave NE to Airport Tr NE,4,2026-09-06T18:04:06.000
2026-09-07T00:18:43.806Z,Deerfoot Trail,NB Deerfoot Tr: 32 Ave NE to Stoney Tr NE,7,2026-09-06T18:04:06.000
2026-09-07T00:18:43.806Z,Deerfoot Trail,NB Deerfoot Tr: 8 Ave NE to Airport Tr NE,7,2026-09-06T18:04:06.000
2026-09-07T00:18:43.806Z,Deerfoot Trail,NB Deerfoot Tr: 8 Ave NE to Stoney Tr NE,9,2026-09-06T18:04:06.000
2026-09-07T00:18:43.806Z,Deerfoot Trail,NB Deerfoot Tr: Anderson Rd SE to Airport Tr NE,16,2026-09-06T18:04:06.000
2026-09-07T00:18:43.806Z,Deerfoot Trail,NB Deerfoot Tr: Anderson Rd SE to Memorial Dr SE,10,2026-09-06T18:04:06.000
2026-09-07T00:18:43.806Z,Deerfoot Trail,NB Deerfoot Tr: Cranston Ave SE to Memorial Dr SE,17,2026-09-06T18:04:06.000
2026-09-07T00:18:43.806Z,Deerfoot Trail,NB Deerfoot Tr: Cranston Ave SE to Southland Dr SE,10,2026-09-06T18:04:06.000
2026-09-07T00:18:43.806Z,Deerfoot Trail,NB Deerfoot Tr: Glenmore Tr SE to Airport Tr NE,11,2026-09-06T18:04:06.000
2026-09-07T00:18:43.806Z,Deerfoot Trail,NB Deerfoot Tr: Glenmore Tr SE to Memorial Dr SE,5,2026-09-06T18:04:06.000
2026-09-07T00:18:43.806Z,Deerfoot Trail,NB Deerfoot Tr: Glenmore Tr SE to Stoney Tr NE,14,2026-09-06T18:04:06.000
2026-09-07T00:18:43.806Z,Deerfoot Trail,SB Deerfoot Tr: 17 Ave SE to Anderson Rd SE,8,2026-09-06T18:04:06.000
2026-09-07T00:18:43.806Z,Deerfoot Trail,SB Deerfoot Tr: 17 Ave SE to Stoney Tr SE,13,2026-09-06T18:04:06.000
2026-09-07T00:18:43.806Z,Deerfoot Trail,SB Deerfoot Tr: 64 Ave NE to Anderson Rd SE,14,2026-09-06T18:04:06.000
2026-09-07T00:18:43.806Z,Deerfoot Trail,SB Deerfoot Tr: 64 Ave NE to Memorial Dr SE,5,2026-09-06T18:04:06.000
2026-09-07T00:18:43.806Z,Deerfoot Trail,SB Deerfoot Tr: 8 Ave SE to Glenmore Tr SE,6,2026-09-06T18:04:06.000
2026-09-07T00:18:43.806Z,Deerfoot Trail,SB Deerfoot Tr: 8 Ave SE to Stoney Tr SE,14,2026-09-06T18:04:06.000
2026-09-07T00:18:43.806Z,Deerfoot Trail,SB Deerfoot Tr: Airport Tr NE to Anderson Rd SE,16,2026-09-06T18:04:06.000
2026-09-07T00:18:43.806Z,Deerfoot Trail,SB Deerfoot Tr: Airport Tr NE to Memorial Dr SE,7,2026-09-06T18:04:06.000
2026-09-07T00:18:43.806Z,Deerfoot Trail,SB Deerfoot Tr: Balzac  to Stoney Tr SE via Deerfoot Tr,25,2026-09-06T18:04:06.000
2026-09-07T00:18:43.806Z,Deerfoot Trail,SB Deerfoot Tr: Peigan Tr SE to Anderson Rd SE,7,2026-09-06T18:04:06.000
2026-09-07T00:18:43.806Z,Deerfoot Trail,SB Deerfoot Tr: Peigan Tr SE to Stoney Tr SE,12,2026-09-06T18:04:06.000
2026-09-07T00:18:43.806Z,Glenmore Trail,EB Glenmore Tr: Crowchild Tr SW to Deerfoot Tr SE,5,2026-09-06T18:04:06.000
2026-09-07T00:18:43.806Z,Glenmore Trail,WB Glenmore Tr: Odgen Rd SE to Bow Trail SW,10,2026-09-06T18:04:06.000
2026-09-07T00:18:43.806Z,Glenmore Trail,WB Glenmore Tr: Odgen Rd SE to Crowchild Tr SW,7,2026-09-06T18:04:06.000
2026-09-07T00:18:43.806Z,Macleod Trail,NB Macleod Tr: 274 Ave S to City Centre via Macleod Tr,30,2026-09-06T18:04:06.000
2026-09-07T00:18:43.806Z,Macleod Trail,NB Macleod Tr: Anderson Rd SE to 7 Av SE,16,2026-09-06T18:04:06.000
2026-09-07T00:18:43.806Z,Macleod Trail,NB Macleod Tr: Anderson Rd SE to Blackfoot Tr SW,25,2026-09-06T18:04:06.000
2026-09-07T00:18:43.806Z,Macleod Trail,NB Macleod Tr: Anderson Rd SE to Crowchild Tr SW,10,2026-09-06T18:04:06.000
2026-09-07T00:18:43.806Z,Macleod Trail,NB Macleod Tr: N of 25 Ave S to City Centre,3,2026-09-06T18:04:06.000
2026-09-07T00:18:43.806Z,Stoney Trail,EB Stoney Tr: Chaparral Blvd SE to 16 Ave NE,14,2026-09-06T18:04:06.000
2026-09-07T00:18:43.806Z,Stoney Trail,EB Stoney Tr: Chaparral Blvd SE to Glenmore Tr SE,9,2026-09-06T18:04:06.000
2026-09-07T00:18:43.806Z,Stoney Trail,EB Stoney Tr: Harvest Hills Blvd NW to 16 Ave NE,13,2026-09-06T18:04:06.000
2026-09-07T00:18:43.806Z,Stoney Trail,EB Stoney Tr: Harvest Hills Blvd NW to Glenmore Tr SE,19,2026-09-06T18:04:06.000
2026-09-07T00:18:43.806Z,Stoney Trail,EB Stoney W : Sarcee Tr NW to 16 Ave NE,18,2026-09-06T18:04:06.000
2026-09-07T00:18:43.806Z,Stoney Trail,EB Stoney W : Sarcee Tr NW to Deerfoot Tr N,8,2026-09-06T18:04:06.000
2026-09-07T00:18:43.806Z,Stoney Trail,NB Stoney Tr: 114 Ave SE to 16 Ave NE,8,2026-09-06T18:04:06.000
2026-09-07T00:18:43.806Z,Stoney Trail,NB Stoney Tr: 114 Ave SE to Deerfoot Tr NE,18,2026-09-06T18:04:06.000
2026-09-07T00:18:43.806Z,Stoney Trail,NB Stoney Tr: McKnight Blvd NE to Crowchild Tr NW,20,2026-09-06T18:04:06.000
2026-09-07T00:18:43.806Z,Stoney Trail,NB Stoney Tr: McKnight Blvd NE to Deerfoot Tr N,9,2026-09-06T18:04:06.000
2026-09-07T00:18:43.806Z,Stoney Trail,NB Stoney Tr: Peigan Tr SE to Deerfoot Tr NE,14,2026-09-06T18:04:06.000
2026-09-07T00:18:43.806Z,Stoney Trail,NB Stoney Tr: Peigan Tr SE to McKnight Blvd NE,6,2026-09-06T18:04:06.000
2026-09-07T00:18:43.806Z,Stoney Trail,SB Deerfoot Tr: Balzac  to Stoney Tr SE via Stoney Tr,25,2026-09-06T18:04:06.000
2026-09-07T00:18:43.806Z,Stoney Trail,SB Stoney Tr: Mcknight Blvd NE to Deerfoot Tr S,14,2026-09-06T18:04:06.000
2026-09-07T00:18:43.806Z,Stoney Trail,SB Stoney Tr: Mcknight Blvd NE to Glenmore Tr SE,7,2026-09-06T18:04:06.000
2026-09-07T00:18:43.806Z,Stoney Trail,SB Stoney Tr: Peigan Tr SE to 52 St SE,9,2026-09-06T18:04:06.000
2026-09-07T00:18:43.806Z,Stoney Trail,SB Stoney Tr: Peigan Tr SE to Macleod Tr SE,13,2026-09-06T18:04:06.000
2026-09-07T00:18:43.806Z,Stoney Trail,WB Stoney Tr: 52 St SE to James Mckevitt Rd SW,7,2026-09-06T18:04:06.000
2026-09-07T00:18:43.806Z,Stoney Trail,WB Stoney Tr: 52 St SE to Macleod Tr SE,5,2026-09-06T18:04:06.000
2026-09-07T00:18:43.806Z,Stoney Trail,WB Stoney Tr: Country Hills Blvd NW to 16 Ave NW,5,2026-09-06T18:04:06.000
2026-09-07T00:18:43.806Z,Stoney Trail,WB Stoney Tr: Deerfoot Tr NW to 16 Ave NW,13,2026-09-06T18:04:06.000
2026-09-07T00:18:43.806Z,Stoney Trail,WB Stoney Tr: Deerfoot Tr NW to Crowchild Tr NW,9,2026-09-06T18:04:06.000
2026-09-07T00:18:43.806Z,Trans Canada Highway,WB Trans Canada Hwy: Hwy 22 to Banff,52,2026-09-06T18:04:06.000
2026-09-07T00:18:43.806Z,Trans Canada Highway,WB Trans Canada Hwy: Hwy 22 to Kananaskis Village,44,2026-09-06T18:04:06.000
2026-09-07T04:53:37.483Z,16 Avenue,WB 16 Ave: Stoney Tr NE to Valley Ridge Bv NW via 16 Ave,30,2026-09-06T22:44:06.000
2026-09-07T04:53:37.483Z,16 Avenue,WB 16 Ave: Stoney Tr NE to Valley Ridge Bv Via Stoney Tr,27,2026-09-06T22:44:06.000
2026-09-07T04:53:37.483Z,Crowchild Trail,NB Crowchild Tr: 50 Ave SW to 24 Ave NW,8,2026-09-06T22:44:06.000
2026-09-07T04:53:37.483Z,Crowchild Trail,NB Crowchild Tr: 50 Ave SW to Memorial Dr NW,4,2026-09-06T22:44:06.000
2026-09-07T04:53:37.483Z,Crowchild Trail,NB Crowchild Tr: Glenmore Tr SW to 24 Ave NW,10,2026-09-06T22:44:06.000
2026-09-07T04:53:37.483Z,Crowchild Trail,SB Crowchild Tr: 12 Mile Coulee Rd NW to Glenmore Tr SW,16,2026-09-06T22:44:06.000
2026-09-07T04:53:37.483Z,Crowchild Trail,SB Crowchild Tr: 12 Mile Coulee Rd NW to Memorial Dr NW,11,2026-09-06T22:44:06.000
2026-09-07T04:53:37.483Z,Crowchild Trail,SB Crowchild Tr: 24 Ave NW to 17 Ave SW,5,2026-09-06T22:44:06.000
2026-09-07T04:53:37.483Z,Crowchild Trail,SB Crowchild Tr: 24 Ave NW to Glenmore Tr SW,9,2026-09-06T22:44:06.000
2026-09-07T04:53:37.483Z,Crowchild Trail,SB Crowchild Tr: 33 Ave SW to Deerfoot Tr SE,7,2026-09-06T22:44:06.000
2026-09-07T04:53:37.483Z,Crowchild Trail,SB Crowchild Tr: 33 Ave SW to Glenmore Tr SW,3,2026-09-06T22:44:06.000
2026-09-07T04:53:37.483Z,Deerfoot Trail,NB Deerfoot Tr: 17 Ave SE to Airport Tr NE,9,2026-09-06T22:44:06.000
2026-09-07T04:53:37.483Z,Deerfoot Trail,NB Deerfoot Tr: 17 Ave SE to Stoney Tr NE,12,2026-09-06T22:44:06.000
2026-09-07T04:53:37.483Z,Deerfoot Trail,NB Deerfoot Tr: 274 Ave S to City Centre via Deerfoot Tr,28,2026-09-06T22:44:06.000
2026-09-07T04:53:37.483Z,Deerfoot Trail,NB Deerfoot Tr: 32 Ave NE to Airport Tr NE,4,2026-09-06T22:44:06.000
2026-09-07T04:53:37.483Z,Deerfoot Trail,NB Deerfoot Tr: 32 Ave NE to Stoney Tr NE,7,2026-09-06T22:44:06.000
2026-09-07T04:53:37.483Z,Deerfoot Trail,NB Deerfoot Tr: 8 Ave NE to Airport Tr NE,6,2026-09-06T22:44:06.000
2026-09-07T04:53:37.483Z,Deerfoot Trail,NB Deerfoot Tr: 8 Ave NE to Stoney Tr NE,9,2026-09-06T22:44:06.000
2026-09-07T04:53:37.483Z,Deerfoot Trail,NB Deerfoot Tr: Anderson Rd SE to Airport Tr NE,15,2026-09-06T22:44:06.000
2026-09-07T04:53:37.483Z,Deerfoot Trail,NB Deerfoot Tr: Anderson Rd SE to Memorial Dr SE,9,2026-09-06T22:44:06.000
2026-09-07T04:53:37.483Z,Deerfoot Trail,NB Deerfoot Tr: Cranston Ave SE to Memorial Dr SE,17,2026-09-06T22:44:06.000
2026-09-07T04:53:37.483Z,Deerfoot Trail,NB Deerfoot Tr: Cranston Ave SE to Southland Dr SE,10,2026-09-06T22:44:06.000
2026-09-07T04:53:37.483Z,Deerfoot Trail,NB Deerfoot Tr: Glenmore Tr SE to Airport Tr NE,11,2026-09-06T22:44:06.000
2026-09-07T04:53:37.483Z,Deerfoot Trail,NB Deerfoot Tr: Glenmore Tr SE to Memorial Dr SE,5,2026-09-06T22:44:06.000
2026-09-07T04:53:37.483Z,Deerfoot Trail,NB Deerfoot Tr: Glenmore Tr SE to Stoney Tr NE,14,2026-09-06T22:44:06.000
2026-09-07T04:53:37.483Z,Deerfoot Trail,SB Deerfoot Tr: 17 Ave SE to Anderson Rd SE,9,2026-09-06T22:44:06.000
2026-09-07T04:53:37.483Z,Deerfoot Trail,SB Deerfoot Tr: 17 Ave SE to Stoney Tr SE,14,2026-09-06T22:44:06.000
2026-09-07T04:53:37.483Z,Deerfoot Trail,SB Deerfoot Tr: 64 Ave NE to Anderson Rd SE,15,2026-09-06T22:44:06.000
2026-09-07T04:53:37.483Z,Deerfoot Trail,SB Deerfoot Tr: 64 Ave NE to Memorial Dr SE,5,2026-09-06T22:44:06.000
2026-09-07T04:53:37.483Z,Deerfoot Trail,SB Deerfoot Tr: 8 Ave SE to Glenmore Tr SE,7,2026-09-06T22:44:06.000
2026-09-07T04:53:37.483Z,Deerfoot Trail,SB Deerfoot Tr: 8 Ave SE to Stoney Tr SE,16,2026-09-06T22:44:06.000
2026-09-07T04:53:37.483Z,Deerfoot Trail,SB Deerfoot Tr: Airport Tr NE to Anderson Rd SE,17,2026-09-06T22:44:06.000
2026-09-07T04:53:37.483Z,Deerfoot Trail,SB Deerfoot Tr: Airport Tr NE to Memorial Dr SE,7,2026-09-06T22:44:06.000
2026-09-07T04:53:37.483Z,Deerfoot Trail,SB Deerfoot Tr: Balzac  to Stoney Tr SE via Deerfoot Tr,25,2026-09-06T22:44:06.000
2026-09-07T04:53:37.483Z,Deerfoot Trail,SB Deerfoot Tr: Peigan Tr SE to Anderson Rd SE,7,2026-09-06T22:44:06.000
2026-09-07T04:53:37.483Z,Deerfoot Trail,SB Deerfoot Tr: Peigan Tr SE to Stoney Tr SE,12,2026-09-06T22:44:06.000
2026-09-07T04:53:37.483Z,Glenmore Trail,EB Glenmore Tr: Crowchild Tr SW to Deerfoot Tr SE,5,2026-09-06T22:44:06.000
2026-09-07T04:53:37.483Z,Glenmore Trail,WB Glenmore Tr: Odgen Rd SE to Bow Trail SW,11,2026-09-06T22:44:06.000
2026-09-07T04:53:37.483Z,Glenmore Trail,WB Glenmore Tr: Odgen Rd SE to Crowchild Tr SW,7,2026-09-06T22:44:06.000
2026-09-07T04:53:37.483Z,Macleod Trail,NB Macleod Tr: 274 Ave S to City Centre via Macleod Tr,27,2026-09-06T22:44:06.000
2026-09-07T04:53:37.483Z,Macleod Trail,NB Macleod Tr: Anderson Rd SE to 7 Av SE,14,2026-09-06T22:44:06.000
2026-09-07T04:53:37.483Z,Macleod Trail,NB Macleod Tr: Anderson Rd SE to Blackfoot Tr SW,24,2026-09-06T22:44:06.000
2026-09-07T04:53:37.483Z,Macleod Trail,NB Macleod Tr: Anderson Rd SE to Crowchild Tr SW,10,2026-09-06T22:44:06.000
2026-09-07T04:53:37.483Z,Macleod Trail,NB Macleod Tr: N of 25 Ave S to City Centre,3,2026-09-06T22:44:06.000
2026-09-07T04:53:37.483Z,Stoney Trail,EB Stoney Tr: Chaparral Blvd SE to 16 Ave NE,14,2026-09-06T22:44:06.000
2026-09-07T04:53:37.483Z,Stoney Trail,EB Stoney Tr: Chaparral Blvd SE to Glenmore Tr SE,9,2026-09-06T22:44:06.000
2026-09-07T04:53:37.483Z,Stoney Trail,EB Stoney Tr: Harvest Hills Blvd NW to 16 Ave NE,14,2026-09-06T22:44:06.000
2026-09-07T04:53:37.483Z,Stoney Trail,EB Stoney Tr: Harvest Hills Blvd NW to Glenmore Tr SE,19,2026-09-06T22:44:06.000
2026-09-07T04:53:37.483Z,Stoney Trail,EB Stoney W : Sarcee Tr NW to 16 Ave NE,18,2026-09-06T22:44:06.000
2026-09-07T04:53:37.483Z,Stoney Trail,EB Stoney W : Sarcee Tr NW to Deerfoot Tr N,8,2026-09-06T22:44:06.000
2026-09-07T04:53:37.483Z,Stoney Trail,NB Stoney Tr: 114 Ave SE to 16 Ave NE,8,2026-09-06T22:44:06.000
2026-09-07T04:53:37.483Z,Stoney Trail,NB Stoney Tr: 114 Ave SE to Deerfoot Tr NE,19,2026-09-06T22:44:06.000
2026-09-07T04:53:37.483Z,Stoney Trail,NB Stoney Tr: McKnight Blvd NE to Crowchild Tr NW,20,2026-09-06T22:44:06.000
2026-09-07T04:53:37.483Z,Stoney Trail,NB Stoney Tr: McKnight Blvd NE to Deerfoot Tr N,9,2026-09-06T22:44:06.000
2026-09-07T04:53:37.483Z,Stoney Trail,NB Stoney Tr: Peigan Tr SE to Deerfoot Tr NE,15,2026-09-06T22:44:06.000
2026-09-07T04:53:37.483Z,Stoney Trail,NB Stoney Tr: Peigan Tr SE to McKnight Blvd NE,6,2026-09-06T22:44:06.000
2026-09-07T04:53:37.483Z,Stoney Trail,SB Deerfoot Tr: Balzac  to Stoney Tr SE via Stoney Tr,26,2026-09-06T22:44:06.000
2026-09-07T04:53:37.483Z,Stoney Trail,SB Stoney Tr: Mcknight Blvd NE to Deerfoot Tr S,15,2026-09-06T22:44:06.000
2026-09-07T04:53:37.483Z,Stoney Trail,SB Stoney Tr: Mcknight Blvd NE to Glenmore Tr SE,8,2026-09-06T22:44:06.000
2026-09-07T04:53:37.483Z,Stoney Trail,SB Stoney Tr: Peigan Tr SE to 52 St SE,9,2026-09-06T22:44:06.000
2026-09-07T04:53:37.483Z,Stoney Trail,SB Stoney Tr: Peigan Tr SE to Macleod Tr SE,14,2026-09-06T22:44:06.000
2026-09-07T04:53:37.483Z,Stoney Trail,WB Stoney Tr: 52 St SE to James Mckevitt Rd SW,7,2026-09-06T22:44:06.000
2026-09-07T04:53:37.483Z,Stoney Trail,WB Stoney Tr: 52 St SE to Macleod Tr SE,5,2026-09-06T22:44:06.000
2026-09-07T04:53:37.483Z,Stoney Trail,WB Stoney Tr: Country Hills Blvd NW to 16 Ave NW,5,2026-09-06T22:44:06.000
2026-09-07T04:53:37.483Z,Stoney Trail,WB Stoney Tr: Deerfoot Tr NW to 16 Ave NW,12,2026-09-06T22:44:06.000
2026-09-07T04:53:37.483Z,Stoney Trail,WB Stoney Tr: Deerfoot Tr NW to Crowchild Tr NW,9,2026-09-06T22:44:06.000
2026-09-07T04:53:37.483Z,Trans Canada Highway,WB Trans Canada Hwy: Hwy 22 to Banff,50,2026-09-06T22:44:06.000
2026-09-07T04:53:37.483Z,Trans Canada Highway,WB Trans Canada Hwy: Hwy 22 to Kananaskis Village,46,2026-09-06T22:44:06.000
2026-09-07T09:52:51.821Z,16 Avenue,WB 16 Ave: Stoney Tr NE to Valley Ridge Bv NW via 16 Ave,30,2026-09-07T03:44:10.000
2026-09-07T09:52:51.821Z,16 Avenue,WB 16 Ave: Stoney Tr NE to Valley Ridge Bv Via Stoney Tr,27,2026-09-07T03:44:10.000
2026-09-07T09:52:51.821Z,Crowchild Trail,NB Crowchild Tr: 50 Ave SW to 24 Ave NW,7,2026-09-07T03:44:10.000
2026-09-07T09:52:51.821Z,Crowchild Trail,NB Crowchild Tr: 50 Ave SW to Memorial Dr NW,5,2026-09-07T03:44:10.000
2026-09-07T09:52:51.821Z,Crowchild Trail,NB Crowchild Tr: Glenmore Tr SW to 24 Ave NW,9,2026-09-07T03:44:10.000
2026-09-07T09:52:51.821Z,Crowchild Trail,SB Crowchild Tr: 12 Mile Coulee Rd NW to Glenmore Tr SW,18,2026-09-07T03:44:10.000
2026-09-07T09:52:51.821Z,Crowchild Trail,SB Crowchild Tr: 12 Mile Coulee Rd NW to Memorial Dr NW,13,2026-09-07T03:44:10.000
2026-09-07T09:52:51.821Z,Crowchild Trail,SB Crowchild Tr: 24 Ave NW to 17 Ave SW,5,2026-09-07T03:44:10.000
2026-09-07T09:52:51.821Z,Crowchild Trail,SB Crowchild Tr: 24 Ave NW to Glenmore Tr SW,9,2026-09-07T03:44:10.000
2026-09-07T09:52:51.821Z,Crowchild Trail,SB Crowchild Tr: 33 Ave SW to Deerfoot Tr SE,8,2026-09-07T03:44:10.000
2026-09-07T09:52:51.821Z,Crowchild Trail,SB Crowchild Tr: 33 Ave SW to Glenmore Tr SW,3,2026-09-07T03:44:10.000
2026-09-07T09:52:51.821Z,Deerfoot Trail,NB Deerfoot Tr: 17 Ave SE to Airport Tr NE,9,2026-09-07T03:44:10.000
2026-09-07T09:52:51.821Z,Deerfoot Trail,NB Deerfoot Tr: 17 Ave SE to Stoney Tr NE,12,2026-09-07T03:44:10.000
2026-09-07T09:52:51.821Z,Deerfoot Trail,NB Deerfoot Tr: 274 Ave S to City Centre via Deerfoot Tr,27,2026-09-07T03:44:10.000
2026-09-07T09:52:51.821Z,Deerfoot Trail,NB Deerfoot Tr: 32 Ave NE to Airport Tr NE,5,2026-09-07T03:44:10.000
2026-09-07T09:52:51.821Z,Deerfoot Trail,NB Deerfoot Tr: 32 Ave NE to Stoney Tr NE,7,2026-09-07T03:44:10.000
2026-09-07T09:52:51.821Z,Deerfoot Trail,NB Deerfoot Tr: 8 Ave NE to Airport Tr NE,7,2026-09-07T03:44:10.000
2026-09-07T09:52:51.821Z,Deerfoot Trail,NB Deerfoot Tr: 8 Ave NE to Stoney Tr NE,9,2026-09-07T03:44:10.000
2026-09-07T09:52:51.821Z,Deerfoot Trail,NB Deerfoot Tr: Anderson Rd SE to Airport Tr NE,16,2026-09-07T03:44:10.000
2026-09-07T09:52:51.821Z,Deerfoot Trail,NB Deerfoot Tr: Anderson Rd SE to Memorial Dr SE,9,2026-09-07T03:44:10.000
2026-09-07T09:52:51.821Z,Deerfoot Trail,NB Deerfoot Tr: Cranston Ave SE to Memorial Dr SE,17,2026-09-07T03:44:10.000
2026-09-07T09:52:51.821Z,Deerfoot Trail,NB Deerfoot Tr: Cranston Ave SE to Southland Dr SE,10,2026-09-07T03:44:10.000
2026-09-07T09:52:51.821Z,Deerfoot Trail,NB Deerfoot Tr: Glenmore Tr SE to Airport Tr NE,12,2026-09-07T03:44:10.000
2026-09-07T09:52:51.821Z,Deerfoot Trail,NB Deerfoot Tr: Glenmore Tr SE to Memorial Dr SE,5,2026-09-07T03:44:10.000
2026-09-07T09:52:51.821Z,Deerfoot Trail,NB Deerfoot Tr: Glenmore Tr SE to Stoney Tr NE,14,2026-09-07T03:44:10.000
2026-09-07T09:52:51.821Z,Deerfoot Trail,SB Deerfoot Tr: 17 Ave SE to Anderson Rd SE,9,2026-09-07T03:44:10.000
2026-09-07T09:52:51.821Z,Deerfoot Trail,SB Deerfoot Tr: 17 Ave SE to Stoney Tr SE,14,2026-09-07T03:44:10.000
2026-09-07T09:52:51.821Z,Deerfoot Trail,SB Deerfoot Tr: 64 Ave NE to Anderson Rd SE,15,2026-09-07T03:44:10.000
2026-09-07T09:52:51.821Z,Deerfoot Trail,SB Deerfoot Tr: 64 Ave NE to Memorial Dr SE,6,2026-09-07T03:44:10.000
2026-09-07T09:52:51.821Z,Deerfoot Trail,SB Deerfoot Tr: 8 Ave SE to Glenmore Tr SE,6,2026-09-07T03:44:10.000
2026-09-07T09:52:51.821Z,Deerfoot Trail,SB Deerfoot Tr: 8 Ave SE to Stoney Tr SE,15,2026-09-07T03:44:10.000
2026-09-07T09:52:51.821Z,Deerfoot Trail,SB Deerfoot Tr: Airport Tr NE to Anderson Rd SE,17,2026-09-07T03:44:10.000
2026-09-07T09:52:51.821Z,Deerfoot Trail,SB Deerfoot Tr: Airport Tr NE to Memorial Dr SE,8,2026-09-07T03:44:10.000
2026-09-07T09:52:51.821Z,Deerfoot Trail,SB Deerfoot Tr: Balzac  to Stoney Tr SE via Deerfoot Tr,26,2026-09-07T03:44:10.000
2026-09-07T09:52:51.821Z,Deerfoot Trail,SB Deerfoot Tr: Peigan Tr SE to Anderson Rd SE,7,2026-09-07T03:44:10.000
2026-09-07T09:52:51.821Z,Deerfoot Trail,SB Deerfoot Tr: Peigan Tr SE to Stoney Tr SE,12,2026-09-07T03:44:10.000
2026-09-07T09:52:51.821Z,Glenmore Trail,EB Glenmore Tr: Crowchild Tr SW to Deerfoot Tr SE,6,2026-09-07T03:44:10.000
2026-09-07T09:52:51.821Z,Glenmore Trail,WB Glenmore Tr: Odgen Rd SE to Bow Trail SW,12,2026-09-07T03:44:10.000
2026-09-07T09:52:51.821Z,Glenmore Trail,WB Glenmore Tr: Odgen Rd SE to Crowchild Tr SW,8,2026-09-07T03:44:10.000
2026-09-07T09:52:51.821Z,Macleod Trail,NB Macleod Tr: 274 Ave S to City Centre via Macleod Tr,27,2026-09-07T03:44:10.000
2026-09-07T09:52:51.821Z,Macleod Trail,NB Macleod Tr: Anderson Rd SE to 7 Av SE,15,2026-09-07T03:44:10.000
2026-09-07T09:52:51.821Z,Macleod Trail,NB Macleod Tr: Anderson Rd SE to Blackfoot Tr SW,23,2026-09-07T03:44:10.000
2026-09-07T09:52:51.821Z,Macleod Trail,NB Macleod Tr: Anderson Rd SE to Crowchild Tr SW,10,2026-09-07T03:44:10.000
2026-09-07T09:52:51.821Z,Macleod Trail,NB Macleod Tr: N of 25 Ave S to City Centre,3,2026-09-07T03:44:10.000
2026-09-07T09:52:51.821Z,Stoney Trail,EB Stoney Tr: Chaparral Blvd SE to 16 Ave NE,15,2026-09-07T03:44:10.000
2026-09-07T09:52:51.821Z,Stoney Trail,EB Stoney Tr: Chaparral Blvd SE to Glenmore Tr SE,9,2026-09-07T03:44:10.000
2026-09-07T09:52:51.821Z,Stoney Trail,EB Stoney Tr: Harvest Hills Blvd NW to 16 Ave NE,13,2026-09-07T03:44:10.000
2026-09-07T09:52:51.821Z,Stoney Trail,EB Stoney Tr: Harvest Hills Blvd NW to Glenmore Tr SE,19,2026-09-07T03:44:10.000
2026-09-07T09:52:51.821Z,Stoney Trail,EB Stoney W : Sarcee Tr NW to 16 Ave NE,18,2026-09-07T03:44:10.000
2026-09-07T09:52:51.821Z,Stoney Trail,EB Stoney W : Sarcee Tr NW to Deerfoot Tr N,7,2026-09-07T03:44:10.000
2026-09-07T09:52:51.821Z,Stoney Trail,NB Stoney Tr: 114 Ave SE to 16 Ave NE,8,2026-09-07T03:44:10.000
2026-09-07T09:52:51.821Z,Stoney Trail,NB Stoney Tr: 114 Ave SE to Deerfoot Tr NE,18,2026-09-07T03:44:10.000
2026-09-07T09:52:51.821Z,Stoney Trail,NB Stoney Tr: McKnight Blvd NE to Crowchild Tr NW,20,2026-09-07T03:44:10.000
2026-09-07T09:52:51.821Z,Stoney Trail,NB Stoney Tr: McKnight Blvd NE to Deerfoot Tr N,9,2026-09-07T03:44:10.000
2026-09-07T09:52:51.821Z,Stoney Trail,NB Stoney Tr: Peigan Tr SE to Deerfoot Tr NE,14,2026-09-07T03:44:10.000
2026-09-07T09:52:51.821Z,Stoney Trail,NB Stoney Tr: Peigan Tr SE to McKnight Blvd NE,6,2026-09-07T03:44:10.000
2026-09-07T09:52:51.821Z,Stoney Trail,SB Deerfoot Tr: Balzac  to Stoney Tr SE via Stoney Tr,26,2026-09-07T03:44:10.000
2026-09-07T09:52:51.821Z,Stoney Trail,SB Stoney Tr: Mcknight Blvd NE to Deerfoot Tr S,15,2026-09-07T03:44:10.000
2026-09-07T09:52:51.821Z,Stoney Trail,SB Stoney Tr: Mcknight Blvd NE to Glenmore Tr SE,8,2026-09-07T03:44:10.000
2026-09-07T09:52:51.821Z,Stoney Trail,SB Stoney Tr: Peigan Tr SE to 52 St SE,8,2026-09-07T03:44:10.000
2026-09-07T09:52:51.821Z,Stoney Trail,SB Stoney Tr: Peigan Tr SE to Macleod Tr SE,13,2026-09-07T03:44:10.000
2026-09-07T09:52:51.821Z,Stoney Trail,WB Stoney Tr: 52 St SE to James Mckevitt Rd SW,7,2026-09-07T03:44:10.000
2026-09-07T09:52:51.821Z,Stoney Trail,WB Stoney Tr: 52 St SE to Macleod Tr SE,5,2026-09-07T03:44:10.000
2026-09-07T09:52:51.821Z,Stoney Trail,WB Stoney Tr: Country Hills Blvd NW to 16 Ave NW,5,2026-09-07T03:44:10.000
2026-09-07T09:52:51.821Z,Stoney Trail,WB Stoney Tr: Deerfoot Tr NW to 16 Ave NW,13,2026-09-07T03:44:10.000
2026-09-07T09:52:51.821Z,Stoney Trail,WB Stoney Tr: Deerfoot Tr NW to Crowchild Tr NW,9,2026-09-07T03:44:10.000
2026-09-07T09:52:51.821Z,Trans Canada Highway,WB Trans Canada Hwy: Hwy 22 to Banff,51,2026-09-07T03:44:10.000
2026-09-07T09:52:51.821Z,Trans Canada Highway,WB Trans Canada Hwy: Hwy 22 to Kananaskis Village,43,2026-09-07T03:44:10.000
2026-09-07T15:26:02.168Z,16 Avenue,WB 16 Ave: Stoney Tr NE to Valley Ridge Bv NW via 16 Ave,30,2026-09-07T09:04:06.000
2026-09-07T15:26:02.168Z,16 Avenue,WB 16 Ave: Stoney Tr NE to Valley Ridge Bv Via Stoney Tr,27,2026-09-07T09:04:06.000
2026-09-07T15:26:02.168Z,Crowchild Trail,NB Crowchild Tr: 50 Ave SW to 24 Ave NW,7,2026-09-07T09:04:06.000
2026-09-07T15:26:02.168Z,Crowchild Trail,NB Crowchild Tr: 50 Ave SW to Memorial Dr NW,4,2026-09-07T09:04:06.000
2026-09-07T15:26:02.168Z,Crowchild Trail,NB Crowchild Tr: Glenmore Tr SW to 24 Ave NW,9,2026-09-07T09:04:06.000
2026-09-07T15:26:02.168Z,Crowchild Trail,SB Crowchild Tr: 12 Mile Coulee Rd NW to Glenmore Tr SW,16,2026-09-07T09:04:06.000
2026-09-07T15:26:02.168Z,Crowchild Trail,SB Crowchild Tr: 12 Mile Coulee Rd NW to Memorial Dr NW,12,2026-09-07T09:04:06.000
2026-09-07T15:26:02.168Z,Crowchild Trail,SB Crowchild Tr: 24 Ave NW to 17 Ave SW,5,2026-09-07T09:04:06.000
2026-09-07T15:26:02.168Z,Crowchild Trail,SB Crowchild Tr: 24 Ave NW to Glenmore Tr SW,9,2026-09-07T09:04:06.000
2026-09-07T15:26:02.168Z,Crowchild Trail,SB Crowchild Tr: 33 Ave SW to Deerfoot Tr SE,7,2026-09-07T09:04:06.000
2026-09-07T15:26:02.168Z,Crowchild Trail,SB Crowchild Tr: 33 Ave SW to Glenmore Tr SW,3,2026-09-07T09:04:06.000
2026-09-07T15:26:02.168Z,Deerfoot Trail,NB Deerfoot Tr: 17 Ave SE to Airport Tr NE,9,2026-09-07T09:04:06.000
2026-09-07T15:26:02.168Z,Deerfoot Trail,NB Deerfoot Tr: 17 Ave SE to Stoney Tr NE,12,2026-09-07T09:04:06.000
2026-09-07T15:26:02.168Z,Deerfoot Trail,NB Deerfoot Tr: 274 Ave S to City Centre via Deerfoot Tr,28,2026-09-07T09:04:06.000
2026-09-07T15:26:02.168Z,Deerfoot Trail,NB Deerfoot Tr: 32 Ave NE to Airport Tr NE,4,2026-09-07T09:04:06.000
2026-09-07T15:26:02.168Z,Deerfoot Trail,NB Deerfoot Tr: 32 Ave NE to Stoney Tr NE,7,2026-09-07T09:04:06.000
2026-09-07T15:26:02.168Z,Deerfoot Trail,NB Deerfoot Tr: 8 Ave NE to Airport Tr NE,7,2026-09-07T09:04:06.000
2026-09-07T15:26:02.168Z,Deerfoot Trail,NB Deerfoot Tr: 8 Ave NE to Stoney Tr NE,10,2026-09-07T09:04:06.000
2026-09-07T15:26:02.168Z,Deerfoot Trail,NB Deerfoot Tr: Anderson Rd SE to Airport Tr NE,17,2026-09-07T09:04:06.000
2026-09-07T15:26:02.168Z,Deerfoot Trail,NB Deerfoot Tr: Anderson Rd SE to Memorial Dr SE,10,2026-09-07T09:04:06.000
2026-09-07T15:26:02.168Z,Deerfoot Trail,NB Deerfoot Tr: Cranston Ave SE to Memorial Dr SE,18,2026-09-07T09:04:06.000
2026-09-07T15:26:02.168Z,Deerfoot Trail,NB Deerfoot Tr: Cranston Ave SE to Southland Dr SE,11,2026-09-07T09:04:06.000
2026-09-07T15:26:02.168Z,Deerfoot Trail,NB Deerfoot Tr: Glenmore Tr SE to Airport Tr NE,12,2026-09-07T09:04:06.000
2026-09-07T15:26:02.168Z,Deerfoot Trail,NB Deerfoot Tr: Glenmore Tr SE to Memorial Dr SE,5,2026-09-07T09:04:06.000
2026-09-07T15:26:02.168Z,Deerfoot Trail,NB Deerfoot Tr: Glenmore Tr SE to Stoney Tr NE,15,2026-09-07T09:04:06.000
2026-09-07T15:26:02.168Z,Deerfoot Trail,SB Deerfoot Tr: 17 Ave SE to Anderson Rd SE,9,2026-09-07T09:04:06.000
2026-09-07T15:26:02.168Z,Deerfoot Trail,SB Deerfoot Tr: 17 Ave SE to Stoney Tr SE,15,2026-09-07T09:04:06.000
2026-09-07T15:26:02.168Z,Deerfoot Trail,SB Deerfoot Tr: 64 Ave NE to Anderson Rd SE,15,2026-09-07T09:04:06.000
2026-09-07T15:26:02.168Z,Deerfoot Trail,SB Deerfoot Tr: 64 Ave NE to Memorial Dr SE,5,2026-09-07T09:04:06.000
2026-09-07T15:26:02.168Z,Deerfoot Trail,SB Deerfoot Tr: 8 Ave SE to Glenmore Tr SE,7,2026-09-07T09:04:06.000
2026-09-07T15:26:02.168Z,Deerfoot Trail,SB Deerfoot Tr: 8 Ave SE to Stoney Tr SE,17,2026-09-07T09:04:06.000
2026-09-07T15:26:02.168Z,Deerfoot Trail,SB Deerfoot Tr: Airport Tr NE to Anderson Rd SE,17,2026-09-07T09:04:06.000
2026-09-07T15:26:02.168Z,Deerfoot Trail,SB Deerfoot Tr: Airport Tr NE to Memorial Dr SE,7,2026-09-07T09:04:06.000
2026-09-07T15:26:02.168Z,Deerfoot Trail,SB Deerfoot Tr: Balzac  to Stoney Tr SE via Deerfoot Tr,27,2026-09-07T09:04:06.000
2026-09-07T15:26:02.168Z,Deerfoot Trail,SB Deerfoot Tr: Peigan Tr SE to Anderson Rd SE,7,2026-09-07T09:04:06.000
2026-09-07T15:26:02.168Z,Deerfoot Trail,SB Deerfoot Tr: Peigan Tr SE to Stoney Tr SE,13,2026-09-07T09:04:06.000
2026-09-07T15:26:02.168Z,Glenmore Trail,EB Glenmore Tr: Crowchild Tr SW to Deerfoot Tr SE,6,2026-09-07T09:04:06.000
2026-09-07T15:26:02.168Z,Glenmore Trail,WB Glenmore Tr: Odgen Rd SE to Bow Trail SW,12,2026-09-07T09:04:06.000
2026-09-07T15:26:02.168Z,Glenmore Trail,WB Glenmore Tr: Odgen Rd SE to Crowchild Tr SW,8,2026-09-07T09:04:06.000
2026-09-07T15:26:02.168Z,Macleod Trail,NB Macleod Tr: 274 Ave S to City Centre via Macleod Tr,29,2026-09-07T09:04:06.000
2026-09-07T15:26:02.168Z,Macleod Trail,NB Macleod Tr: Anderson Rd SE to 7 Av SE,15,2026-09-07T09:04:06.000
2026-09-07T15:26:02.168Z,Macleod Trail,NB Macleod Tr: Anderson Rd SE to Blackfoot Tr SW,24,2026-09-07T09:04:06.000
2026-09-07T15:26:02.168Z,Macleod Trail,NB Macleod Tr: Anderson Rd SE to Crowchild Tr SW,9,2026-09-07T09:04:06.000
2026-09-07T15:26:02.168Z,Macleod Trail,NB Macleod Tr: N of 25 Ave S to City Centre,3,2026-09-07T09:04:06.000
2026-09-07T15:26:02.168Z,Stoney Trail,EB Stoney Tr: Chaparral Blvd SE to 16 Ave NE,15,2026-09-07T09:04:06.000
2026-09-07T15:26:02.168Z,Stoney Trail,EB Stoney Tr: Chaparral Blvd SE to Glenmore Tr SE,10,2026-09-07T09:04:06.000
2026-09-07T15:26:02.168Z,Stoney Trail,EB Stoney Tr: Harvest Hills Blvd NW to 16 Ave NE,14,2026-09-07T09:04:06.000
2026-09-07T15:26:02.168Z,Stoney Trail,EB Stoney Tr: Harvest Hills Blvd NW to Glenmore Tr SE,19,2026-09-07T09:04:06.000
2026-09-07T15:26:02.168Z,Stoney Trail,EB Stoney W : Sarcee Tr NW to 16 Ave NE,18,2026-09-07T09:04:06.000
2026-09-07T15:26:02.168Z,Stoney Trail,EB Stoney W : Sarcee Tr NW to Deerfoot Tr N,8,2026-09-07T09:04:06.000
2026-09-07T15:26:02.168Z,Stoney Trail,NB Stoney Tr: 114 Ave SE to 16 Ave NE,8,2026-09-07T09:04:06.000
2026-09-07T15:26:02.168Z,Stoney Trail,NB Stoney Tr: 114 Ave SE to Deerfoot Tr NE,19,2026-09-07T09:04:06.000
2026-09-07T15:26:02.168Z,Stoney Trail,NB Stoney Tr: McKnight Blvd NE to Crowchild Tr NW,21,2026-09-07T09:04:06.000
2026-09-07T15:26:02.168Z,Stoney Trail,NB Stoney Tr: McKnight Blvd NE to Deerfoot Tr N,9,2026-09-07T09:04:06.000
2026-09-07T15:26:02.168Z,Stoney Trail,NB Stoney Tr: Peigan Tr SE to Deerfoot Tr NE,14,2026-09-07T09:04:06.000
2026-09-07T15:26:02.168Z,Stoney Trail,NB Stoney Tr: Peigan Tr SE to McKnight Blvd NE,6,2026-09-07T09:04:06.000
2026-09-07T15:26:02.168Z,Stoney Trail,SB Deerfoot Tr: Balzac  to Stoney Tr SE via Stoney Tr,26,2026-09-07T09:04:06.000
2026-09-07T15:26:02.168Z,Stoney Trail,SB Stoney Tr: Mcknight Blvd NE to Deerfoot Tr S,15,2026-09-07T09:04:06.000
2026-09-07T15:26:02.168Z,Stoney Trail,SB Stoney Tr: Mcknight Blvd NE to Glenmore Tr SE,8,2026-09-07T09:04:06.000
2026-09-07T15:26:02.168Z,Stoney Trail,SB Stoney Tr: Peigan Tr SE to 52 St SE,9,2026-09-07T09:04:06.000
2026-09-07T15:26:02.168Z,Stoney Trail,SB Stoney Tr: Peigan Tr SE to Macleod Tr SE,13,2026-09-07T09:04:06.000
2026-09-07T15:26:02.168Z,Stoney Trail,WB Stoney Tr: 52 St SE to James Mckevitt Rd SW,7,2026-09-07T09:04:06.000
2026-09-07T15:26:02.168Z,Stoney Trail,WB Stoney Tr: 52 St SE to Macleod Tr SE,5,2026-09-07T09:04:06.000
2026-09-07T15:26:02.168Z,Stoney Trail,WB Stoney Tr: Country Hills Blvd NW to 16 Ave NW,6,2026-09-07T09:04:06.000
2026-09-07T15:26:02.168Z,Stoney Trail,WB Stoney Tr: Deerfoot Tr NW to 16 Ave NW,14,2026-09-07T09:04:06.000
2026-09-07T15:26:02.168Z,Stoney Trail,WB Stoney Tr: Deerfoot Tr NW to Crowchild Tr NW,10,2026-09-07T09:04:06.000
2026-09-07T15:26:02.168Z,Trans Canada Highway,WB Trans Canada Hwy: Hwy 22 to Banff,54,2026-09-07T09:04:06.000
2026-09-07T15:26:02.168Z,Trans Canada Highway,WB Trans Canada Hwy: Hwy 22 to Kananaskis Village,44,2026-09-07T09:04:06.000
2026-09-07T19:22:02.035Z,16 Avenue,WB 16 Ave: Stoney Tr NE to Valley Ridge Bv NW via 16 Ave,31,2026-09-07T12:44:06.000
2026-09-07T19:22:02.035Z,16 Avenue,WB 16 Ave: Stoney Tr NE to Valley Ridge Bv Via Stoney Tr,27,2026-09-07T12:44:06.000
2026-09-07T19:22:02.035Z,Crowchild Trail,NB Crowchild Tr: 50 Ave SW to 24 Ave NW,7,2026-09-07T12:44:06.000
2026-09-07T19:22:02.035Z,Crowchild Trail,NB Crowchild Tr: 50 Ave SW to Memorial Dr NW,4,2026-09-07T12:44:06.000
2026-09-07T19:22:02.035Z,Crowchild Trail,NB Crowchild Tr: Glenmore Tr SW to 24 Ave NW,9,2026-09-07T12:44:06.000
2026-09-07T19:22:02.035Z,Crowchild Trail,SB Crowchild Tr: 12 Mile Coulee Rd NW to Glenmore Tr SW,16,2026-09-07T12:44:06.000
2026-09-07T19:22:02.035Z,Crowchild Trail,SB Crowchild Tr: 12 Mile Coulee Rd NW to Memorial Dr NW,12,2026-09-07T12:44:06.000
2026-09-07T19:22:02.035Z,Crowchild Trail,SB Crowchild Tr: 24 Ave NW to 17 Ave SW,5,2026-09-07T12:44:06.000
2026-09-07T19:22:02.035Z,Crowchild Trail,SB Crowchild Tr: 24 Ave NW to Glenmore Tr SW,9,2026-09-07T12:44:06.000
2026-09-07T19:22:02.035Z,Crowchild Trail,SB Crowchild Tr: 33 Ave SW to Deerfoot Tr SE,8,2026-09-07T12:44:06.000
2026-09-07T19:22:02.035Z,Crowchild Trail,SB Crowchild Tr: 33 Ave SW to Glenmore Tr SW,4,2026-09-07T12:44:06.000
2026-09-07T19:22:02.035Z,Deerfoot Trail,NB Deerfoot Tr: 17 Ave SE to Airport Tr NE,9,2026-09-07T12:44:06.000
2026-09-07T19:22:02.035Z,Deerfoot Trail,NB Deerfoot Tr: 17 Ave SE to Stoney Tr NE,12,2026-09-07T12:44:06.000
2026-09-07T19:22:02.035Z,Deerfoot Trail,NB Deerfoot Tr: 274 Ave S to City Centre via Deerfoot Tr,27,2026-09-07T12:44:06.000
2026-09-07T19:22:02.035Z,Deerfoot Trail,NB Deerfoot Tr: 32 Ave NE to Airport Tr NE,4,2026-09-07T12:44:06.000
2026-09-07T19:22:02.035Z,Deerfoot Trail,NB Deerfoot Tr: 32 Ave NE to Stoney Tr NE,7,2026-09-07T12:44:06.000
2026-09-07T19:22:02.035Z,Deerfoot Trail,NB Deerfoot Tr: 8 Ave NE to Airport Tr NE,6,2026-09-07T12:44:06.000
2026-09-07T19:22:02.035Z,Deerfoot Trail,NB Deerfoot Tr: 8 Ave NE to Stoney Tr NE,9,2026-09-07T12:44:06.000
2026-09-07T19:22:02.035Z,Deerfoot Trail,NB Deerfoot Tr: Anderson Rd SE to Airport Tr NE,16,2026-09-07T12:44:06.000
2026-09-07T19:22:02.035Z,Deerfoot Trail,NB Deerfoot Tr: Anderson Rd SE to Memorial Dr SE,10,2026-09-07T12:44:06.000
2026-09-07T19:22:02.035Z,Deerfoot Trail,NB Deerfoot Tr: Cranston Ave SE to Memorial Dr SE,17,2026-09-07T12:44:06.000
2026-09-07T19:22:02.035Z,Deerfoot Trail,NB Deerfoot Tr: Cranston Ave SE to Southland Dr SE,10,2026-09-07T12:44:06.000
2026-09-07T19:22:02.035Z,Deerfoot Trail,NB Deerfoot Tr: Glenmore Tr SE to Airport Tr NE,11,2026-09-07T12:44:06.000
2026-09-07T19:22:02.035Z,Deerfoot Trail,NB Deerfoot Tr: Glenmore Tr SE to Memorial Dr SE,5,2026-09-07T12:44:06.000
2026-09-07T19:22:02.035Z,Deerfoot Trail,NB Deerfoot Tr: Glenmore Tr SE to Stoney Tr NE,14,2026-09-07T12:44:06.000
2026-09-07T19:22:02.035Z,Deerfoot Trail,SB Deerfoot Tr: 17 Ave SE to Anderson Rd SE,9,2026-09-07T12:44:06.000
2026-09-07T19:22:02.035Z,Deerfoot Trail,SB Deerfoot Tr: 17 Ave SE to Stoney Tr SE,14,2026-09-07T12:44:06.000
2026-09-07T19:22:02.035Z,Deerfoot Trail,SB Deerfoot Tr: 64 Ave NE to Anderson Rd SE,14,2026-09-07T12:44:06.000
2026-09-07T19:22:02.035Z,Deerfoot Trail,SB Deerfoot Tr: 64 Ave NE to Memorial Dr SE,5,2026-09-07T12:44:06.000
2026-09-07T19:22:02.035Z,Deerfoot Trail,SB Deerfoot Tr: 8 Ave SE to Glenmore Tr SE,7,2026-09-07T12:44:06.000
2026-09-07T19:22:02.035Z,Deerfoot Trail,SB Deerfoot Tr: 8 Ave SE to Stoney Tr SE,15,2026-09-07T12:44:06.000
2026-09-07T19:22:02.035Z,Deerfoot Trail,SB Deerfoot Tr: Airport Tr NE to Anderson Rd SE,16,2026-09-07T12:44:06.000
2026-09-07T19:22:02.035Z,Deerfoot Trail,SB Deerfoot Tr: Airport Tr NE to Memorial Dr SE,7,2026-09-07T12:44:06.000
2026-09-07T19:22:02.035Z,Deerfoot Trail,SB Deerfoot Tr: Balzac  to Stoney Tr SE via Deerfoot Tr,25,2026-09-07T12:44:06.000
2026-09-07T19:22:02.035Z,Deerfoot Trail,SB Deerfoot Tr: Peigan Tr SE to Anderson Rd SE,7,2026-09-07T12:44:06.000
2026-09-07T19:22:02.035Z,Deerfoot Trail,SB Deerfoot Tr: Peigan Tr SE to Stoney Tr SE,12,2026-09-07T12:44:06.000
2026-09-07T19:22:02.035Z,Glenmore Trail,EB Glenmore Tr: Crowchild Tr SW to Deerfoot Tr SE,5,2026-09-07T12:44:06.000
2026-09-07T19:22:02.035Z,Glenmore Trail,WB Glenmore Tr: Odgen Rd SE to Bow Trail SW,11,2026-09-07T12:44:06.000
2026-09-07T19:22:02.035Z,Glenmore Trail,WB Glenmore Tr: Odgen Rd SE to Crowchild Tr SW,7,2026-09-07T12:44:06.000
2026-09-07T19:22:02.035Z,Macleod Trail,NB Macleod Tr: 274 Ave S to City Centre via Macleod Tr,31,2026-09-07T12:44:06.000
2026-09-07T19:22:02.035Z,Macleod Trail,NB Macleod Tr: Anderson Rd SE to 7 Av SE,18,2026-09-07T12:44:06.000
2026-09-07T19:22:02.035Z,Macleod Trail,NB Macleod Tr: Anderson Rd SE to Blackfoot Tr SW,27,2026-09-07T12:44:06.000
2026-09-07T19:22:02.035Z,Macleod Trail,NB Macleod Tr: Anderson Rd SE to Crowchild Tr SW,12,2026-09-07T12:44:06.000
2026-09-07T19:22:02.035Z,Macleod Trail,NB Macleod Tr: N of 25 Ave S to City Centre,3,2026-09-07T12:44:06.000
2026-09-07T19:22:02.035Z,Stoney Trail,EB Stoney Tr: Chaparral Blvd SE to 16 Ave NE,14,2026-09-07T12:44:06.000
2026-09-07T19:22:02.035Z,Stoney Trail,EB Stoney Tr: Chaparral Blvd SE to Glenmore Tr SE,9,2026-09-07T12:44:06.000
2026-09-07T19:22:02.035Z,Stoney Trail,EB Stoney Tr: Harvest Hills Blvd NW to 16 Ave NE,14,2026-09-07T12:44:06.000
2026-09-07T19:22:02.035Z,Stoney Trail,EB Stoney Tr: Harvest Hills Blvd NW to Glenmore Tr SE,20,2026-09-07T12:44:06.000
2026-09-07T19:22:02.035Z,Stoney Trail,EB Stoney W : Sarcee Tr NW to 16 Ave NE,18,2026-09-07T12:44:06.000
2026-09-07T19:22:02.035Z,Stoney Trail,EB Stoney W : Sarcee Tr NW to Deerfoot Tr N,8,2026-09-07T12:44:06.000
2026-09-07T19:22:02.035Z,Stoney Trail,NB Stoney Tr: 114 Ave SE to 16 Ave NE,8,2026-09-07T12:44:06.000
2026-09-07T19:22:02.035Z,Stoney Trail,NB Stoney Tr: 114 Ave SE to Deerfoot Tr NE,18,2026-09-07T12:44:06.000
2026-09-07T19:22:02.035Z,Stoney Trail,NB Stoney Tr: McKnight Blvd NE to Crowchild Tr NW,20,2026-09-07T12:44:06.000
2026-09-07T19:22:02.035Z,Stoney Trail,NB Stoney Tr: McKnight Blvd NE to Deerfoot Tr N,9,2026-09-07T12:44:06.000
2026-09-07T19:22:02.035Z,Stoney Trail,NB Stoney Tr: Peigan Tr SE to Deerfoot Tr NE,14,2026-09-07T12:44:06.000
2026-09-07T19:22:02.035Z,Stoney Trail,NB Stoney Tr: Peigan Tr SE to McKnight Blvd NE,6,2026-09-07T12:44:06.000
2026-09-07T19:22:02.035Z,Stoney Trail,SB Deerfoot Tr: Balzac  to Stoney Tr SE via Stoney Tr,26,2026-09-07T12:44:06.000
2026-09-07T19:22:02.035Z,Stoney Trail,SB Stoney Tr: Mcknight Blvd NE to Deerfoot Tr S,15,2026-09-07T12:44:06.000
2026-09-07T19:22:02.035Z,Stoney Trail,SB Stoney Tr: Mcknight Blvd NE to Glenmore Tr SE,8,2026-09-07T12:44:06.000
2026-09-07T19:22:02.035Z,Stoney Trail,SB Stoney Tr: Peigan Tr SE to 52 St SE,9,2026-09-07T12:44:06.000
2026-09-07T19:22:02.035Z,Stoney Trail,SB Stoney Tr: Peigan Tr SE to Macleod Tr SE,14,2026-09-07T12:44:06.000
2026-09-07T19:22:02.035Z,Stoney Trail,WB Stoney Tr: 52 St SE to James Mckevitt Rd SW,7,2026-09-07T12:44:06.000
2026-09-07T19:22:02.035Z,Stoney Trail,WB Stoney Tr: 52 St SE to Macleod Tr SE,5,2026-09-07T12:44:06.000
2026-09-07T19:22:02.035Z,Stoney Trail,WB Stoney Tr: Country Hills Blvd NW to 16 Ave NW,5,2026-09-07T12:44:06.000
2026-09-07T19:22:02.035Z,Stoney Trail,WB Stoney Tr: Deerfoot Tr NW to 16 Ave NW,13,2026-09-07T12:44:06.000
2026-09-07T19:22:02.035Z,Stoney Trail,WB Stoney Tr: Deerfoot Tr NW to Crowchild Tr NW,9,2026-09-07T12:44:06.000
2026-09-07T19:22:02.035Z,Trans Canada Highway,WB Trans Canada Hwy: Hwy 22 to Banff,54,2026-09-07T12:44:06.000
2026-09-07T19:22:02.035Z,Trans Canada Highway,WB Trans Canada Hwy: Hwy 22 to Kananaskis Village,48,2026-09-07T12:44:06.000
2026-09-07T22:14:46.931Z,16 Avenue,WB 16 Ave: Stoney Tr NE to Valley Ridge Bv NW via 16 Ave,33,2026-09-07T16:04:06.000
2026-09-07T22:14:46.931Z,16 Avenue,WB 16 Ave: Stoney Tr NE to Valley Ridge Bv Via Stoney Tr,27,2026-09-07T16:04:06.000
2026-09-07T22:14:46.931Z,Crowchild Trail,NB Crowchild Tr: 50 Ave SW to 24 Ave NW,10,2026-09-07T16:04:06.000
2026-09-07T22:14:46.931Z,Crowchild Trail,NB Crowchild Tr: 50 Ave SW to Memorial Dr NW,4,2026-09-07T16:04:06.000
2026-09-07T22:14:46.931Z,Crowchild Trail,NB Crowchild Tr: Glenmore Tr SW to 24 Ave NW,12,2026-09-07T16:04:06.000
2026-09-07T22:14:46.931Z,Crowchild Trail,SB Crowchild Tr: 12 Mile Coulee Rd NW to Glenmore Tr SW,17,2026-09-07T16:04:06.000
2026-09-07T22:14:46.931Z,Crowchild Trail,SB Crowchild Tr: 12 Mile Coulee Rd NW to Memorial Dr NW,12,2026-09-07T16:04:06.000
2026-09-07T22:14:46.931Z,Crowchild Trail,SB Crowchild Tr: 24 Ave NW to 17 Ave SW,5,2026-09-07T16:04:06.000
2026-09-07T22:14:46.931Z,Crowchild Trail,SB Crowchild Tr: 24 Ave NW to Glenmore Tr SW,9,2026-09-07T16:04:06.000
2026-09-07T22:14:46.931Z,Crowchild Trail,SB Crowchild Tr: 33 Ave SW to Deerfoot Tr SE,8,2026-09-07T16:04:06.000
2026-09-07T22:14:46.931Z,Crowchild Trail,SB Crowchild Tr: 33 Ave SW to Glenmore Tr SW,3,2026-09-07T16:04:06.000
2026-09-07T22:14:46.931Z,Deerfoot Trail,NB Deerfoot Tr: 17 Ave SE to Airport Tr NE,8,2026-09-07T16:04:06.000
2026-09-07T22:14:46.931Z,Deerfoot Trail,NB Deerfoot Tr: 17 Ave SE to Stoney Tr NE,11,2026-09-07T16:04:06.000
2026-09-07T22:14:46.931Z,Deerfoot Trail,NB Deerfoot Tr: 274 Ave S to City Centre via Deerfoot Tr,28,2026-09-07T16:04:06.000
2026-09-07T22:14:46.931Z,Deerfoot Trail,NB Deerfoot Tr: 32 Ave NE to Airport Tr NE,4,2026-09-07T16:04:06.000
2026-09-07T22:14:46.931Z,Deerfoot Trail,NB Deerfoot Tr: 32 Ave NE to Stoney Tr NE,7,2026-09-07T16:04:06.000
2026-09-07T22:14:46.931Z,Deerfoot Trail,NB Deerfoot Tr: 8 Ave NE to Airport Tr NE,6,2026-09-07T16:04:06.000
2026-09-07T22:14:46.931Z,Deerfoot Trail,NB Deerfoot Tr: 8 Ave NE to Stoney Tr NE,9,2026-09-07T16:04:06.000
2026-09-07T22:14:46.931Z,Deerfoot Trail,NB Deerfoot Tr: Anderson Rd SE to Airport Tr NE,16,2026-09-07T16:04:06.000
2026-09-07T22:14:46.931Z,Deerfoot Trail,NB Deerfoot Tr: Anderson Rd SE to Memorial Dr SE,9,2026-09-07T16:04:06.000
2026-09-07T22:14:46.931Z,Deerfoot Trail,NB Deerfoot Tr: Cranston Ave SE to Memorial Dr SE,18,2026-09-07T16:04:06.000
2026-09-07T22:14:46.931Z,Deerfoot Trail,NB Deerfoot Tr: Cranston Ave SE to Southland Dr SE,10,2026-09-07T16:04:06.000
2026-09-07T22:14:46.931Z,Deerfoot Trail,NB Deerfoot Tr: Glenmore Tr SE to Airport Tr NE,11,2026-09-07T16:04:06.000
2026-09-07T22:14:46.931Z,Deerfoot Trail,NB Deerfoot Tr: Glenmore Tr SE to Memorial Dr SE,5,2026-09-07T16:04:06.000
2026-09-07T22:14:46.931Z,Deerfoot Trail,NB Deerfoot Tr: Glenmore Tr SE to Stoney Tr NE,13,2026-09-07T16:04:06.000
2026-09-07T22:14:46.931Z,Deerfoot Trail,SB Deerfoot Tr: 17 Ave SE to Anderson Rd SE,8,2026-09-07T16:04:06.000
2026-09-07T22:14:46.931Z,Deerfoot Trail,SB Deerfoot Tr: 17 Ave SE to Stoney Tr SE,13,2026-09-07T16:04:06.000
2026-09-07T22:14:46.931Z,Deerfoot Trail,SB Deerfoot Tr: 64 Ave NE to Anderson Rd SE,13,2026-09-07T16:04:06.000
2026-09-07T22:14:46.931Z,Deerfoot Trail,SB Deerfoot Tr: 64 Ave NE to Memorial Dr SE,5,2026-09-07T16:04:06.000
2026-09-07T22:14:46.931Z,Deerfoot Trail,SB Deerfoot Tr: 8 Ave SE to Glenmore Tr SE,6,2026-09-07T16:04:06.000
2026-09-07T22:14:46.931Z,Deerfoot Trail,SB Deerfoot Tr: 8 Ave SE to Stoney Tr SE,14,2026-09-07T16:04:06.000
2026-09-07T22:14:46.931Z,Deerfoot Trail,SB Deerfoot Tr: Airport Tr NE to Anderson Rd SE,15,2026-09-07T16:04:06.000
2026-09-07T22:14:46.931Z,Deerfoot Trail,SB Deerfoot Tr: Airport Tr NE to Memorial Dr SE,7,2026-09-07T16:04:06.000
2026-09-07T22:14:46.931Z,Deerfoot Trail,SB Deerfoot Tr: Balzac  to Stoney Tr SE via Deerfoot Tr,25,2026-09-07T16:04:06.000
2026-09-07T22:14:46.931Z,Deerfoot Trail,SB Deerfoot Tr: Peigan Tr SE to Anderson Rd SE,7,2026-09-07T16:04:06.000
2026-09-07T22:14:46.931Z,Deerfoot Trail,SB Deerfoot Tr: Peigan Tr SE to Stoney Tr SE,12,2026-09-07T16:04:06.000
2026-09-07T22:14:46.931Z,Glenmore Trail,EB Glenmore Tr: Crowchild Tr SW to Deerfoot Tr SE,6,2026-09-07T16:04:06.000
2026-09-07T22:14:46.931Z,Glenmore Trail,WB Glenmore Tr: Odgen Rd SE to Bow Trail SW,11,2026-09-07T16:04:06.000
2026-09-07T22:14:46.931Z,Glenmore Trail,WB Glenmore Tr: Odgen Rd SE to Crowchild Tr SW,7,2026-09-07T16:04:06.000
2026-09-07T22:14:46.931Z,Macleod Trail,NB Macleod Tr: 274 Ave S to City Centre via Macleod Tr,32,2026-09-07T16:04:06.000
2026-09-07T22:14:46.931Z,Macleod Trail,NB Macleod Tr: Anderson Rd SE to 7 Av SE,17,2026-09-07T16:04:06.000
2026-09-07T22:14:46.931Z,Macleod Trail,NB Macleod Tr: Anderson Rd SE to Blackfoot Tr SW,27,2026-09-07T16:04:06.000
2026-09-07T22:14:46.931Z,Macleod Trail,NB Macleod Tr: Anderson Rd SE to Crowchild Tr SW,11,2026-09-07T16:04:06.000
2026-09-07T22:14:46.931Z,Macleod Trail,NB Macleod Tr: N of 25 Ave S to City Centre,3,2026-09-07T16:04:06.000
2026-09-07T22:14:46.931Z,Stoney Trail,EB Stoney Tr: Chaparral Blvd SE to 16 Ave NE,15,2026-09-07T16:04:06.000
2026-09-07T22:14:46.931Z,Stoney Trail,EB Stoney Tr: Chaparral Blvd SE to Glenmore Tr SE,10,2026-09-07T16:04:06.000
2026-09-07T22:14:46.931Z,Stoney Trail,EB Stoney Tr: Harvest Hills Blvd NW to 16 Ave NE,14,2026-09-07T16:04:06.000
2026-09-07T22:14:46.931Z,Stoney Trail,EB Stoney Tr: Harvest Hills Blvd NW to Glenmore Tr SE,20,2026-09-07T16:04:06.000
2026-09-07T22:14:46.931Z,Stoney Trail,EB Stoney W : Sarcee Tr NW to 16 Ave NE,19,2026-09-07T16:04:06.000
2026-09-07T22:14:46.931Z,Stoney Trail,EB Stoney W : Sarcee Tr NW to Deerfoot Tr N,8,2026-09-07T16:04:06.000
2026-09-07T22:14:46.931Z,Stoney Trail,NB Stoney Tr: 114 Ave SE to 16 Ave NE,8,2026-09-07T16:04:06.000
2026-09-07T22:14:46.931Z,Stoney Trail,NB Stoney Tr: 114 Ave SE to Deerfoot Tr NE,19,2026-09-07T16:04:06.000
2026-09-07T22:14:46.931Z,Stoney Trail,NB Stoney Tr: McKnight Blvd NE to Crowchild Tr NW,20,2026-09-07T16:04:06.000
2026-09-07T22:14:46.931Z,Stoney Trail,NB Stoney Tr: McKnight Blvd NE to Deerfoot Tr N,9,2026-09-07T16:04:06.000
2026-09-07T22:14:46.931Z,Stoney Trail,NB Stoney Tr: Peigan Tr SE to Deerfoot Tr NE,14,2026-09-07T16:04:06.000
2026-09-07T22:14:46.931Z,Stoney Trail,NB Stoney Tr: Peigan Tr SE to McKnight Blvd NE,5,2026-09-07T16:04:06.000
2026-09-07T22:14:46.931Z,Stoney Trail,SB Deerfoot Tr: Balzac  to Stoney Tr SE via Stoney Tr,27,2026-09-07T16:04:06.000
2026-09-07T22:14:46.931Z,Stoney Trail,SB Stoney Tr: Mcknight Blvd NE to Deerfoot Tr S,15,2026-09-07T16:04:06.000
2026-09-07T22:14:46.931Z,Stoney Trail,SB Stoney Tr: Mcknight Blvd NE to Glenmore Tr SE,8,2026-09-07T16:04:06.000
2026-09-07T22:14:46.931Z,Stoney Trail,SB Stoney Tr: Peigan Tr SE to 52 St SE,9,2026-09-07T16:04:06.000
2026-09-07T22:14:46.931Z,Stoney Trail,SB Stoney Tr: Peigan Tr SE to Macleod Tr SE,14,2026-09-07T16:04:06.000
2026-09-07T22:14:46.931Z,Stoney Trail,WB Stoney Tr: 52 St SE to James Mckevitt Rd SW,7,2026-09-07T16:04:06.000
2026-09-07T22:14:46.931Z,Stoney Trail,WB Stoney Tr: 52 St SE to Macleod Tr SE,5,2026-09-07T16:04:06.000
2026-09-07T22:14:46.931Z,Stoney Trail,WB Stoney Tr: Country Hills Blvd NW to 16 Ave NW,5,2026-09-07T16:04:06.000
2026-09-07T22:14:46.931Z,Stoney Trail,WB Stoney Tr: Deerfoot Tr NW to 16 Ave NW,13,2026-09-07T16:04:06.000
2026-09-07T22:14:46.931Z,Stoney Trail,WB Stoney Tr: Deerfoot Tr NW to Crowchild Tr NW,9,2026-09-07T16:04:06.000
2026-09-07T22:14:46.931Z,Trans Canada Highway,WB Trans Canada Hwy: Hwy 22 to Banff,54,2026-09-07T16:04:06.000
2026-09-07T22:14:46.931Z,Trans Canada Highway,WB Trans Canada Hwy: Hwy 22 to Kananaskis Village,44,2026-09-07T16:04:06.000
2026-09-08T00:26:46.419Z,16 Avenue,WB 16 Ave: Stoney Tr NE to Valley Ridge Bv NW via 16 Ave,30,2026-09-07T18:04:06.000
2026-09-08T00:26:46.419Z,16 Avenue,WB 16 Ave: Stoney Tr NE to Valley Ridge Bv Via Stoney Tr,25,2026-09-07T18:04:06.000
2026-09-08T00:26:46.419Z,Crowchild Trail,NB Crowchild Tr: 50 Ave SW to 24 Ave NW,8,2026-09-07T18:04:06.000
2026-09-08T00:26:46.419Z,Crowchild Trail,NB Crowchild Tr: 50 Ave SW to Memorial Dr NW,4,2026-09-07T18:04:06.000
2026-09-08T00:26:46.419Z,Crowchild Trail,NB Crowchild Tr: Glenmore Tr SW to 24 Ave NW,9,2026-09-07T18:04:06.000
2026-09-08T00:26:46.419Z,Crowchild Trail,SB Crowchild Tr: 12 Mile Coulee Rd NW to Glenmore Tr SW,17,2026-09-07T18:04:06.000
2026-09-08T00:26:46.419Z,Crowchild Trail,SB Crowchild Tr: 12 Mile Coulee Rd NW to Memorial Dr NW,12,2026-09-07T18:04:06.000
2026-09-08T00:26:46.419Z,Crowchild Trail,SB Crowchild Tr: 24 Ave NW to 17 Ave SW,5,2026-09-07T18:04:06.000
2026-09-08T00:26:46.419Z,Crowchild Trail,SB Crowchild Tr: 24 Ave NW to Glenmore Tr SW,9,2026-09-07T18:04:06.000
2026-09-08T00:26:46.419Z,Crowchild Trail,SB Crowchild Tr: 33 Ave SW to Deerfoot Tr SE,8,2026-09-07T18:04:06.000
2026-09-08T00:26:46.419Z,Crowchild Trail,SB Crowchild Tr: 33 Ave SW to Glenmore Tr SW,4,2026-09-07T18:04:06.000
2026-09-08T00:26:46.419Z,Deerfoot Trail,NB Deerfoot Tr: 17 Ave SE to Airport Tr NE,9,2026-09-07T18:04:06.000
2026-09-08T00:26:46.419Z,Deerfoot Trail,NB Deerfoot Tr: 17 Ave SE to Stoney Tr NE,12,2026-09-07T18:04:06.000
2026-09-08T00:26:46.419Z,Deerfoot Trail,NB Deerfoot Tr: 274 Ave S to City Centre via Deerfoot Tr,28,2026-09-07T18:04:06.000
2026-09-08T00:26:46.419Z,Deerfoot Trail,NB Deerfoot Tr: 32 Ave NE to Airport Tr NE,4,2026-09-07T18:04:06.000
2026-09-08T00:26:46.419Z,Deerfoot Trail,NB Deerfoot Tr: 32 Ave NE to Stoney Tr NE,7,2026-09-07T18:04:06.000
2026-09-08T00:26:46.419Z,Deerfoot Trail,NB Deerfoot Tr: 8 Ave NE to Airport Tr NE,7,2026-09-07T18:04:06.000
2026-09-08T00:26:46.419Z,Deerfoot Trail,NB Deerfoot Tr: 8 Ave NE to Stoney Tr NE,9,2026-09-07T18:04:06.000
2026-09-08T00:26:46.419Z,Deerfoot Trail,NB Deerfoot Tr: Anderson Rd SE to Airport Tr NE,17,2026-09-07T18:04:06.000
2026-09-08T00:26:46.419Z,Deerfoot Trail,NB Deerfoot Tr: Anderson Rd SE to Memorial Dr SE,10,2026-09-07T18:04:06.000
2026-09-08T00:26:46.419Z,Deerfoot Trail,NB Deerfoot Tr: Cranston Ave SE to Memorial Dr SE,18,2026-09-07T18:04:06.000
2026-09-08T00:26:46.419Z,Deerfoot Trail,NB Deerfoot Tr: Cranston Ave SE to Southland Dr SE,11,2026-09-07T18:04:06.000
2026-09-08T00:26:46.419Z,Deerfoot Trail,NB Deerfoot Tr: Glenmore Tr SE to Airport Tr NE,12,2026-09-07T18:04:06.000
2026-09-08T00:26:46.419Z,Deerfoot Trail,NB Deerfoot Tr: Glenmore Tr SE to Memorial Dr SE,5,2026-09-07T18:04:06.000
2026-09-08T00:26:46.419Z,Deerfoot Trail,NB Deerfoot Tr: Glenmore Tr SE to Stoney Tr NE,14,2026-09-07T18:04:06.000
2026-09-08T00:26:46.419Z,Deerfoot Trail,SB Deerfoot Tr: 17 Ave SE to Anderson Rd SE,9,2026-09-07T18:04:06.000
2026-09-08T00:26:46.419Z,Deerfoot Trail,SB Deerfoot Tr: 17 Ave SE to Stoney Tr SE,14,2026-09-07T18:04:06.000
2026-09-08T00:26:46.419Z,Deerfoot Trail,SB Deerfoot Tr: 64 Ave NE to Anderson Rd SE,14,2026-09-07T18:04:06.000
2026-09-08T00:26:46.419Z,Deerfoot Trail,SB Deerfoot Tr: 64 Ave NE to Memorial Dr SE,5,2026-09-07T18:04:06.000
2026-09-08T00:26:46.419Z,Deerfoot Trail,SB Deerfoot Tr: 8 Ave SE to Glenmore Tr SE,6,2026-09-07T18:04:06.000
2026-09-08T00:26:46.419Z,Deerfoot Trail,SB Deerfoot Tr: 8 Ave SE to Stoney Tr SE,15,2026-09-07T18:04:06.000
2026-09-08T00:26:46.419Z,Deerfoot Trail,SB Deerfoot Tr: Airport Tr NE to Anderson Rd SE,16,2026-09-07T18:04:06.000
2026-09-08T00:26:46.419Z,Deerfoot Trail,SB Deerfoot Tr: Airport Tr NE to Memorial Dr SE,7,2026-09-07T18:04:06.000
2026-09-08T00:26:46.419Z,Deerfoot Trail,SB Deerfoot Tr: Balzac  to Stoney Tr SE via Deerfoot Tr,25,2026-09-07T18:04:06.000
2026-09-08T00:26:46.419Z,Deerfoot Trail,SB Deerfoot Tr: Peigan Tr SE to Anderson Rd SE,7,2026-09-07T18:04:06.000
2026-09-08T00:26:46.419Z,Deerfoot Trail,SB Deerfoot Tr: Peigan Tr SE to Stoney Tr SE,12,2026-09-07T18:04:06.000
2026-09-08T00:26:46.419Z,Glenmore Trail,EB Glenmore Tr: Crowchild Tr SW to Deerfoot Tr SE,5,2026-09-07T18:04:06.000
2026-09-08T00:26:46.419Z,Glenmore Trail,WB Glenmore Tr: Odgen Rd SE to Bow Trail SW,12,2026-09-07T18:04:06.000
2026-09-08T00:26:46.419Z,Glenmore Trail,WB Glenmore Tr: Odgen Rd SE to Crowchild Tr SW,8,2026-09-07T18:04:06.000
2026-09-08T00:26:46.419Z,Macleod Trail,NB Macleod Tr: 274 Ave S to City Centre via Macleod Tr,30,2026-09-07T18:04:06.000
2026-09-08T00:26:46.419Z,Macleod Trail,NB Macleod Tr: Anderson Rd SE to 7 Av SE,15,2026-09-07T18:04:06.000
2026-09-08T00:26:46.419Z,Macleod Trail,NB Macleod Tr: Anderson Rd SE to Blackfoot Tr SW,25,2026-09-07T18:04:06.000
2026-09-08T00:26:46.419Z,Macleod Trail,NB Macleod Tr: Anderson Rd SE to Crowchild Tr SW,11,2026-09-07T18:04:06.000
2026-09-08T00:26:46.419Z,Macleod Trail,NB Macleod Tr: N of 25 Ave S to City Centre,3,2026-09-07T18:04:06.000
2026-09-08T00:26:46.419Z,Stoney Trail,EB Stoney Tr: Chaparral Blvd SE to 16 Ave NE,16,2026-09-07T18:04:06.000
2026-09-08T00:26:46.419Z,Stoney Trail,EB Stoney Tr: Chaparral Blvd SE to Glenmore Tr SE,10,2026-09-07T18:04:06.000
2026-09-08T00:26:46.419Z,Stoney Trail,EB Stoney Tr: Harvest Hills Blvd NW to 16 Ave NE,14,2026-09-07T18:04:06.000
2026-09-08T00:26:46.419Z,Stoney Trail,EB Stoney Tr: Harvest Hills Blvd NW to Glenmore Tr SE,20,2026-09-07T18:04:06.000
2026-09-08T00:26:46.419Z,Stoney Trail,EB Stoney W : Sarcee Tr NW to 16 Ave NE,19,2026-09-07T18:04:06.000
2026-09-08T00:26:46.419Z,Stoney Trail,EB Stoney W : Sarcee Tr NW to Deerfoot Tr N,8,2026-09-07T18:04:06.000
2026-09-08T00:26:46.419Z,Stoney Trail,NB Stoney Tr: 114 Ave SE to 16 Ave NE,8,2026-09-07T18:04:06.000
2026-09-08T00:26:46.419Z,Stoney Trail,NB Stoney Tr: 114 Ave SE to Deerfoot Tr NE,19,2026-09-07T18:04:06.000
2026-09-08T00:26:46.419Z,Stoney Trail,NB Stoney Tr: McKnight Blvd NE to Crowchild Tr NW,18,2026-09-07T18:04:06.000
2026-09-08T00:26:46.419Z,Stoney Trail,NB Stoney Tr: McKnight Blvd NE to Deerfoot Tr N,8,2026-09-07T18:04:06.000
2026-09-08T00:26:46.419Z,Stoney Trail,NB Stoney Tr: Peigan Tr SE to Deerfoot Tr NE,14,2026-09-07T18:04:06.000
2026-09-08T00:26:46.419Z,Stoney Trail,NB Stoney Tr: Peigan Tr SE to McKnight Blvd NE,6,2026-09-07T18:04:06.000
2026-09-08T00:26:46.419Z,Stoney Trail,SB Deerfoot Tr: Balzac  to Stoney Tr SE via Stoney Tr,27,2026-09-07T18:04:06.000
2026-09-08T00:26:46.419Z,Stoney Trail,SB Stoney Tr: Mcknight Blvd NE to Deerfoot Tr S,15,2026-09-07T18:04:06.000
2026-09-08T00:26:46.419Z,Stoney Trail,SB Stoney Tr: Mcknight Blvd NE to Glenmore Tr SE,8,2026-09-07T18:04:06.000
2026-09-08T00:26:46.419Z,Stoney Trail,SB Stoney Tr: Peigan Tr SE to 52 St SE,9,2026-09-07T18:04:06.000
2026-09-08T00:26:46.419Z,Stoney Trail,SB Stoney Tr: Peigan Tr SE to Macleod Tr SE,13,2026-09-07T18:04:06.000
2026-09-08T00:26:46.419Z,Stoney Trail,WB Stoney Tr: 52 St SE to James Mckevitt Rd SW,7,2026-09-07T18:04:06.000
2026-09-08T00:26:46.419Z,Stoney Trail,WB Stoney Tr: 52 St SE to Macleod Tr SE,5,2026-09-07T18:04:06.000
2026-09-08T00:26:46.419Z,Stoney Trail,WB Stoney Tr: Country Hills Blvd NW to 16 Ave NW,5,2026-09-07T18:04:06.000
2026-09-08T00:26:46.419Z,Stoney Trail,WB Stoney Tr: Deerfoot Tr NW to 16 Ave NW,12,2026-09-07T18:04:06.000
2026-09-08T00:26:46.419Z,Stoney Trail,WB Stoney Tr: Deerfoot Tr NW to Crowchild Tr NW,9,2026-09-07T18:04:06.000
2026-09-08T00:26:46.419Z,Trans Canada Highway,WB Trans Canada Hwy: Hwy 22 to Banff,52,2026-09-07T18:04:06.000
2026-09-08T00:26:46.419Z,Trans Canada Highway,WB Trans Canada Hwy: Hwy 22 to Kananaskis Village,45,2026-09-07T18:04:06.000
2026-09-08T05:09:22.373Z,16 Avenue,WB 16 Ave: Stoney Tr NE to Valley Ridge Bv NW via 16 Ave,30,2026-09-07T22:44:08.000
2026-09-08T05:09:22.373Z,16 Avenue,WB 16 Ave: Stoney Tr NE to Valley Ridge Bv Via Stoney Tr,26,2026-09-07T22:44:08.000
2026-09-08T05:09:22.373Z,Crowchild Trail,NB Crowchild Tr: 50 Ave SW to 24 Ave NW,7,2026-09-07T22:44:08.000
2026-09-08T05:09:22.373Z,Crowchild Trail,NB Crowchild Tr: 50 Ave SW to Memorial Dr NW,4,2026-09-07T22:44:08.000
2026-09-08T05:09:22.373Z,Crowchild Trail,NB Crowchild Tr: Glenmore Tr SW to 24 Ave NW,9,2026-09-07T22:44:08.000
2026-09-08T05:09:22.373Z,Crowchild Trail,SB Crowchild Tr: 12 Mile Coulee Rd NW to Glenmore Tr SW,16,2026-09-07T22:44:08.000
2026-09-08T05:09:22.373Z,Crowchild Trail,SB Crowchild Tr: 12 Mile Coulee Rd NW to Memorial Dr NW,11,2026-09-07T22:44:08.000
2026-09-08T05:09:22.373Z,Crowchild Trail,SB Crowchild Tr: 24 Ave NW to 17 Ave SW,5,2026-09-07T22:44:08.000
2026-09-08T05:09:22.373Z,Crowchild Trail,SB Crowchild Tr: 24 Ave NW to Glenmore Tr SW,9,2026-09-07T22:44:08.000
2026-09-08T05:09:22.373Z,Crowchild Trail,SB Crowchild Tr: 33 Ave SW to Deerfoot Tr SE,10,2026-09-07T22:44:08.000
2026-09-08T05:09:22.373Z,Crowchild Trail,SB Crowchild Tr: 33 Ave SW to Glenmore Tr SW,4,2026-09-07T22:44:08.000
2026-09-08T05:09:22.373Z,Deerfoot Trail,NB Deerfoot Tr: 17 Ave SE to Airport Tr NE,11,2026-09-07T22:44:08.000
2026-09-08T05:09:22.373Z,Deerfoot Trail,NB Deerfoot Tr: 17 Ave SE to Stoney Tr NE,13,2026-09-07T22:44:08.000
2026-09-08T05:09:22.373Z,Deerfoot Trail,NB Deerfoot Tr: 274 Ave S to City Centre via Deerfoot Tr,30,2026-09-07T22:44:08.000
2026-09-08T05:09:22.373Z,Deerfoot Trail,NB Deerfoot Tr: 32 Ave NE to Airport Tr NE,5,2026-09-07T22:44:08.000
2026-09-08T05:09:22.373Z,Deerfoot Trail,NB Deerfoot Tr: 32 Ave NE to Stoney Tr NE,8,2026-09-07T22:44:08.000
2026-09-08T05:09:22.373Z,Deerfoot Trail,NB Deerfoot Tr: 8 Ave NE to Airport Tr NE,8,2026-09-07T22:44:08.000
2026-09-08T05:09:22.373Z,Deerfoot Trail,NB Deerfoot Tr: 8 Ave NE to Stoney Tr NE,10,2026-09-07T22:44:08.000
2026-09-08T05:09:22.373Z,Deerfoot Trail,NB Deerfoot Tr: Anderson Rd SE to Airport Tr NE,18,2026-09-07T22:44:08.000
2026-09-08T05:09:22.373Z,Deerfoot Trail,NB Deerfoot Tr: Anderson Rd SE to Memorial Dr SE,11,2026-09-07T22:44:08.000
2026-09-08T05:09:22.373Z,Deerfoot Trail,NB Deerfoot Tr: Cranston Ave SE to Memorial Dr SE,20,2026-09-07T22:44:08.000
2026-09-08T05:09:22.373Z,Deerfoot Trail,NB Deerfoot Tr: Cranston Ave SE to Southland Dr SE,11,2026-09-07T22:44:08.000
2026-09-08T05:09:22.373Z,Deerfoot Trail,NB Deerfoot Tr: Glenmore Tr SE to Airport Tr NE,13,2026-09-07T22:44:08.000
2026-09-08T05:09:22.373Z,Deerfoot Trail,NB Deerfoot Tr: Glenmore Tr SE to Memorial Dr SE,6,2026-09-07T22:44:08.000
2026-09-08T05:09:22.373Z,Deerfoot Trail,NB Deerfoot Tr: Glenmore Tr SE to Stoney Tr NE,16,2026-09-07T22:44:08.000
2026-09-08T05:09:22.373Z,Deerfoot Trail,SB Deerfoot Tr: 17 Ave SE to Anderson Rd SE,9,2026-09-07T22:44:08.000
2026-09-08T05:09:22.373Z,Deerfoot Trail,SB Deerfoot Tr: 17 Ave SE to Stoney Tr SE,14,2026-09-07T22:44:08.000
2026-09-08T05:09:22.373Z,Deerfoot Trail,SB Deerfoot Tr: 64 Ave NE to Anderson Rd SE,14,2026-09-07T22:44:08.000
2026-09-08T05:09:22.373Z,Deerfoot Trail,SB Deerfoot Tr: 64 Ave NE to Memorial Dr SE,5,2026-09-07T22:44:08.000
2026-09-08T05:09:22.373Z,Deerfoot Trail,SB Deerfoot Tr: 8 Ave SE to Glenmore Tr SE,6,2026-09-07T22:44:08.000
2026-09-08T05:09:22.373Z,Deerfoot Trail,SB Deerfoot Tr: 8 Ave SE to Stoney Tr SE,15,2026-09-07T22:44:08.000
2026-09-08T05:09:22.373Z,Deerfoot Trail,SB Deerfoot Tr: Airport Tr NE to Anderson Rd SE,16,2026-09-07T22:44:08.000
2026-09-08T05:09:22.373Z,Deerfoot Trail,SB Deerfoot Tr: Airport Tr NE to Memorial Dr SE,7,2026-09-07T22:44:08.000
2026-09-08T05:09:22.373Z,Deerfoot Trail,SB Deerfoot Tr: Balzac  to Stoney Tr SE via Deerfoot Tr,26,2026-09-07T22:44:08.000
2026-09-08T05:09:22.373Z,Deerfoot Trail,SB Deerfoot Tr: Peigan Tr SE to Anderson Rd SE,7,2026-09-07T22:44:08.000
2026-09-08T05:09:22.373Z,Deerfoot Trail,SB Deerfoot Tr: Peigan Tr SE to Stoney Tr SE,12,2026-09-07T22:44:08.000
2026-09-08T05:09:22.373Z,Glenmore Trail,EB Glenmore Tr: Crowchild Tr SW to Deerfoot Tr SE,8,2026-09-07T22:44:08.000
2026-09-08T05:09:22.373Z,Glenmore Trail,WB Glenmore Tr: Odgen Rd SE to Bow Trail SW,11,2026-09-07T22:44:08.000
2026-09-08T05:09:22.373Z,Glenmore Trail,WB Glenmore Tr: Odgen Rd SE to Crowchild Tr SW,7,2026-09-07T22:44:08.000
2026-09-08T05:09:22.373Z,Macleod Trail,NB Macleod Tr: 274 Ave S to City Centre via Macleod Tr,26,2026-09-07T22:44:08.000
2026-09-08T05:09:22.373Z,Macleod Trail,NB Macleod Tr: Anderson Rd SE to 7 Av SE,13,2026-09-07T22:44:08.000
2026-09-08T05:09:22.373Z,Macleod Trail,NB Macleod Tr: Anderson Rd SE to Blackfoot Tr SW,23,2026-09-07T22:44:08.000
2026-09-08T05:09:22.373Z,Macleod Trail,NB Macleod Tr: Anderson Rd SE to Crowchild Tr SW,9,2026-09-07T22:44:08.000
2026-09-08T05:09:22.373Z,Macleod Trail,NB Macleod Tr: N of 25 Ave S to City Centre,3,2026-09-07T22:44:08.000
2026-09-08T05:09:22.373Z,Stoney Trail,EB Stoney Tr: Chaparral Blvd SE to 16 Ave NE,14,2026-09-07T22:44:08.000
2026-09-08T05:09:22.373Z,Stoney Trail,EB Stoney Tr: Chaparral Blvd SE to Glenmore Tr SE,9,2026-09-07T22:44:08.000
2026-09-08T05:09:22.373Z,Stoney Trail,EB Stoney Tr: Harvest Hills Blvd NW to 16 Ave NE,14,2026-09-07T22:44:08.000
2026-09-08T05:09:22.373Z,Stoney Trail,EB Stoney Tr: Harvest Hills Blvd NW to Glenmore Tr SE,19,2026-09-07T22:44:08.000
2026-09-08T05:09:22.373Z,Stoney Trail,EB Stoney W : Sarcee Tr NW to 16 Ave NE,18,2026-09-07T22:44:08.000
2026-09-08T05:09:22.373Z,Stoney Trail,EB Stoney W : Sarcee Tr NW to Deerfoot Tr N,8,2026-09-07T22:44:08.000
2026-09-08T05:09:22.373Z,Stoney Trail,NB Stoney Tr: 114 Ave SE to 16 Ave NE,7,2026-09-07T22:44:08.000
2026-09-08T05:09:22.373Z,Stoney Trail,NB Stoney Tr: 114 Ave SE to Deerfoot Tr NE,17,2026-09-07T22:44:08.000
2026-09-08T05:09:22.373Z,Stoney Trail,NB Stoney Tr: McKnight Blvd NE to Crowchild Tr NW,19,2026-09-07T22:44:08.000
2026-09-08T05:09:22.373Z,Stoney Trail,NB Stoney Tr: McKnight Blvd NE to Deerfoot Tr N,8,2026-09-07T22:44:08.000
2026-09-08T05:09:22.373Z,Stoney Trail,NB Stoney Tr: Peigan Tr SE to Deerfoot Tr NE,13,2026-09-07T22:44:08.000
2026-09-08T05:09:22.373Z,Stoney Trail,NB Stoney Tr: Peigan Tr SE to McKnight Blvd NE,5,2026-09-07T22:44:08.000
2026-09-08T05:09:22.373Z,Stoney Trail,SB Deerfoot Tr: Balzac  to Stoney Tr SE via Stoney Tr,26,2026-09-07T22:44:08.000
2026-09-08T05:09:22.373Z,Stoney Trail,SB Stoney Tr: Mcknight Blvd NE to Deerfoot Tr S,16,2026-09-07T22:44:08.000
2026-09-08T05:09:22.373Z,Stoney Trail,SB Stoney Tr: Mcknight Blvd NE to Glenmore Tr SE,8,2026-09-07T22:44:08.000
2026-09-08T05:09:22.373Z,Stoney Trail,SB Stoney Tr: Peigan Tr SE to 52 St SE,9,2026-09-07T22:44:08.000
2026-09-08T05:09:22.373Z,Stoney Trail,SB Stoney Tr: Peigan Tr SE to Macleod Tr SE,15,2026-09-07T22:44:08.000
2026-09-08T05:09:22.373Z,Stoney Trail,WB Stoney Tr: 52 St SE to James Mckevitt Rd SW,8,2026-09-07T22:44:08.000
2026-09-08T05:09:22.373Z,Stoney Trail,WB Stoney Tr: 52 St SE to Macleod Tr SE,6,2026-09-07T22:44:08.000
2026-09-08T05:09:22.373Z,Stoney Trail,WB Stoney Tr: Country Hills Blvd NW to 16 Ave NW,5,2026-09-07T22:44:08.000
2026-09-08T05:09:22.373Z,Stoney Trail,WB Stoney Tr: Deerfoot Tr NW to 16 Ave NW,13,2026-09-07T22:44:08.000
2026-09-08T05:09:22.373Z,Stoney Trail,WB Stoney Tr: Deerfoot Tr NW to Crowchild Tr NW,9,2026-09-07T22:44:08.000
2026-09-08T05:09:22.373Z,Trans Canada Highway,WB Trans Canada Hwy: Hwy 22 to Banff,51,2026-09-07T22:44:08.000
2026-09-08T05:09:22.373Z,Trans Canada Highway,WB Trans Canada Hwy: Hwy 22 to Kananaskis Village,43,2026-09-07T22:44:08.000
2026-09-08T09:44:34.151Z,16 Avenue,WB 16 Ave: Stoney Tr NE to Valley Ridge Bv NW via 16 Ave,30,2026-09-08T03:24:11.000
2026-09-08T09:44:34.151Z,16 Avenue,WB 16 Ave: Stoney Tr NE to Valley Ridge Bv Via Stoney Tr,26,2026-09-08T03:24:11.000
2026-09-08T09:44:34.151Z,Crowchild Trail,NB Crowchild Tr: 50 Ave SW to 24 Ave NW,7,2026-09-08T03:24:11.000
2026-09-08T09:44:34.151Z,Crowchild Trail,NB Crowchild Tr: 50 Ave SW to Memorial Dr NW,4,2026-09-08T03:24:11.000
2026-09-08T09:44:34.151Z,Crowchild Trail,NB Crowchild Tr: Glenmore Tr SW to 24 Ave NW,9,2026-09-08T03:24:11.000
2026-09-08T09:44:34.151Z,Crowchild Trail,SB Crowchild Tr: 12 Mile Coulee Rd NW to Glenmore Tr SW,16,2026-09-08T03:24:11.000
2026-09-08T09:44:34.151Z,Crowchild Trail,SB Crowchild Tr: 12 Mile Coulee Rd NW to Memorial Dr NW,12,2026-09-08T03:24:11.000
2026-09-08T09:44:34.151Z,Crowchild Trail,SB Crowchild Tr: 24 Ave NW to 17 Ave SW,5,2026-09-08T03:24:11.000
2026-09-08T09:44:34.151Z,Crowchild Trail,SB Crowchild Tr: 24 Ave NW to Glenmore Tr SW,9,2026-09-08T03:24:11.000
2026-09-08T09:44:34.151Z,Crowchild Trail,SB Crowchild Tr: 33 Ave SW to Deerfoot Tr SE,8,2026-09-08T03:24:11.000
2026-09-08T09:44:34.151Z,Crowchild Trail,SB Crowchild Tr: 33 Ave SW to Glenmore Tr SW,3,2026-09-08T03:24:11.000
2026-09-08T09:44:34.151Z,Deerfoot Trail,NB Deerfoot Tr: 17 Ave SE to Airport Tr NE,10,2026-09-08T03:24:11.000
2026-09-08T09:44:34.151Z,Deerfoot Trail,NB Deerfoot Tr: 17 Ave SE to Stoney Tr NE,13,2026-09-08T03:24:11.000
2026-09-08T09:44:34.151Z,Deerfoot Trail,NB Deerfoot Tr: 274 Ave S to City Centre via Deerfoot Tr,28,2026-09-08T03:24:11.000
2026-09-08T09:44:34.151Z,Deerfoot Trail,NB Deerfoot Tr: 32 Ave NE to Airport Tr NE,5,2026-09-08T03:24:11.000
2026-09-08T09:44:34.151Z,Deerfoot Trail,NB Deerfoot Tr: 32 Ave NE to Stoney Tr NE,7,2026-09-08T03:24:11.000
2026-09-08T09:44:34.151Z,Deerfoot Trail,NB Deerfoot Tr: 8 Ave NE to Airport Tr NE,7,2026-09-08T03:24:11.000
2026-09-08T09:44:34.151Z,Deerfoot Trail,NB Deerfoot Tr: 8 Ave NE to Stoney Tr NE,10,2026-09-08T03:24:11.000
2026-09-08T09:44:34.151Z,Deerfoot Trail,NB Deerfoot Tr: Anderson Rd SE to Airport Tr NE,18,2026-09-08T03:24:11.000
2026-09-08T09:44:34.151Z,Deerfoot Trail,NB Deerfoot Tr: Anderson Rd SE to Memorial Dr SE,10,2026-09-08T03:24:11.000
2026-09-08T09:44:34.151Z,Deerfoot Trail,NB Deerfoot Tr: Cranston Ave SE to Memorial Dr SE,18,2026-09-08T03:24:11.000
2026-09-08T09:44:34.151Z,Deerfoot Trail,NB Deerfoot Tr: Cranston Ave SE to Southland Dr SE,11,2026-09-08T03:24:11.000
2026-09-08T09:44:34.151Z,Deerfoot Trail,NB Deerfoot Tr: Glenmore Tr SE to Airport Tr NE,12,2026-09-08T03:24:11.000
2026-09-08T09:44:34.151Z,Deerfoot Trail,NB Deerfoot Tr: Glenmore Tr SE to Memorial Dr SE,5,2026-09-08T03:24:11.000
2026-09-08T09:44:34.151Z,Deerfoot Trail,NB Deerfoot Tr: Glenmore Tr SE to Stoney Tr NE,15,2026-09-08T03:24:11.000
2026-09-08T09:44:34.151Z,Deerfoot Trail,SB Deerfoot Tr: 17 Ave SE to Anderson Rd SE,9,2026-09-08T03:24:11.000
2026-09-08T09:44:34.151Z,Deerfoot Trail,SB Deerfoot Tr: 17 Ave SE to Stoney Tr SE,13,2026-09-08T03:24:11.000
2026-09-08T09:44:34.151Z,Deerfoot Trail,SB Deerfoot Tr: 64 Ave NE to Anderson Rd SE,14,2026-09-08T03:24:11.000
2026-09-08T09:44:34.151Z,Deerfoot Trail,SB Deerfoot Tr: 64 Ave NE to Memorial Dr SE,6,2026-09-08T03:24:11.000
2026-09-08T09:44:34.151Z,Deerfoot Trail,SB Deerfoot Tr: 8 Ave SE to Glenmore Tr SE,7,2026-09-08T03:24:11.000
2026-09-08T09:44:34.151Z,Deerfoot Trail,SB Deerfoot Tr: 8 Ave SE to Stoney Tr SE,15,2026-09-08T03:24:11.000
2026-09-08T09:44:34.151Z,Deerfoot Trail,SB Deerfoot Tr: Airport Tr NE to Anderson Rd SE,17,2026-09-08T03:24:11.000
2026-09-08T09:44:34.151Z,Deerfoot Trail,SB Deerfoot Tr: Airport Tr NE to Memorial Dr SE,8,2026-09-08T03:24:11.000
2026-09-08T09:44:34.151Z,Deerfoot Trail,SB Deerfoot Tr: Balzac  to Stoney Tr SE via Deerfoot Tr,26,2026-09-08T03:24:11.000
2026-09-08T09:44:34.151Z,Deerfoot Trail,SB Deerfoot Tr: Peigan Tr SE to Anderson Rd SE,7,2026-09-08T03:24:11.000
2026-09-08T09:44:34.151Z,Deerfoot Trail,SB Deerfoot Tr: Peigan Tr SE to Stoney Tr SE,12,2026-09-08T03:24:11.000
2026-09-08T09:44:34.151Z,Glenmore Trail,EB Glenmore Tr: Crowchild Tr SW to Deerfoot Tr SE,5,2026-09-08T03:24:11.000
2026-09-08T09:44:34.151Z,Glenmore Trail,WB Glenmore Tr: Odgen Rd SE to Bow Trail SW,11,2026-09-08T03:24:11.000
2026-09-08T09:44:34.151Z,Glenmore Trail,WB Glenmore Tr: Odgen Rd SE to Crowchild Tr SW,8,2026-09-08T03:24:11.000
2026-09-08T09:44:34.151Z,Macleod Trail,NB Macleod Tr: 274 Ave S to City Centre via Macleod Tr,27,2026-09-08T03:24:11.000
2026-09-08T09:44:34.151Z,Macleod Trail,NB Macleod Tr: Anderson Rd SE to 7 Av SE,15,2026-09-08T03:24:11.000
2026-09-08T09:44:34.151Z,Macleod Trail,NB Macleod Tr: Anderson Rd SE to Blackfoot Tr SW,23,2026-09-08T03:24:11.000
2026-09-08T09:44:34.151Z,Macleod Trail,NB Macleod Tr: Anderson Rd SE to Crowchild Tr SW,9,2026-09-08T03:24:11.000
2026-09-08T09:44:34.151Z,Macleod Trail,NB Macleod Tr: N of 25 Ave S to City Centre,3,2026-09-08T03:24:11.000
2026-09-08T09:44:34.151Z,Stoney Trail,EB Stoney Tr: Chaparral Blvd SE to 16 Ave NE,15,2026-09-08T03:24:11.000
2026-09-08T09:44:34.151Z,Stoney Trail,EB Stoney Tr: Chaparral Blvd SE to Glenmore Tr SE,9,2026-09-08T03:24:11.000
2026-09-08T09:44:34.151Z,Stoney Trail,EB Stoney Tr: Harvest Hills Blvd NW to 16 Ave NE,13,2026-09-08T03:24:11.000
2026-09-08T09:44:34.151Z,Stoney Trail,EB Stoney Tr: Harvest Hills Blvd NW to Glenmore Tr SE,19,2026-09-08T03:24:11.000
2026-09-08T09:44:34.151Z,Stoney Trail,EB Stoney W : Sarcee Tr NW to 16 Ave NE,18,2026-09-08T03:24:11.000
2026-09-08T09:44:34.151Z,Stoney Trail,EB Stoney W : Sarcee Tr NW to Deerfoot Tr N,7,2026-09-08T03:24:11.000
2026-09-08T09:44:34.151Z,Stoney Trail,NB Stoney Tr: 114 Ave SE to 16 Ave NE,8,2026-09-08T03:24:11.000
2026-09-08T09:44:34.151Z,Stoney Trail,NB Stoney Tr: 114 Ave SE to Deerfoot Tr NE,18,2026-09-08T03:24:11.000
2026-09-08T09:44:34.151Z,Stoney Trail,NB Stoney Tr: McKnight Blvd NE to Crowchild Tr NW,20,2026-09-08T03:24:11.000
2026-09-08T09:44:34.151Z,Stoney Trail,NB Stoney Tr: McKnight Blvd NE to Deerfoot Tr N,9,2026-09-08T03:24:11.000
2026-09-08T09:44:34.151Z,Stoney Trail,NB Stoney Tr: Peigan Tr SE to Deerfoot Tr NE,14,2026-09-08T03:24:11.000
2026-09-08T09:44:34.151Z,Stoney Trail,NB Stoney Tr: Peigan Tr SE to McKnight Blvd NE,6,2026-09-08T03:24:11.000
2026-09-08T09:44:34.151Z,Stoney Trail,SB Deerfoot Tr: Balzac  to Stoney Tr SE via Stoney Tr,26,2026-09-08T03:24:11.000
2026-09-08T09:44:34.151Z,Stoney Trail,SB Stoney Tr: Mcknight Blvd NE to Deerfoot Tr S,15,2026-09-08T03:24:11.000
2026-09-08T09:44:34.151Z,Stoney Trail,SB Stoney Tr: Mcknight Blvd NE to Glenmore Tr SE,8,2026-09-08T03:24:11.000
2026-09-08T09:44:34.151Z,Stoney Trail,SB Stoney Tr: Peigan Tr SE to 52 St SE,9,2026-09-08T03:24:11.000
2026-09-08T09:44:34.151Z,Stoney Trail,SB Stoney Tr: Peigan Tr SE to Macleod Tr SE,13,2026-09-08T03:24:11.000
2026-09-08T09:44:34.151Z,Stoney Trail,WB Stoney Tr: 52 St SE to James Mckevitt Rd SW,7,2026-09-08T03:24:11.000
2026-09-08T09:44:34.151Z,Stoney Trail,WB Stoney Tr: 52 St SE to Macleod Tr SE,5,2026-09-08T03:24:11.000
2026-09-08T09:44:34.151Z,Stoney Trail,WB Stoney Tr: Country Hills Blvd NW to 16 Ave NW,5,2026-09-08T03:24:11.000
2026-09-08T09:44:34.151Z,Stoney Trail,WB Stoney Tr: Deerfoot Tr NW to 16 Ave NW,13,2026-09-08T03:24:11.000
2026-09-08T09:44:34.151Z,Stoney Trail,WB Stoney Tr: Deerfoot Tr NW to Crowchild Tr NW,9,2026-09-08T03:24:11.000
2026-09-08T09:44:34.151Z,Trans Canada Highway,WB Trans Canada Hwy: Hwy 22 to Banff,50,2026-09-08T03:24:11.000
2026-09-08T09:44:34.151Z,Trans Canada Highway,WB Trans Canada Hwy: Hwy 22 to Kananaskis Village,42,2026-09-08T03:24:11.000
2026-09-08T14:02:36.392Z,16 Avenue,WB 16 Ave: Stoney Tr NE to Valley Ridge Bv NW via 16 Ave,35,2026-09-08T07:44:07.000
2026-09-08T14:02:36.392Z,16 Avenue,WB 16 Ave: Stoney Tr NE to Valley Ridge Bv Via Stoney Tr,27,2026-09-08T07:44:07.000
2026-09-08T14:02:36.392Z,Crowchild Trail,NB Crowchild Tr: 50 Ave SW to 24 Ave NW,10,2026-09-08T07:44:07.000
2026-09-08T14:02:36.392Z,Crowchild Trail,NB Crowchild Tr: 50 Ave SW to Memorial Dr NW,8,2026-09-08T07:44:07.000
2026-09-08T14:02:36.392Z,Crowchild Trail,NB Crowchild Tr: Glenmore Tr SW to 24 Ave NW,13,2026-09-08T07:44:07.000
2026-09-08T14:02:36.392Z,Crowchild Trail,SB Crowchild Tr: 12 Mile Coulee Rd NW to Glenmore Tr SW,22,2026-09-08T07:44:07.000
2026-09-08T14:02:36.392Z,Crowchild Trail,SB Crowchild Tr: 12 Mile Coulee Rd NW to Memorial Dr NW,17,2026-09-08T07:44:07.000
2026-09-08T14:02:36.392Z,Crowchild Trail,SB Crowchild Tr: 24 Ave NW to 17 Ave SW,6,2026-09-08T07:44:07.000
2026-09-08T14:02:36.392Z,Crowchild Trail,SB Crowchild Tr: 24 Ave NW to Glenmore Tr SW,12,2026-09-08T07:44:07.000
2026-09-08T14:02:36.392Z,Crowchild Trail,SB Crowchild Tr: 33 Ave SW to Deerfoot Tr SE,12,2026-09-08T07:44:07.000
2026-09-08T14:02:36.392Z,Crowchild Trail,SB Crowchild Tr: 33 Ave SW to Glenmore Tr SW,5,2026-09-08T07:44:07.000
2026-09-08T14:02:36.392Z,Deerfoot Trail,NB Deerfoot Tr: 17 Ave SE to Airport Tr NE,9,2026-09-08T07:44:07.000
2026-09-08T14:02:36.392Z,Deerfoot Trail,NB Deerfoot Tr: 17 Ave SE to Stoney Tr NE,12,2026-09-08T07:44:07.000
2026-09-08T14:02:36.392Z,Deerfoot Trail,NB Deerfoot Tr: 274 Ave S to City Centre via Deerfoot Tr,46,2026-09-08T07:44:07.000
2026-09-08T14:02:36.392Z,Deerfoot Trail,NB Deerfoot Tr: 32 Ave NE to Airport Tr NE,5,2026-09-08T07:44:07.000
2026-09-08T14:02:36.392Z,Deerfoot Trail,NB Deerfoot Tr: 32 Ave NE to Stoney Tr NE,7,2026-09-08T07:44:07.000
2026-09-08T14:02:36.392Z,Deerfoot Trail,NB Deerfoot Tr: 8 Ave NE to Airport Tr NE,7,2026-09-08T07:44:07.000
2026-09-08T14:02:36.392Z,Deerfoot Trail,NB Deerfoot Tr: 8 Ave NE to Stoney Tr NE,9,2026-09-08T07:44:07.000
2026-09-08T14:02:36.392Z,Deerfoot Trail,NB Deerfoot Tr: Anderson Rd SE to Airport Tr NE,23,2026-09-08T07:44:07.000
2026-09-08T14:02:36.392Z,Deerfoot Trail,NB Deerfoot Tr: Anderson Rd SE to Memorial Dr SE,16,2026-09-08T07:44:07.000
2026-09-08T14:02:36.392Z,Deerfoot Trail,NB Deerfoot Tr: Cranston Ave SE to Memorial Dr SE,32,2026-09-08T07:44:07.000
2026-09-08T14:02:36.392Z,Deerfoot Trail,NB Deerfoot Tr: Cranston Ave SE to Southland Dr SE,21,2026-09-08T07:44:07.000
2026-09-08T14:02:36.392Z,Deerfoot Trail,NB Deerfoot Tr: Glenmore Tr SE to Airport Tr NE,12,2026-09-08T07:44:07.000
2026-09-08T14:02:36.392Z,Deerfoot Trail,NB Deerfoot Tr: Glenmore Tr SE to Memorial Dr SE,6,2026-09-08T07:44:07.000
2026-09-08T14:02:36.392Z,Deerfoot Trail,NB Deerfoot Tr: Glenmore Tr SE to Stoney Tr NE,15,2026-09-08T07:44:07.000
2026-09-08T14:02:36.392Z,Deerfoot Trail,SB Deerfoot Tr: 17 Ave SE to Anderson Rd SE,8,2026-09-08T07:44:07.000
2026-09-08T14:02:36.392Z,Deerfoot Trail,SB Deerfoot Tr: 17 Ave SE to Stoney Tr SE,13,2026-09-08T07:44:07.000
2026-09-08T14:02:36.392Z,Deerfoot Trail,SB Deerfoot Tr: 64 Ave NE to Anderson Rd SE,14,2026-09-08T07:44:07.000
2026-09-08T14:02:36.392Z,Deerfoot Trail,SB Deerfoot Tr: 64 Ave NE to Memorial Dr SE,6,2026-09-08T07:44:07.000
2026-09-08T14:02:36.392Z,Deerfoot Trail,SB Deerfoot Tr: 8 Ave SE to Glenmore Tr SE,6,2026-09-08T07:44:07.000
2026-09-08T14:02:36.392Z,Deerfoot Trail,SB Deerfoot Tr: 8 Ave SE to Stoney Tr SE,15,2026-09-08T07:44:07.000
2026-09-08T14:02:36.392Z,Deerfoot Trail,SB Deerfoot Tr: Airport Tr NE to Anderson Rd SE,17,2026-09-08T07:44:07.000
2026-09-08T14:02:36.392Z,Deerfoot Trail,SB Deerfoot Tr: Airport Tr NE to Memorial Dr SE,8,2026-09-08T07:44:07.000
2026-09-08T14:02:36.392Z,Deerfoot Trail,SB Deerfoot Tr: Balzac  to Stoney Tr SE via Deerfoot Tr,31,2026-09-08T07:44:07.000
2026-09-08T14:02:36.392Z,Deerfoot Trail,SB Deerfoot Tr: Peigan Tr SE to Anderson Rd SE,7,2026-09-08T07:44:07.000
2026-09-08T14:02:36.392Z,Deerfoot Trail,SB Deerfoot Tr: Peigan Tr SE to Stoney Tr SE,12,2026-09-08T07:44:07.000
2026-09-08T14:02:36.392Z,Glenmore Trail,EB Glenmore Tr: Crowchild Tr SW to Deerfoot Tr SE,11,2026-09-08T07:44:07.000
2026-09-08T14:02:36.392Z,Glenmore Trail,WB Glenmore Tr: Odgen Rd SE to Bow Trail SW,15,2026-09-08T07:44:07.000
2026-09-08T14:02:36.392Z,Glenmore Trail,WB Glenmore Tr: Odgen Rd SE to Crowchild Tr SW,8,2026-09-08T07:44:07.000
2026-09-08T14:02:36.392Z,Macleod Trail,NB Macleod Tr: 274 Ave S to City Centre via Macleod Tr,36,2026-09-08T07:44:07.000
2026-09-08T14:02:36.392Z,Macleod Trail,NB Macleod Tr: Anderson Rd SE to 7 Av SE,18,2026-09-08T07:44:07.000
2026-09-08T14:02:36.392Z,Macleod Trail,NB Macleod Tr: Anderson Rd SE to Blackfoot Tr SW,27,2026-09-08T07:44:07.000
2026-09-08T14:02:36.392Z,Macleod Trail,NB Macleod Tr: Anderson Rd SE to Crowchild Tr SW,12,2026-09-08T07:44:07.000
2026-09-08T14:02:36.392Z,Macleod Trail,NB Macleod Tr: N of 25 Ave S to City Centre,4,2026-09-08T07:44:07.000
2026-09-08T14:02:36.392Z,Stoney Trail,EB Stoney Tr: Chaparral Blvd SE to 16 Ave NE,16,2026-09-08T07:44:07.000
2026-09-08T14:02:36.392Z,Stoney Trail,EB Stoney Tr: Chaparral Blvd SE to Glenmore Tr SE,11,2026-09-08T07:44:07.000
2026-09-08T14:02:36.392Z,Stoney Trail,EB Stoney Tr: Harvest Hills Blvd NW to 16 Ave NE,14,2026-09-08T07:44:07.000
2026-09-08T14:02:36.392Z,Stoney Trail,EB Stoney Tr: Harvest Hills Blvd NW to Glenmore Tr SE,20,2026-09-08T07:44:07.000
2026-09-08T14:02:36.392Z,Stoney Trail,EB Stoney W : Sarcee Tr NW to 16 Ave NE,19,2026-09-08T07:44:07.000
2026-09-08T14:02:36.392Z,Stoney Trail,EB Stoney W : Sarcee Tr NW to Deerfoot Tr N,8,2026-09-08T07:44:07.000
2026-09-08T14:02:36.392Z,Stoney Trail,NB Stoney Tr: 114 Ave SE to 16 Ave NE,7,2026-09-08T07:44:07.000
2026-09-08T14:02:36.392Z,Stoney Trail,NB Stoney Tr: 114 Ave SE to Deerfoot Tr NE,18,2026-09-08T07:44:07.000
2026-09-08T14:02:36.392Z,Stoney Trail,NB Stoney Tr: McKnight Blvd NE to Crowchild Tr NW,20,2026-09-08T07:44:07.000
2026-09-08T14:02:36.392Z,Stoney Trail,NB Stoney Tr: McKnight Blvd NE to Deerfoot Tr N,8,2026-09-08T07:44:07.000
2026-09-08T14:02:36.392Z,Stoney Trail,NB Stoney Tr: Peigan Tr SE to Deerfoot Tr NE,14,2026-09-08T07:44:07.000
2026-09-08T14:02:36.392Z,Stoney Trail,NB Stoney Tr: Peigan Tr SE to McKnight Blvd NE,5,2026-09-08T07:44:07.000
2026-09-08T14:02:36.392Z,Stoney Trail,SB Deerfoot Tr: Balzac  to Stoney Tr SE via Stoney Tr,26,2026-09-08T07:44:07.000
2026-09-08T14:02:36.392Z,Stoney Trail,SB Stoney Tr: Mcknight Blvd NE to Deerfoot Tr S,14,2026-09-08T07:44:07.000
2026-09-08T14:02:36.392Z,Stoney Trail,SB Stoney Tr: Mcknight Blvd NE to Glenmore Tr SE,7,2026-09-08T07:44:07.000
2026-09-08T14:02:36.392Z,Stoney Trail,SB Stoney Tr: Peigan Tr SE to 52 St SE,8,2026-09-08T07:44:07.000
2026-09-08T14:02:36.392Z,Stoney Trail,SB Stoney Tr: Peigan Tr SE to Macleod Tr SE,13,2026-09-08T07:44:07.000
2026-09-08T14:02:36.392Z,Stoney Trail,WB Stoney Tr: 52 St SE to James Mckevitt Rd SW,7,2026-09-08T07:44:07.000
2026-09-08T14:02:36.392Z,Stoney Trail,WB Stoney Tr: 52 St SE to Macleod Tr SE,5,2026-09-08T07:44:07.000
2026-09-08T14:02:36.392Z,Stoney Trail,WB Stoney Tr: Country Hills Blvd NW to 16 Ave NW,5,2026-09-08T07:44:07.000
2026-09-08T14:02:36.392Z,Stoney Trail,WB Stoney Tr: Deerfoot Tr NW to 16 Ave NW,13,2026-09-08T07:44:07.000
2026-09-08T14:02:36.392Z,Stoney Trail,WB Stoney Tr: Deerfoot Tr NW to Crowchild Tr NW,9,2026-09-08T07:44:07.000
2026-09-08T14:02:36.392Z,Trans Canada Highway,WB Trans Canada Hwy: Hwy 22 to Banff,52,2026-09-08T07:44:07.000
2026-09-08T14:02:36.392Z,Trans Canada Highway,WB Trans Canada Hwy: Hwy 22 to Kananaskis Village,43,2026-09-08T07:44:07.000
2026-09-08T17:56:20.898Z,16 Avenue,WB 16 Ave: Stoney Tr NE to Valley Ridge Bv NW via 16 Ave,32,2026-09-08T11:44:07.000
2026-09-08T17:56:20.898Z,16 Avenue,WB 16 Ave: Stoney Tr NE to Valley Ridge Bv Via Stoney Tr,28,2026-09-08T11:44:07.000
2026-09-08T17:56:20.898Z,Crowchild Trail,NB Crowchild Tr: 50 Ave SW to 24 Ave NW,8,2026-09-08T11:44:07.000
2026-09-08T17:56:20.898Z,Crowchild Trail,NB Crowchild Tr: 50 Ave SW to Memorial Dr NW,5,2026-09-08T11:44:07.000
2026-09-08T17:56:20.898Z,Crowchild Trail,NB Crowchild Tr: Glenmore Tr SW to 24 Ave NW,10,2026-09-08T11:44:07.000
2026-09-08T17:56:20.898Z,Crowchild Trail,SB Crowchild Tr: 12 Mile Coulee Rd NW to Glenmore Tr SW,17,2026-09-08T11:44:07.000
2026-09-08T17:56:20.898Z,Crowchild Trail,SB Crowchild Tr: 12 Mile Coulee Rd NW to Memorial Dr NW,13,2026-09-08T11:44:07.000
2026-09-08T17:56:20.898Z,Crowchild Trail,SB Crowchild Tr: 24 Ave NW to 17 Ave SW,6,2026-09-08T11:44:07.000
2026-09-08T17:56:20.898Z,Crowchild Trail,SB Crowchild Tr: 24 Ave NW to Glenmore Tr SW,10,2026-09-08T11:44:07.000
2026-09-08T17:56:20.898Z,Crowchild Trail,SB Crowchild Tr: 33 Ave SW to Deerfoot Tr SE,8,2026-09-08T11:44:07.000
2026-09-08T17:56:20.898Z,Crowchild Trail,SB Crowchild Tr: 33 Ave SW to Glenmore Tr SW,4,2026-09-08T11:44:07.000
2026-09-08T17:56:20.898Z,Deerfoot Trail,NB Deerfoot Tr: 17 Ave SE to Airport Tr NE,9,2026-09-08T11:44:07.000
2026-09-08T17:56:20.898Z,Deerfoot Trail,NB Deerfoot Tr: 17 Ave SE to Stoney Tr NE,11,2026-09-08T11:44:07.000
2026-09-08T17:56:20.898Z,Deerfoot Trail,NB Deerfoot Tr: 274 Ave S to City Centre via Deerfoot Tr,29,2026-09-08T11:44:07.000
2026-09-08T17:56:20.898Z,Deerfoot Trail,NB Deerfoot Tr: 32 Ave NE to Airport Tr NE,4,2026-09-08T11:44:07.000
2026-09-08T17:56:20.898Z,Deerfoot Trail,NB Deerfoot Tr: 32 Ave NE to Stoney Tr NE,7,2026-09-08T11:44:07.000
2026-09-08T17:56:20.898Z,Deerfoot Trail,NB Deerfoot Tr: 8 Ave NE to Airport Tr NE,6,2026-09-08T11:44:07.000
2026-09-08T17:56:20.898Z,Deerfoot Trail,NB Deerfoot Tr: 8 Ave NE to Stoney Tr NE,9,2026-09-08T11:44:07.000
2026-09-08T17:56:20.898Z,Deerfoot Trail,NB Deerfoot Tr: Anderson Rd SE to Airport Tr NE,16,2026-09-08T11:44:07.000
2026-09-08T17:56:20.898Z,Deerfoot Trail,NB Deerfoot Tr: Anderson Rd SE to Memorial Dr SE,10,2026-09-08T11:44:07.000
2026-09-08T17:56:20.898Z,Deerfoot Trail,NB Deerfoot Tr: Cranston Ave SE to Memorial Dr SE,18,2026-09-08T11:44:07.000
2026-09-08T17:56:20.898Z,Deerfoot Trail,NB Deerfoot Tr: Cranston Ave SE to Southland Dr SE,10,2026-09-08T11:44:07.000
2026-09-08T17:56:20.898Z,Deerfoot Trail,NB Deerfoot Tr: Glenmore Tr SE to Airport Tr NE,11,2026-09-08T11:44:07.000
2026-09-08T17:56:20.898Z,Deerfoot Trail,NB Deerfoot Tr: Glenmore Tr SE to Memorial Dr SE,5,2026-09-08T11:44:07.000
2026-09-08T17:56:20.898Z,Deerfoot Trail,NB Deerfoot Tr: Glenmore Tr SE to Stoney Tr NE,14,2026-09-08T11:44:07.000
2026-09-08T17:56:20.898Z,Deerfoot Trail,SB Deerfoot Tr: 17 Ave SE to Anderson Rd SE,9,2026-09-08T11:44:07.000
2026-09-08T17:56:20.898Z,Deerfoot Trail,SB Deerfoot Tr: 17 Ave SE to Stoney Tr SE,14,2026-09-08T11:44:07.000
2026-09-08T17:56:20.898Z,Deerfoot Trail,SB Deerfoot Tr: 64 Ave NE to Anderson Rd SE,14,2026-09-08T11:44:07.000
2026-09-08T17:56:20.898Z,Deerfoot Trail,SB Deerfoot Tr: 64 Ave NE to Memorial Dr SE,5,2026-09-08T11:44:07.000
2026-09-08T17:56:20.898Z,Deerfoot Trail,SB Deerfoot Tr: 8 Ave SE to Glenmore Tr SE,7,2026-09-08T11:44:07.000
2026-09-08T17:56:20.898Z,Deerfoot Trail,SB Deerfoot Tr: 8 Ave SE to Stoney Tr SE,15,2026-09-08T11:44:07.000
2026-09-08T17:56:20.898Z,Deerfoot Trail,SB Deerfoot Tr: Airport Tr NE to Anderson Rd SE,16,2026-09-08T11:44:07.000
2026-09-08T17:56:20.898Z,Deerfoot Trail,SB Deerfoot Tr: Airport Tr NE to Memorial Dr SE,7,2026-09-08T11:44:07.000
2026-09-08T17:56:20.898Z,Deerfoot Trail,SB Deerfoot Tr: Balzac  to Stoney Tr SE via Deerfoot Tr,25,2026-09-08T11:44:07.000
2026-09-08T17:56:20.898Z,Deerfoot Trail,SB Deerfoot Tr: Peigan Tr SE to Anderson Rd SE,7,2026-09-08T11:44:07.000
2026-09-08T17:56:20.898Z,Deerfoot Trail,SB Deerfoot Tr: Peigan Tr SE to Stoney Tr SE,12,2026-09-08T11:44:07.000
2026-09-08T17:56:20.898Z,Glenmore Trail,EB Glenmore Tr: Crowchild Tr SW to Deerfoot Tr SE,6,2026-09-08T11:44:07.000
2026-09-08T17:56:20.898Z,Glenmore Trail,WB Glenmore Tr: Odgen Rd SE to Bow Trail SW,11,2026-09-08T11:44:07.000
2026-09-08T17:56:20.898Z,Glenmore Trail,WB Glenmore Tr: Odgen Rd SE to Crowchild Tr SW,7,2026-09-08T11:44:07.000
2026-09-08T17:56:20.898Z,Macleod Trail,NB Macleod Tr: 274 Ave S to City Centre via Macleod Tr,31,2026-09-08T11:44:07.000
2026-09-08T17:56:20.898Z,Macleod Trail,NB Macleod Tr: Anderson Rd SE to 7 Av SE,18,2026-09-08T11:44:07.000
2026-09-08T17:56:20.898Z,Macleod Trail,NB Macleod Tr: Anderson Rd SE to Blackfoot Tr SW,27,2026-09-08T11:44:07.000
2026-09-08T17:56:20.898Z,Macleod Trail,NB Macleod Tr: Anderson Rd SE to Crowchild Tr SW,11,2026-09-08T11:44:07.000
2026-09-08T17:56:20.898Z,Macleod Trail,NB Macleod Tr: N of 25 Ave S to City Centre,3,2026-09-08T11:44:07.000
2026-09-08T17:56:20.898Z,Stoney Trail,EB Stoney Tr: Chaparral Blvd SE to 16 Ave NE,15,2026-09-08T11:44:07.000
2026-09-08T17:56:20.898Z,Stoney Trail,EB Stoney Tr: Chaparral Blvd SE to Glenmore Tr SE,9,2026-09-08T11:44:07.000
2026-09-08T17:56:20.898Z,Stoney Trail,EB Stoney Tr: Harvest Hills Blvd NW to 16 Ave NE,14,2026-09-08T11:44:07.000
2026-09-08T17:56:20.898Z,Stoney Trail,EB Stoney Tr: Harvest Hills Blvd NW to Glenmore Tr SE,19,2026-09-08T11:44:07.000
2026-09-08T17:56:20.898Z,Stoney Trail,EB Stoney W : Sarcee Tr NW to 16 Ave NE,18,2026-09-08T11:44:07.000
2026-09-08T17:56:20.898Z,Stoney Trail,EB Stoney W : Sarcee Tr NW to Deerfoot Tr N,8,2026-09-08T11:44:07.000
2026-09-08T17:56:20.898Z,Stoney Trail,NB Stoney Tr: 114 Ave SE to 16 Ave NE,8,2026-09-08T11:44:07.000
2026-09-08T17:56:20.898Z,Stoney Trail,NB Stoney Tr: 114 Ave SE to Deerfoot Tr NE,19,2026-09-08T11:44:07.000
2026-09-08T17:56:20.898Z,Stoney Trail,NB Stoney Tr: McKnight Blvd NE to Crowchild Tr NW,20,2026-09-08T11:44:07.000
2026-09-08T17:56:20.898Z,Stoney Trail,NB Stoney Tr: McKnight Blvd NE to Deerfoot Tr N,9,2026-09-08T11:44:07.000
2026-09-08T17:56:20.898Z,Stoney Trail,NB Stoney Tr: Peigan Tr SE to Deerfoot Tr NE,15,2026-09-08T11:44:07.000
2026-09-08T17:56:20.898Z,Stoney Trail,NB Stoney Tr: Peigan Tr SE to McKnight Blvd NE,6,2026-09-08T11:44:07.000
2026-09-08T17:56:20.898Z,Stoney Trail,SB Deerfoot Tr: Balzac  to Stoney Tr SE via Stoney Tr,26,2026-09-08T11:44:07.000
2026-09-08T17:56:20.898Z,Stoney Trail,SB Stoney Tr: Mcknight Blvd NE to Deerfoot Tr S,14,2026-09-08T11:44:07.000
2026-09-08T17:56:20.898Z,Stoney Trail,SB Stoney Tr: Mcknight Blvd NE to Glenmore Tr SE,8,2026-09-08T11:44:07.000
2026-09-08T17:56:20.898Z,Stoney Trail,SB Stoney Tr: Peigan Tr SE to 52 St SE,8,2026-09-08T11:44:07.000
2026-09-08T17:56:20.898Z,Stoney Trail,SB Stoney Tr: Peigan Tr SE to Macleod Tr SE,13,2026-09-08T11:44:07.000
2026-09-08T17:56:20.898Z,Stoney Trail,WB Stoney Tr: 52 St SE to James Mckevitt Rd SW,7,2026-09-08T11:44:07.000
2026-09-08T17:56:20.898Z,Stoney Trail,WB Stoney Tr: 52 St SE to Macleod Tr SE,5,2026-09-08T11:44:07.000
2026-09-08T17:56:20.898Z,Stoney Trail,WB Stoney Tr: Country Hills Blvd NW to 16 Ave NW,5,2026-09-08T11:44:07.000
2026-09-08T17:56:20.898Z,Stoney Trail,WB Stoney Tr: Deerfoot Tr NW to 16 Ave NW,13,2026-09-08T11:44:07.000
2026-09-08T17:56:20.898Z,Stoney Trail,WB Stoney Tr: Deerfoot Tr NW to Crowchild Tr NW,9,2026-09-08T11:44:07.000
2026-09-08T17:56:20.898Z,Trans Canada Highway,WB Trans Canada Hwy: Hwy 22 to Banff,52,2026-09-08T11:44:07.000
2026-09-08T17:56:20.898Z,Trans Canada Highway,WB Trans Canada Hwy: Hwy 22 to Kananaskis Village,45,2026-09-08T11:44:07.000
2026-09-08T20:40:04.867Z,16 Avenue,WB 16 Ave: Stoney Tr NE to Valley Ridge Bv NW via 16 Ave,35,2026-09-08T14:24:07.000
2026-09-08T20:40:04.867Z,16 Avenue,WB 16 Ave: Stoney Tr NE to Valley Ridge Bv Via Stoney Tr,27,2026-09-08T14:24:07.000
2026-09-08T20:40:04.867Z,Crowchild Trail,NB Crowchild Tr: 50 Ave SW to 24 Ave NW,8,2026-09-08T14:24:07.000
2026-09-08T20:40:04.867Z,Crowchild Trail,NB Crowchild Tr: 50 Ave SW to Memorial Dr NW,4,2026-09-08T14:24:07.000
2026-09-08T20:40:04.867Z,Crowchild Trail,NB Crowchild Tr: Glenmore Tr SW to 24 Ave NW,10,2026-09-08T14:24:07.000
2026-09-08T20:40:04.867Z,Crowchild Trail,SB Crowchild Tr: 12 Mile Coulee Rd NW to Glenmore Tr SW,19,2026-09-08T14:24:07.000
2026-09-08T20:40:04.867Z,Crowchild Trail,SB Crowchild Tr: 12 Mile Coulee Rd NW to Memorial Dr NW,14,2026-09-08T14:24:07.000
2026-09-08T20:40:04.867Z,Crowchild Trail,SB Crowchild Tr: 24 Ave NW to 17 Ave SW,7,2026-09-08T14:24:07.000
2026-09-08T20:40:04.867Z,Crowchild Trail,SB Crowchild Tr: 24 Ave NW to Glenmore Tr SW,11,2026-09-08T14:24:07.000
2026-09-08T20:40:04.867Z,Crowchild Trail,SB Crowchild Tr: 33 Ave SW to Deerfoot Tr SE,8,2026-09-08T14:24:07.000
2026-09-08T20:40:04.867Z,Crowchild Trail,SB Crowchild Tr: 33 Ave SW to Glenmore Tr SW,4,2026-09-08T14:24:07.000
2026-09-08T20:40:04.867Z,Deerfoot Trail,NB Deerfoot Tr: 17 Ave SE to Airport Tr NE,9,2026-09-08T14:24:07.000
2026-09-08T20:40:04.867Z,Deerfoot Trail,NB Deerfoot Tr: 17 Ave SE to Stoney Tr NE,11,2026-09-08T14:24:07.000
2026-09-08T20:40:04.867Z,Deerfoot Trail,NB Deerfoot Tr: 274 Ave S to City Centre via Deerfoot Tr,29,2026-09-08T14:24:07.000
2026-09-08T20:40:04.867Z,Deerfoot Trail,NB Deerfoot Tr: 32 Ave NE to Airport Tr NE,4,2026-09-08T14:24:07.000
2026-09-08T20:40:04.867Z,Deerfoot Trail,NB Deerfoot Tr: 32 Ave NE to Stoney Tr NE,7,2026-09-08T14:24:07.000
2026-09-08T20:40:04.867Z,Deerfoot Trail,NB Deerfoot Tr: 8 Ave NE to Airport Tr NE,6,2026-09-08T14:24:07.000
2026-09-08T20:40:04.867Z,Deerfoot Trail,NB Deerfoot Tr: 8 Ave NE to Stoney Tr NE,9,2026-09-08T14:24:07.000
2026-09-08T20:40:04.867Z,Deerfoot Trail,NB Deerfoot Tr: Anderson Rd SE to Airport Tr NE,16,2026-09-08T14:24:07.000
2026-09-08T20:40:04.867Z,Deerfoot Trail,NB Deerfoot Tr: Anderson Rd SE to Memorial Dr SE,10,2026-09-08T14:24:07.000
2026-09-08T20:40:04.867Z,Deerfoot Trail,NB Deerfoot Tr: Cranston Ave SE to Memorial Dr SE,18,2026-09-08T14:24:07.000
2026-09-08T20:40:04.867Z,Deerfoot Trail,NB Deerfoot Tr: Cranston Ave SE to Southland Dr SE,11,2026-09-08T14:24:07.000
2026-09-08T20:40:04.867Z,Deerfoot Trail,NB Deerfoot Tr: Glenmore Tr SE to Airport Tr NE,11,2026-09-08T14:24:07.000
2026-09-08T20:40:04.867Z,Deerfoot Trail,NB Deerfoot Tr: Glenmore Tr SE to Memorial Dr SE,5,2026-09-08T14:24:07.000
2026-09-08T20:40:04.867Z,Deerfoot Trail,NB Deerfoot Tr: Glenmore Tr SE to Stoney Tr NE,14,2026-09-08T14:24:07.000
2026-09-08T20:40:04.867Z,Deerfoot Trail,SB Deerfoot Tr: 17 Ave SE to Anderson Rd SE,9,2026-09-08T14:24:07.000
2026-09-08T20:40:04.867Z,Deerfoot Trail,SB Deerfoot Tr: 17 Ave SE to Stoney Tr SE,13,2026-09-08T14:24:07.000
2026-09-08T20:40:04.867Z,Deerfoot Trail,SB Deerfoot Tr: 64 Ave NE to Anderson Rd SE,14,2026-09-08T14:24:07.000
2026-09-08T20:40:04.867Z,Deerfoot Trail,SB Deerfoot Tr: 64 Ave NE to Memorial Dr SE,5,2026-09-08T14:24:07.000
2026-09-08T20:40:04.867Z,Deerfoot Trail,SB Deerfoot Tr: 8 Ave SE to Glenmore Tr SE,6,2026-09-08T14:24:07.000
2026-09-08T20:40:04.867Z,Deerfoot Trail,SB Deerfoot Tr: 8 Ave SE to Stoney Tr SE,15,2026-09-08T14:24:07.000
2026-09-08T20:40:04.867Z,Deerfoot Trail,SB Deerfoot Tr: Airport Tr NE to Anderson Rd SE,16,2026-09-08T14:24:07.000
2026-09-08T20:40:04.867Z,Deerfoot Trail,SB Deerfoot Tr: Airport Tr NE to Memorial Dr SE,7,2026-09-08T14:24:07.000
2026-09-08T20:40:04.867Z,Deerfoot Trail,SB Deerfoot Tr: Balzac  to Stoney Tr SE via Deerfoot Tr,25,2026-09-08T14:24:07.000
2026-09-08T20:40:04.867Z,Deerfoot Trail,SB Deerfoot Tr: Peigan Tr SE to Anderson Rd SE,7,2026-09-08T14:24:07.000
2026-09-08T20:40:04.867Z,Deerfoot Trail,SB Deerfoot Tr: Peigan Tr SE to Stoney Tr SE,12,2026-09-08T14:24:07.000
2026-09-08T20:40:04.867Z,Glenmore Trail,EB Glenmore Tr: Crowchild Tr SW to Deerfoot Tr SE,6,2026-09-08T14:24:07.000
2026-09-08T20:40:04.867Z,Glenmore Trail,WB Glenmore Tr: Odgen Rd SE to Bow Trail SW,12,2026-09-08T14:24:07.000
2026-09-08T20:40:04.867Z,Glenmore Trail,WB Glenmore Tr: Odgen Rd SE to Crowchild Tr SW,8,2026-09-08T14:24:07.000
2026-09-08T20:40:04.867Z,Macleod Trail,NB Macleod Tr: 274 Ave S to City Centre via Macleod Tr,31,2026-09-08T14:24:07.000
2026-09-08T20:40:04.867Z,Macleod Trail,NB Macleod Tr: Anderson Rd SE to 7 Av SE,18,2026-09-08T14:24:07.000
2026-09-08T20:40:04.867Z,Macleod Trail,NB Macleod Tr: Anderson Rd SE to Blackfoot Tr SW,28,2026-09-08T14:24:07.000
2026-09-08T20:40:04.867Z,Macleod Trail,NB Macleod Tr: Anderson Rd SE to Crowchild Tr SW,12,2026-09-08T14:24:07.000
2026-09-08T20:40:04.867Z,Macleod Trail,NB Macleod Tr: N of 25 Ave S to City Centre,3,2026-09-08T14:24:07.000
2026-09-08T20:40:04.867Z,Stoney Trail,EB Stoney Tr: Chaparral Blvd SE to 16 Ave NE,15,2026-09-08T14:24:07.000
2026-09-08T20:40:04.867Z,Stoney Trail,EB Stoney Tr: Chaparral Blvd SE to Glenmore Tr SE,10,2026-09-08T14:24:07.000
2026-09-08T20:40:04.867Z,Stoney Trail,EB Stoney Tr: Harvest Hills Blvd NW to 16 Ave NE,14,2026-09-08T14:24:07.000
2026-09-08T20:40:04.867Z,Stoney Trail,EB Stoney Tr: Harvest Hills Blvd NW to Glenmore Tr SE,19,2026-09-08T14:24:07.000
2026-09-08T20:40:04.867Z,Stoney Trail,EB Stoney W : Sarcee Tr NW to 16 Ave NE,18,2026-09-08T14:24:07.000
2026-09-08T20:40:04.867Z,Stoney Trail,EB Stoney W : Sarcee Tr NW to Deerfoot Tr N,8,2026-09-08T14:24:07.000
2026-09-08T20:40:04.867Z,Stoney Trail,NB Stoney Tr: 114 Ave SE to 16 Ave NE,8,2026-09-08T14:24:07.000
2026-09-08T20:40:04.867Z,Stoney Trail,NB Stoney Tr: 114 Ave SE to Deerfoot Tr NE,19,2026-09-08T14:24:07.000
2026-09-08T20:40:04.867Z,Stoney Trail,NB Stoney Tr: McKnight Blvd NE to Crowchild Tr NW,20,2026-09-08T14:24:07.000
2026-09-08T20:40:04.867Z,Stoney Trail,NB Stoney Tr: McKnight Blvd NE to Deerfoot Tr N,9,2026-09-08T14:24:07.000
2026-09-08T20:40:04.867Z,Stoney Trail,NB Stoney Tr: Peigan Tr SE to Deerfoot Tr NE,15,2026-09-08T14:24:07.000
2026-09-08T20:40:04.867Z,Stoney Trail,NB Stoney Tr: Peigan Tr SE to McKnight Blvd NE,6,2026-09-08T14:24:07.000
2026-09-08T20:40:04.867Z,Stoney Trail,SB Deerfoot Tr: Balzac  to Stoney Tr SE via Stoney Tr,26,2026-09-08T14:24:07.000
2026-09-08T20:40:04.867Z,Stoney Trail,SB Stoney Tr: Mcknight Blvd NE to Deerfoot Tr S,14,2026-09-08T14:24:07.000
2026-09-08T20:40:04.867Z,Stoney Trail,SB Stoney Tr: Mcknight Blvd NE to Glenmore Tr SE,8,2026-09-08T14:24:07.000
2026-09-08T20:40:04.867Z,Stoney Trail,SB Stoney Tr: Peigan Tr SE to 52 St SE,8,2026-09-08T14:24:07.000
2026-09-08T20:40:04.867Z,Stoney Trail,SB Stoney Tr: Peigan Tr SE to Macleod Tr SE,13,2026-09-08T14:24:07.000
2026-09-08T20:40:04.867Z,Stoney Trail,WB Stoney Tr: 52 St SE to James Mckevitt Rd SW,7,2026-09-08T14:24:07.000
2026-09-08T20:40:04.867Z,Stoney Trail,WB Stoney Tr: 52 St SE to Macleod Tr SE,5,2026-09-08T14:24:07.000
2026-09-08T20:40:04.867Z,Stoney Trail,WB Stoney Tr: Country Hills Blvd NW to 16 Ave NW,5,2026-09-08T14:24:07.000
2026-09-08T20:40:04.867Z,Stoney Trail,WB Stoney Tr: Deerfoot Tr NW to 16 Ave NW,13,2026-09-08T14:24:07.000
2026-09-08T20:40:04.867Z,Stoney Trail,WB Stoney Tr: Deerfoot Tr NW to Crowchild Tr NW,10,2026-09-08T14:24:07.000
2026-09-08T20:40:04.867Z,Trans Canada Highway,WB Trans Canada Hwy: Hwy 22 to Banff,53,2026-09-08T14:24:07.000
2026-09-08T20:40:04.867Z,Trans Canada Highway,WB Trans Canada Hwy: Hwy 22 to Kananaskis Village,44,2026-09-08T14:24:07.000
2026-09-08T22:57:55.116Z,16 Avenue,WB 16 Ave: Stoney Tr NE to Valley Ridge Bv NW via 16 Ave,39,2026-09-08T16:44:07.000
2026-09-08T22:57:55.116Z,16 Avenue,WB 16 Ave: Stoney Tr NE to Valley Ridge Bv Via Stoney Tr,27,2026-09-08T16:44:07.000
2026-09-08T22:57:55.116Z,Crowchild Trail,NB Crowchild Tr: 50 Ave SW to 24 Ave NW,12,2026-09-08T16:44:07.000
2026-09-08T22:57:55.116Z,Crowchild Trail,NB Crowchild Tr: 50 Ave SW to Memorial Dr NW,5,2026-09-08T16:44:07.000
2026-09-08T22:57:55.116Z,Crowchild Trail,NB Crowchild Tr: Glenmore Tr SW to 24 Ave NW,14,2026-09-08T16:44:07.000
2026-09-08T22:57:55.116Z,Crowchild Trail,SB Crowchild Tr: 12 Mile Coulee Rd NW to Glenmore Tr SW,19,2026-09-08T16:44:07.000
2026-09-08T22:57:55.116Z,Crowchild Trail,SB Crowchild Tr: 12 Mile Coulee Rd NW to Memorial Dr NW,13,2026-09-08T16:44:07.000
2026-09-08T22:57:55.116Z,Crowchild Trail,SB Crowchild Tr: 24 Ave NW to 17 Ave SW,6,2026-09-08T16:44:07.000
2026-09-08T22:57:55.116Z,Crowchild Trail,SB Crowchild Tr: 24 Ave NW to Glenmore Tr SW,12,2026-09-08T16:44:07.000
2026-09-08T22:57:55.116Z,Crowchild Trail,SB Crowchild Tr: 33 Ave SW to Deerfoot Tr SE,18,2026-09-08T16:44:07.000
2026-09-08T22:57:55.116Z,Crowchild Trail,SB Crowchild Tr: 33 Ave SW to Glenmore Tr SW,5,2026-09-08T16:44:07.000
2026-09-08T22:57:55.116Z,Deerfoot Trail,NB Deerfoot Tr: 17 Ave SE to Airport Tr NE,16,2026-09-08T16:44:07.000
2026-09-08T22:57:55.116Z,Deerfoot Trail,NB Deerfoot Tr: 17 Ave SE to Stoney Tr NE,21,2026-09-08T16:44:07.000
2026-09-08T22:57:55.116Z,Deerfoot Trail,NB Deerfoot Tr: 274 Ave S to City Centre via Deerfoot Tr,35,2026-09-08T16:44:07.000
2026-09-08T22:57:55.116Z,Deerfoot Trail,NB Deerfoot Tr: 32 Ave NE to Airport Tr NE,9,2026-09-08T16:44:07.000
2026-09-08T22:57:55.116Z,Deerfoot Trail,NB Deerfoot Tr: 32 Ave NE to Stoney Tr NE,13,2026-09-08T16:44:07.000
2026-09-08T22:57:55.116Z,Deerfoot Trail,NB Deerfoot Tr: 8 Ave NE to Airport Tr NE,12,2026-09-08T16:44:07.000
2026-09-08T22:57:55.116Z,Deerfoot Trail,NB Deerfoot Tr: 8 Ave NE to Stoney Tr NE,16,2026-09-08T16:44:07.000
2026-09-08T22:57:55.116Z,Deerfoot Trail,NB Deerfoot Tr: Anderson Rd SE to Airport Tr NE,26,2026-09-08T16:44:07.000
2026-09-08T22:57:55.116Z,Deerfoot Trail,NB Deerfoot Tr: Anderson Rd SE to Memorial Dr SE,13,2026-09-08T16:44:07.000
2026-09-08T22:57:55.116Z,Deerfoot Trail,NB Deerfoot Tr: Cranston Ave SE to Memorial Dr SE,22,2026-09-08T16:44:07.000
2026-09-08T22:57:55.116Z,Deerfoot Trail,NB Deerfoot Tr: Cranston Ave SE to Southland Dr SE,11,2026-09-08T16:44:07.000
2026-09-08T22:57:55.116Z,Deerfoot Trail,NB Deerfoot Tr: Glenmore Tr SE to Airport Tr NE,20,2026-09-08T16:44:07.000
2026-09-08T22:57:55.116Z,Deerfoot Trail,NB Deerfoot Tr: Glenmore Tr SE to Memorial Dr SE,8,2026-09-08T16:44:07.000
2026-09-08T22:57:55.116Z,Deerfoot Trail,NB Deerfoot Tr: Glenmore Tr SE to Stoney Tr NE,24,2026-09-08T16:44:07.000
2026-09-08T22:57:55.116Z,Deerfoot Trail,SB Deerfoot Tr: 17 Ave SE to Anderson Rd SE,15,2026-09-08T16:44:07.000
2026-09-08T22:57:55.116Z,Deerfoot Trail,SB Deerfoot Tr: 17 Ave SE to Stoney Tr SE,21,2026-09-08T16:44:07.000
2026-09-08T22:57:55.116Z,Deerfoot Trail,SB Deerfoot Tr: 64 Ave NE to Anderson Rd SE,21,2026-09-08T16:44:07.000
2026-09-08T22:57:55.116Z,Deerfoot Trail,SB Deerfoot Tr: 64 Ave NE to Memorial Dr SE,6,2026-09-08T16:44:07.000
2026-09-08T22:57:55.116Z,Deerfoot Trail,SB Deerfoot Tr: 8 Ave SE to Glenmore Tr SE,7,2026-09-08T16:44:07.000
2026-09-08T22:57:55.116Z,Deerfoot Trail,SB Deerfoot Tr: 8 Ave SE to Stoney Tr SE,23,2026-09-08T16:44:07.000
2026-09-08T22:57:55.116Z,Deerfoot Trail,SB Deerfoot Tr: Airport Tr NE to Anderson Rd SE,22,2026-09-08T16:44:07.000
2026-09-08T22:57:55.116Z,Deerfoot Trail,SB Deerfoot Tr: Airport Tr NE to Memorial Dr SE,8,2026-09-08T16:44:07.000
2026-09-08T22:57:55.116Z,Deerfoot Trail,SB Deerfoot Tr: Balzac  to Stoney Tr SE via Deerfoot Tr,32,2026-09-08T16:44:07.000
2026-09-08T22:57:55.116Z,Deerfoot Trail,SB Deerfoot Tr: Peigan Tr SE to Anderson Rd SE,13,2026-09-08T16:44:07.000
2026-09-08T22:57:55.116Z,Deerfoot Trail,SB Deerfoot Tr: Peigan Tr SE to Stoney Tr SE,20,2026-09-08T16:44:07.000
2026-09-08T22:57:55.116Z,Glenmore Trail,EB Glenmore Tr: Crowchild Tr SW to Deerfoot Tr SE,15,2026-09-08T16:44:07.000
2026-09-08T22:57:55.116Z,Glenmore Trail,WB Glenmore Tr: Odgen Rd SE to Bow Trail SW,19,2026-09-08T16:44:07.000
2026-09-08T22:57:55.116Z,Glenmore Trail,WB Glenmore Tr: Odgen Rd SE to Crowchild Tr SW,15,2026-09-08T16:44:07.000
2026-09-08T22:57:55.116Z,Macleod Trail,NB Macleod Tr: 274 Ave S to City Centre via Macleod Tr,32,2026-09-08T16:44:07.000
2026-09-08T22:57:55.116Z,Macleod Trail,NB Macleod Tr: Anderson Rd SE to 7 Av SE,18,2026-09-08T16:44:07.000
2026-09-08T22:57:55.116Z,Macleod Trail,NB Macleod Tr: Anderson Rd SE to Blackfoot Tr SW,32,2026-09-08T16:44:07.000
2026-09-08T22:57:55.116Z,Macleod Trail,NB Macleod Tr: Anderson Rd SE to Crowchild Tr SW,15,2026-09-08T16:44:07.000
2026-09-08T22:57:55.116Z,Macleod Trail,NB Macleod Tr: N of 25 Ave S to City Centre,4,2026-09-08T16:44:07.000
2026-09-08T22:57:55.116Z,Stoney Trail,EB Stoney Tr: Chaparral Blvd SE to 16 Ave NE,16,2026-09-08T16:44:07.000
2026-09-08T22:57:55.116Z,Stoney Trail,EB Stoney Tr: Chaparral Blvd SE to Glenmore Tr SE,10,2026-09-08T16:44:07.000
2026-09-08T22:57:55.116Z,Stoney Trail,EB Stoney Tr: Harvest Hills Blvd NW to 16 Ave NE,14,2026-09-08T16:44:07.000
2026-09-08T22:57:55.116Z,Stoney Trail,EB Stoney Tr: Harvest Hills Blvd NW to Glenmore Tr SE,19,2026-09-08T16:44:07.000
2026-09-08T22:57:55.116Z,Stoney Trail,EB Stoney W : Sarcee Tr NW to 16 Ave NE,18,2026-09-08T16:44:07.000
2026-09-08T22:57:55.116Z,Stoney Trail,EB Stoney W : Sarcee Tr NW to Deerfoot Tr N,7,2026-09-08T16:44:07.000
2026-09-08T22:57:55.116Z,Stoney Trail,NB Stoney Tr: 114 Ave SE to 16 Ave NE,8,2026-09-08T16:44:07.000
2026-09-08T22:57:55.116Z,Stoney Trail,NB Stoney Tr: 114 Ave SE to Deerfoot Tr NE,19,2026-09-08T16:44:07.000
2026-09-08T22:57:55.116Z,Stoney Trail,NB Stoney Tr: McKnight Blvd NE to Crowchild Tr NW,20,2026-09-08T16:44:07.000
2026-09-08T22:57:55.116Z,Stoney Trail,NB Stoney Tr: McKnight Blvd NE to Deerfoot Tr N,9,2026-09-08T16:44:07.000
2026-09-08T22:57:55.116Z,Stoney Trail,NB Stoney Tr: Peigan Tr SE to Deerfoot Tr NE,15,2026-09-08T16:44:07.000
2026-09-08T22:57:55.116Z,Stoney Trail,NB Stoney Tr: Peigan Tr SE to McKnight Blvd NE,6,2026-09-08T16:44:07.000
2026-09-08T22:57:55.116Z,Stoney Trail,SB Deerfoot Tr: Balzac  to Stoney Tr SE via Stoney Tr,26,2026-09-08T16:44:07.000
2026-09-08T22:57:55.116Z,Stoney Trail,SB Stoney Tr: Mcknight Blvd NE to Deerfoot Tr S,15,2026-09-08T16:44:07.000
2026-09-08T22:57:55.116Z,Stoney Trail,SB Stoney Tr: Mcknight Blvd NE to Glenmore Tr SE,8,2026-09-08T16:44:07.000
2026-09-08T22:57:55.116Z,Stoney Trail,SB Stoney Tr: Peigan Tr SE to 52 St SE,9,2026-09-08T16:44:07.000
2026-09-08T22:57:55.116Z,Stoney Trail,SB Stoney Tr: Peigan Tr SE to Macleod Tr SE,15,2026-09-08T16:44:07.000
2026-09-08T22:57:55.116Z,Stoney Trail,WB Stoney Tr: 52 St SE to James Mckevitt Rd SW,8,2026-09-08T16:44:07.000
2026-09-08T22:57:55.116Z,Stoney Trail,WB Stoney Tr: 52 St SE to Macleod Tr SE,6,2026-09-08T16:44:07.000
2026-09-08T22:57:55.116Z,Stoney Trail,WB Stoney Tr: Country Hills Blvd NW to 16 Ave NW,5,2026-09-08T16:44:07.000
2026-09-08T22:57:55.116Z,Stoney Trail,WB Stoney Tr: Deerfoot Tr NW to 16 Ave NW,13,2026-09-08T16:44:07.000
2026-09-08T22:57:55.116Z,Stoney Trail,WB Stoney Tr: Deerfoot Tr NW to Crowchild Tr NW,9,2026-09-08T16:44:07.000
2026-09-08T22:57:55.116Z,Trans Canada Highway,WB Trans Canada Hwy: Hwy 22 to Banff,60,2026-09-08T16:44:07.000
2026-09-08T22:57:55.116Z,Trans Canada Highway,WB Trans Canada Hwy: Hwy 22 to Kananaskis Village,46,2026-09-08T16:44:07.000
2026-09-09T01:04:21.523Z,16 Avenue,WB 16 Ave: Stoney Tr NE to Valley Ridge Bv NW via 16 Ave,33,2026-09-08T18:44:07.000
2026-09-09T01:04:21.523Z,16 Avenue,WB 16 Ave: Stoney Tr NE to Valley Ridge Bv Via Stoney Tr,27,2026-09-08T18:44:07.000
2026-09-09T01:04:21.523Z,Crowchild Trail,NB Crowchild Tr: 50 Ave SW to 24 Ave NW,8,2026-09-08T18:44:07.000
2026-09-09T01:04:21.523Z,Crowchild Trail,NB Crowchild Tr: 50 Ave SW to Memorial Dr NW,4,2026-09-08T18:44:07.000
2026-09-09T01:04:21.523Z,Crowchild Trail,NB Crowchild Tr: Glenmore Tr SW to 24 Ave NW,10,2026-09-08T18:44:07.000
2026-09-09T01:04:21.523Z,Crowchild Trail,SB Crowchild Tr: 12 Mile Coulee Rd NW to Glenmore Tr SW,17,2026-09-08T18:44:07.000
2026-09-09T01:04:21.523Z,Crowchild Trail,SB Crowchild Tr: 12 Mile Coulee Rd NW to Memorial Dr NW,12,2026-09-08T18:44:07.000
2026-09-09T01:04:21.523Z,Crowchild Trail,SB Crowchild Tr: 24 Ave NW to 17 Ave SW,5,2026-09-08T18:44:07.000
2026-09-09T01:04:21.523Z,Crowchild Trail,SB Crowchild Tr: 24 Ave NW to Glenmore Tr SW,9,2026-09-08T18:44:07.000
2026-09-09T01:04:21.523Z,Crowchild Trail,SB Crowchild Tr: 33 Ave SW to Deerfoot Tr SE,8,2026-09-08T18:44:07.000
2026-09-09T01:04:21.523Z,Crowchild Trail,SB Crowchild Tr: 33 Ave SW to Glenmore Tr SW,3,2026-09-08T18:44:07.000
2026-09-09T01:04:21.523Z,Deerfoot Trail,NB Deerfoot Tr: 17 Ave SE to Airport Tr NE,8,2026-09-08T18:44:07.000
2026-09-09T01:04:21.523Z,Deerfoot Trail,NB Deerfoot Tr: 17 Ave SE to Stoney Tr NE,11,2026-09-08T18:44:07.000
2026-09-09T01:04:21.523Z,Deerfoot Trail,NB Deerfoot Tr: 274 Ave S to City Centre via Deerfoot Tr,28,2026-09-08T18:44:07.000
2026-09-09T01:04:21.523Z,Deerfoot Trail,NB Deerfoot Tr: 32 Ave NE to Airport Tr NE,4,2026-09-08T18:44:07.000
2026-09-09T01:04:21.523Z,Deerfoot Trail,NB Deerfoot Tr: 32 Ave NE to Stoney Tr NE,7,2026-09-08T18:44:07.000
2026-09-09T01:04:21.523Z,Deerfoot Trail,NB Deerfoot Tr: 8 Ave NE to Airport Tr NE,6,2026-09-08T18:44:07.000
2026-09-09T01:04:21.523Z,Deerfoot Trail,NB Deerfoot Tr: 8 Ave NE to Stoney Tr NE,9,2026-09-08T18:44:07.000
2026-09-09T01:04:21.523Z,Deerfoot Trail,NB Deerfoot Tr: Anderson Rd SE to Airport Tr NE,15,2026-09-08T18:44:07.000
2026-09-09T01:04:21.523Z,Deerfoot Trail,NB Deerfoot Tr: Anderson Rd SE to Memorial Dr SE,9,2026-09-08T18:44:07.000
2026-09-09T01:04:21.523Z,Deerfoot Trail,NB Deerfoot Tr: Cranston Ave SE to Memorial Dr SE,17,2026-09-08T18:44:07.000
2026-09-09T01:04:21.523Z,Deerfoot Trail,NB Deerfoot Tr: Cranston Ave SE to Southland Dr SE,10,2026-09-08T18:44:07.000
2026-09-09T01:04:21.523Z,Deerfoot Trail,NB Deerfoot Tr: Glenmore Tr SE to Airport Tr NE,11,2026-09-08T18:44:07.000
2026-09-09T01:04:21.523Z,Deerfoot Trail,NB Deerfoot Tr: Glenmore Tr SE to Memorial Dr SE,5,2026-09-08T18:44:07.000
2026-09-09T01:04:21.523Z,Deerfoot Trail,NB Deerfoot Tr: Glenmore Tr SE to Stoney Tr NE,13,2026-09-08T18:44:07.000
2026-09-09T01:04:21.523Z,Deerfoot Trail,SB Deerfoot Tr: 17 Ave SE to Anderson Rd SE,8,2026-09-08T18:44:07.000
2026-09-09T01:04:21.523Z,Deerfoot Trail,SB Deerfoot Tr: 17 Ave SE to Stoney Tr SE,13,2026-09-08T18:44:07.000
2026-09-09T01:04:21.523Z,Deerfoot Trail,SB Deerfoot Tr: 64 Ave NE to Anderson Rd SE,13,2026-09-08T18:44:07.000
2026-09-09T01:04:21.523Z,Deerfoot Trail,SB Deerfoot Tr: 64 Ave NE to Memorial Dr SE,5,2026-09-08T18:44:07.000
2026-09-09T01:04:21.523Z,Deerfoot Trail,SB Deerfoot Tr: 8 Ave SE to Glenmore Tr SE,6,2026-09-08T18:44:07.000
2026-09-09T01:04:21.523Z,Deerfoot Trail,SB Deerfoot Tr: 8 Ave SE to Stoney Tr SE,14,2026-09-08T18:44:07.000
2026-09-09T01:04:21.523Z,Deerfoot Trail,SB Deerfoot Tr: Airport Tr NE to Anderson Rd SE,15,2026-09-08T18:44:07.000
2026-09-09T01:04:21.523Z,Deerfoot Trail,SB Deerfoot Tr: Airport Tr NE to Memorial Dr SE,7,2026-09-08T18:44:07.000
2026-09-09T01:04:21.523Z,Deerfoot Trail,SB Deerfoot Tr: Balzac  to Stoney Tr SE via Deerfoot Tr,25,2026-09-08T18:44:07.000
2026-09-09T01:04:21.523Z,Deerfoot Trail,SB Deerfoot Tr: Peigan Tr SE to Anderson Rd SE,7,2026-09-08T18:44:07.000
2026-09-09T01:04:21.523Z,Deerfoot Trail,SB Deerfoot Tr: Peigan Tr SE to Stoney Tr SE,11,2026-09-08T18:44:07.000
2026-09-09T01:04:21.523Z,Glenmore Trail,EB Glenmore Tr: Crowchild Tr SW to Deerfoot Tr SE,6,2026-09-08T18:44:07.000
2026-09-09T01:04:21.523Z,Glenmore Trail,WB Glenmore Tr: Odgen Rd SE to Bow Trail SW,11,2026-09-08T18:44:07.000
2026-09-09T01:04:21.523Z,Glenmore Trail,WB Glenmore Tr: Odgen Rd SE to Crowchild Tr SW,7,2026-09-08T18:44:07.000
2026-09-09T01:04:21.523Z,Macleod Trail,NB Macleod Tr: 274 Ave S to City Centre via Macleod Tr,30,2026-09-08T18:44:07.000
2026-09-09T01:04:21.523Z,Macleod Trail,NB Macleod Tr: Anderson Rd SE to 7 Av SE,16,2026-09-08T18:44:07.000
2026-09-09T01:04:21.523Z,Macleod Trail,NB Macleod Tr: Anderson Rd SE to Blackfoot Tr SW,25,2026-09-08T18:44:07.000
2026-09-09T01:04:21.523Z,Macleod Trail,NB Macleod Tr: Anderson Rd SE to Crowchild Tr SW,11,2026-09-08T18:44:07.000
2026-09-09T01:04:21.523Z,Macleod Trail,NB Macleod Tr: N of 25 Ave S to City Centre,3,2026-09-08T18:44:07.000
2026-09-09T01:04:21.523Z,Stoney Trail,EB Stoney Tr: Chaparral Blvd SE to 16 Ave NE,15,2026-09-08T18:44:07.000
2026-09-09T01:04:21.523Z,Stoney Trail,EB Stoney Tr: Chaparral Blvd SE to Glenmore Tr SE,10,2026-09-08T18:44:07.000
2026-09-09T01:04:21.523Z,Stoney Trail,EB Stoney Tr: Harvest Hills Blvd NW to 16 Ave NE,13,2026-09-08T18:44:07.000
2026-09-09T01:04:21.523Z,Stoney Trail,EB Stoney Tr: Harvest Hills Blvd NW to Glenmore Tr SE,18,2026-09-08T18:44:07.000
2026-09-09T01:04:21.523Z,Stoney Trail,EB Stoney W : Sarcee Tr NW to 16 Ave NE,17,2026-09-08T18:44:07.000
2026-09-09T01:04:21.523Z,Stoney Trail,EB Stoney W : Sarcee Tr NW to Deerfoot Tr N,7,2026-09-08T18:44:07.000
2026-09-09T01:04:21.523Z,Stoney Trail,NB Stoney Tr: 114 Ave SE to 16 Ave NE,8,2026-09-08T18:44:07.000
2026-09-09T01:04:21.523Z,Stoney Trail,NB Stoney Tr: 114 Ave SE to Deerfoot Tr NE,19,2026-09-08T18:44:07.000
2026-09-09T01:04:21.523Z,Stoney Trail,NB Stoney Tr: McKnight Blvd NE to Crowchild Tr NW,20,2026-09-08T18:44:07.000
2026-09-09T01:04:21.523Z,Stoney Trail,NB Stoney Tr: McKnight Blvd NE to Deerfoot Tr N,9,2026-09-08T18:44:07.000
2026-09-09T01:04:21.523Z,Stoney Trail,NB Stoney Tr: Peigan Tr SE to Deerfoot Tr NE,15,2026-09-08T18:44:07.000
2026-09-09T01:04:21.523Z,Stoney Trail,NB Stoney Tr: Peigan Tr SE to McKnight Blvd NE,6,2026-09-08T18:44:07.000
2026-09-09T01:04:21.523Z,Stoney Trail,SB Deerfoot Tr: Balzac  to Stoney Tr SE via Stoney Tr,25,2026-09-08T18:44:07.000
2026-09-09T01:04:21.523Z,Stoney Trail,SB Stoney Tr: Mcknight Blvd NE to Deerfoot Tr S,14,2026-09-08T18:44:07.000
2026-09-09T01:04:21.523Z,Stoney Trail,SB Stoney Tr: Mcknight Blvd NE to Glenmore Tr SE,7,2026-09-08T18:44:07.000
2026-09-09T01:04:21.523Z,Stoney Trail,SB Stoney Tr: Peigan Tr SE to 52 St SE,8,2026-09-08T18:44:07.000
2026-09-09T01:04:21.523Z,Stoney Trail,SB Stoney Tr: Peigan Tr SE to Macleod Tr SE,13,2026-09-08T18:44:07.000
2026-09-09T01:04:21.523Z,Stoney Trail,WB Stoney Tr: 52 St SE to James Mckevitt Rd SW,7,2026-09-08T18:44:07.000
2026-09-09T01:04:21.523Z,Stoney Trail,WB Stoney Tr: 52 St SE to Macleod Tr SE,5,2026-09-08T18:44:07.000
2026-09-09T01:04:21.523Z,Stoney Trail,WB Stoney Tr: Country Hills Blvd NW to 16 Ave NW,5,2026-09-08T18:44:07.000
2026-09-09T01:04:21.523Z,Stoney Trail,WB Stoney Tr: Deerfoot Tr NW to 16 Ave NW,13,2026-09-08T18:44:07.000
2026-09-09T01:04:21.523Z,Stoney Trail,WB Stoney Tr: Deerfoot Tr NW to Crowchild Tr NW,9,2026-09-08T18:44:07.000
2026-09-09T01:04:21.523Z,Trans Canada Highway,WB Trans Canada Hwy: Hwy 22 to Banff,50,2026-09-08T18:44:07.000
2026-09-09T01:04:21.523Z,Trans Canada Highway,WB Trans Canada Hwy: Hwy 22 to Kananaskis Village,42,2026-09-08T18:44:07.000
2026-09-09T06:01:08.115Z,16 Avenue,WB 16 Ave: Stoney Tr NE to Valley Ridge Bv NW via 16 Ave,30,2026-09-08T23:44:09.000
2026-09-09T06:01:08.115Z,16 Avenue,WB 16 Ave: Stoney Tr NE to Valley Ridge Bv Via Stoney Tr,27,2026-09-08T23:44:09.000
2026-09-09T06:01:08.115Z,Crowchild Trail,NB Crowchild Tr: 50 Ave SW to 24 Ave NW,7,2026-09-08T23:44:09.000
2026-09-09T06:01:08.115Z,Crowchild Trail,NB Crowchild Tr: 50 Ave SW to Memorial Dr NW,4,2026-09-08T23:44:09.000
2026-09-09T06:01:08.115Z,Crowchild Trail,NB Crowchild Tr: Glenmore Tr SW to 24 Ave NW,8,2026-09-08T23:44:09.000
2026-09-09T06:01:08.115Z,Crowchild Trail,SB Crowchild Tr: 12 Mile Coulee Rd NW to Glenmore Tr SW,16,2026-09-08T23:44:09.000
2026-09-09T06:01:08.115Z,Crowchild Trail,SB Crowchild Tr: 12 Mile Coulee Rd NW to Memorial Dr NW,12,2026-09-08T23:44:09.000
2026-09-09T06:01:08.115Z,Crowchild Trail,SB Crowchild Tr: 24 Ave NW to 17 Ave SW,5,2026-09-08T23:44:09.000
2026-09-09T06:01:08.115Z,Crowchild Trail,SB Crowchild Tr: 24 Ave NW to Glenmore Tr SW,9,2026-09-08T23:44:09.000
2026-09-09T06:01:08.115Z,Crowchild Trail,SB Crowchild Tr: 33 Ave SW to Deerfoot Tr SE,7,2026-09-08T23:44:09.000
2026-09-09T06:01:08.115Z,Crowchild Trail,SB Crowchild Tr: 33 Ave SW to Glenmore Tr SW,3,2026-09-08T23:44:09.000
2026-09-09T06:01:08.115Z,Deerfoot Trail,NB Deerfoot Tr: 17 Ave SE to Airport Tr NE,10,2026-09-08T23:44:09.000
2026-09-09T06:01:08.115Z,Deerfoot Trail,NB Deerfoot Tr: 17 Ave SE to Stoney Tr NE,12,2026-09-08T23:44:09.000
2026-09-09T06:01:08.115Z,Deerfoot Trail,NB Deerfoot Tr: 274 Ave S to City Centre via Deerfoot Tr,28,2026-09-08T23:44:09.000
2026-09-09T06:01:08.115Z,Deerfoot Trail,NB Deerfoot Tr: 32 Ave NE to Airport Tr NE,5,2026-09-08T23:44:09.000
2026-09-09T06:01:08.115Z,Deerfoot Trail,NB Deerfoot Tr: 32 Ave NE to Stoney Tr NE,7,2026-09-08T23:44:09.000
2026-09-09T06:01:08.115Z,Deerfoot Trail,NB Deerfoot Tr: 8 Ave NE to Airport Tr NE,7,2026-09-08T23:44:09.000
2026-09-09T06:01:08.115Z,Deerfoot Trail,NB Deerfoot Tr: 8 Ave NE to Stoney Tr NE,10,2026-09-08T23:44:09.000
2026-09-09T06:01:08.115Z,Deerfoot Trail,NB Deerfoot Tr: Anderson Rd SE to Airport Tr NE,17,2026-09-08T23:44:09.000
2026-09-09T06:01:08.115Z,Deerfoot Trail,NB Deerfoot Tr: Anderson Rd SE to Memorial Dr SE,9,2026-09-08T23:44:09.000
2026-09-09T06:01:08.115Z,Deerfoot Trail,NB Deerfoot Tr: Cranston Ave SE to Memorial Dr SE,18,2026-09-08T23:44:09.000
2026-09-09T06:01:08.115Z,Deerfoot Trail,NB Deerfoot Tr: Cranston Ave SE to Southland Dr SE,11,2026-09-08T23:44:09.000
2026-09-09T06:01:08.115Z,Deerfoot Trail,NB Deerfoot Tr: Glenmore Tr SE to Airport Tr NE,12,2026-09-08T23:44:09.000
2026-09-09T06:01:08.115Z,Deerfoot Trail,NB Deerfoot Tr: Glenmore Tr SE to Memorial Dr SE,5,2026-09-08T23:44:09.000
2026-09-09T06:01:08.115Z,Deerfoot Trail,NB Deerfoot Tr: Glenmore Tr SE to Stoney Tr NE,14,2026-09-08T23:44:09.000
2026-09-09T06:01:08.115Z,Deerfoot Trail,SB Deerfoot Tr: 17 Ave SE to Anderson Rd SE,8,2026-09-08T23:44:09.000
2026-09-09T06:01:08.115Z,Deerfoot Trail,SB Deerfoot Tr: 17 Ave SE to Stoney Tr SE,13,2026-09-08T23:44:09.000
2026-09-09T06:01:08.115Z,Deerfoot Trail,SB Deerfoot Tr: 64 Ave NE to Anderson Rd SE,14,2026-09-08T23:44:09.000
2026-09-09T06:01:08.115Z,Deerfoot Trail,SB Deerfoot Tr: 64 Ave NE to Memorial Dr SE,6,2026-09-08T23:44:09.000
2026-09-09T06:01:08.115Z,Deerfoot Trail,SB Deerfoot Tr: 8 Ave SE to Glenmore Tr SE,6,2026-09-08T23:44:09.000
2026-09-09T06:01:08.115Z,Deerfoot Trail,SB Deerfoot Tr: 8 Ave SE to Stoney Tr SE,15,2026-09-08T23:44:09.000
2026-09-09T06:01:08.115Z,Deerfoot Trail,SB Deerfoot Tr: Airport Tr NE to Anderson Rd SE,17,2026-09-08T23:44:09.000
2026-09-09T06:01:08.115Z,Deerfoot Trail,SB Deerfoot Tr: Airport Tr NE to Memorial Dr SE,8,2026-09-08T23:44:09.000
2026-09-09T06:01:08.115Z,Deerfoot Trail,SB Deerfoot Tr: Balzac  to Stoney Tr SE via Deerfoot Tr,25,2026-09-08T23:44:09.000
2026-09-09T06:01:08.115Z,Deerfoot Trail,SB Deerfoot Tr: Peigan Tr SE to Anderson Rd SE,7,2026-09-08T23:44:09.000
2026-09-09T06:01:08.115Z,Deerfoot Trail,SB Deerfoot Tr: Peigan Tr SE to Stoney Tr SE,12,2026-09-08T23:44:09.000
2026-09-09T06:01:08.115Z,Glenmore Trail,EB Glenmore Tr: Crowchild Tr SW to Deerfoot Tr SE,5,2026-09-08T23:44:09.000
2026-09-09T06:01:08.115Z,Glenmore Trail,WB Glenmore Tr: Odgen Rd SE to Bow Trail SW,11,2026-09-08T23:44:09.000
2026-09-09T06:01:08.115Z,Glenmore Trail,WB Glenmore Tr: Odgen Rd SE to Crowchild Tr SW,8,2026-09-08T23:44:09.000
2026-09-09T06:01:08.115Z,Macleod Trail,NB Macleod Tr: 274 Ave S to City Centre via Macleod Tr,28,2026-09-08T23:44:09.000
2026-09-09T06:01:08.115Z,Macleod Trail,NB Macleod Tr: Anderson Rd SE to 7 Av SE,14,2026-09-08T23:44:09.000
2026-09-09T06:01:08.115Z,Macleod Trail,NB Macleod Tr: Anderson Rd SE to Blackfoot Tr SW,23,2026-09-08T23:44:09.000
2026-09-09T06:01:08.115Z,Macleod Trail,NB Macleod Tr: Anderson Rd SE to Crowchild Tr SW,10,2026-09-08T23:44:09.000
2026-09-09T06:01:08.115Z,Macleod Trail,NB Macleod Tr: N of 25 Ave S to City Centre,3,2026-09-08T23:44:09.000
2026-09-09T06:01:08.115Z,Stoney Trail,EB Stoney Tr: Chaparral Blvd SE to 16 Ave NE,14,2026-09-08T23:44:09.000
2026-09-09T06:01:08.115Z,Stoney Trail,EB Stoney Tr: Chaparral Blvd SE to Glenmore Tr SE,9,2026-09-08T23:44:09.000
2026-09-09T06:01:08.115Z,Stoney Trail,EB Stoney Tr: Harvest Hills Blvd NW to 16 Ave NE,14,2026-09-08T23:44:09.000
2026-09-09T06:01:08.115Z,Stoney Trail,EB Stoney Tr: Harvest Hills Blvd NW to Glenmore Tr SE,19,2026-09-08T23:44:09.000
2026-09-09T06:01:08.115Z,Stoney Trail,EB Stoney W : Sarcee Tr NW to 16 Ave NE,19,2026-09-08T23:44:09.000
2026-09-09T06:01:08.115Z,Stoney Trail,EB Stoney W : Sarcee Tr NW to Deerfoot Tr N,8,2026-09-08T23:44:09.000
2026-09-09T06:01:08.115Z,Stoney Trail,NB Stoney Tr: 114 Ave SE to 16 Ave NE,8,2026-09-08T23:44:09.000
2026-09-09T06:01:08.115Z,Stoney Trail,NB Stoney Tr: 114 Ave SE to Deerfoot Tr NE,18,2026-09-08T23:44:09.000
2026-09-09T06:01:08.115Z,Stoney Trail,NB Stoney Tr: McKnight Blvd NE to Crowchild Tr NW,20,2026-09-08T23:44:09.000
2026-09-09T06:01:08.115Z,Stoney Trail,NB Stoney Tr: McKnight Blvd NE to Deerfoot Tr N,9,2026-09-08T23:44:09.000
2026-09-09T06:01:08.115Z,Stoney Trail,NB Stoney Tr: Peigan Tr SE to Deerfoot Tr NE,14,2026-09-08T23:44:09.000
2026-09-09T06:01:08.115Z,Stoney Trail,NB Stoney Tr: Peigan Tr SE to McKnight Blvd NE,6,2026-09-08T23:44:09.000
2026-09-09T06:01:08.115Z,Stoney Trail,SB Deerfoot Tr: Balzac  to Stoney Tr SE via Stoney Tr,26,2026-09-08T23:44:09.000
2026-09-09T06:01:08.115Z,Stoney Trail,SB Stoney Tr: Mcknight Blvd NE to Deerfoot Tr S,15,2026-09-08T23:44:09.000
2026-09-09T06:01:08.115Z,Stoney Trail,SB Stoney Tr: Mcknight Blvd NE to Glenmore Tr SE,8,2026-09-08T23:44:09.000
2026-09-09T06:01:08.115Z,Stoney Trail,SB Stoney Tr: Peigan Tr SE to 52 St SE,9,2026-09-08T23:44:09.000
2026-09-09T06:01:08.115Z,Stoney Trail,SB Stoney Tr: Peigan Tr SE to Macleod Tr SE,13,2026-09-08T23:44:09.000
2026-09-09T06:01:08.115Z,Stoney Trail,WB Stoney Tr: 52 St SE to James Mckevitt Rd SW,7,2026-09-08T23:44:09.000
2026-09-09T06:01:08.115Z,Stoney Trail,WB Stoney Tr: 52 St SE to Macleod Tr SE,5,2026-09-08T23:44:09.000
2026-09-09T06:01:08.115Z,Stoney Trail,WB Stoney Tr: Country Hills Blvd NW to 16 Ave NW,5,2026-09-08T23:44:09.000
2026-09-09T06:01:08.115Z,Stoney Trail,WB Stoney Tr: Deerfoot Tr NW to 16 Ave NW,13,2026-09-08T23:44:09.000
2026-09-09T06:01:08.115Z,Stoney Trail,WB Stoney Tr: Deerfoot Tr NW to Crowchild Tr NW,10,2026-09-08T23:44:09.000
2026-09-09T06:01:08.115Z,Trans Canada Highway,WB Trans Canada Hwy: Hwy 22 to Banff,53,2026-09-08T23:44:09.000
2026-09-09T06:01:08.115Z,Trans Canada Highway,WB Trans Canada Hwy: Hwy 22 to Kananaskis Village,43,2026-09-08T23:44:09.000
2026-09-09T11:28:10.434Z,16 Avenue,WB 16 Ave: Stoney Tr NE to Valley Ridge Bv NW via 16 Ave,31,2026-09-09T05:04:11.000
2026-09-09T11:28:10.434Z,16 Avenue,WB 16 Ave: Stoney Tr NE to Valley Ridge Bv Via Stoney Tr,27,2026-09-09T05:04:11.000
2026-09-09T11:28:10.434Z,Crowchild Trail,NB Crowchild Tr: 50 Ave SW to 24 Ave NW,7,2026-09-09T05:04:11.000
2026-09-09T11:28:10.434Z,Crowchild Trail,NB Crowchild Tr: 50 Ave SW to Memorial Dr NW,4,2026-09-09T05:04:11.000
2026-09-09T11:28:10.434Z,Crowchild Trail,NB Crowchild Tr: Glenmore Tr SW to 24 Ave NW,9,2026-09-09T05:04:11.000
2026-09-09T11:28:10.434Z,Crowchild Trail,SB Crowchild Tr: 12 Mile Coulee Rd NW to Glenmore Tr SW,15,2026-09-09T05:04:11.000
2026-09-09T11:28:10.434Z,Crowchild Trail,SB Crowchild Tr: 12 Mile Coulee Rd NW to Memorial Dr NW,11,2026-09-09T05:04:11.000
2026-09-09T11:28:10.434Z,Crowchild Trail,SB Crowchild Tr: 24 Ave NW to 17 Ave SW,4,2026-09-09T05:04:11.000
2026-09-09T11:28:10.434Z,Crowchild Trail,SB Crowchild Tr: 24 Ave NW to Glenmore Tr SW,8,2026-09-09T05:04:11.000
2026-09-09T11:28:10.434Z,Crowchild Trail,SB Crowchild Tr: 33 Ave SW to Deerfoot Tr SE,7,2026-09-09T05:04:11.000
2026-09-09T11:28:10.434Z,Crowchild Trail,SB Crowchild Tr: 33 Ave SW to Glenmore Tr SW,3,2026-09-09T05:04:11.000
2026-09-09T11:28:10.434Z,Deerfoot Trail,NB Deerfoot Tr: 17 Ave SE to Airport Tr NE,8,2026-09-09T05:04:11.000
2026-09-09T11:28:10.434Z,Deerfoot Trail,NB Deerfoot Tr: 17 Ave SE to Stoney Tr NE,11,2026-09-09T05:04:11.000
2026-09-09T11:28:10.434Z,Deerfoot Trail,NB Deerfoot Tr: 274 Ave S to City Centre via Deerfoot Tr,27,2026-09-09T05:04:11.000
2026-09-09T11:28:10.434Z,Deerfoot Trail,NB Deerfoot Tr: 32 Ave NE to Airport Tr NE,4,2026-09-09T05:04:11.000
2026-09-09T11:28:10.434Z,Deerfoot Trail,NB Deerfoot Tr: 32 Ave NE to Stoney Tr NE,7,2026-09-09T05:04:11.000
2026-09-09T11:28:10.434Z,Deerfoot Trail,NB Deerfoot Tr: 8 Ave NE to Airport Tr NE,6,2026-09-09T05:04:11.000
2026-09-09T11:28:10.434Z,Deerfoot Trail,NB Deerfoot Tr: 8 Ave NE to Stoney Tr NE,9,2026-09-09T05:04:11.000
2026-09-09T11:28:10.434Z,Deerfoot Trail,NB Deerfoot Tr: Anderson Rd SE to Airport Tr NE,15,2026-09-09T05:04:11.000
2026-09-09T11:28:10.434Z,Deerfoot Trail,NB Deerfoot Tr: Anderson Rd SE to Memorial Dr SE,9,2026-09-09T05:04:11.000
2026-09-09T11:28:10.434Z,Deerfoot Trail,NB Deerfoot Tr: Cranston Ave SE to Memorial Dr SE,17,2026-09-09T05:04:11.000
2026-09-09T11:28:10.434Z,Deerfoot Trail,NB Deerfoot Tr: Cranston Ave SE to Southland Dr SE,10,2026-09-09T05:04:11.000
2026-09-09T11:28:10.434Z,Deerfoot Trail,NB Deerfoot Tr: Glenmore Tr SE to Airport Tr NE,11,2026-09-09T05:04:11.000
2026-09-09T11:28:10.434Z,Deerfoot Trail,NB Deerfoot Tr: Glenmore Tr SE to Memorial Dr SE,5,2026-09-09T05:04:11.000
2026-09-09T11:28:10.434Z,Deerfoot Trail,NB Deerfoot Tr: Glenmore Tr SE to Stoney Tr NE,13,2026-09-09T05:04:11.000
2026-09-09T11:28:10.434Z,Deerfoot Trail,SB Deerfoot Tr: 17 Ave SE to Anderson Rd SE,8,2026-09-09T05:04:11.000
2026-09-09T11:28:10.434Z,Deerfoot Trail,SB Deerfoot Tr: 17 Ave SE to Stoney Tr SE,13,2026-09-09T05:04:11.000
2026-09-09T11:28:10.434Z,Deerfoot Trail,SB Deerfoot Tr: 64 Ave NE to Anderson Rd SE,13,2026-09-09T05:04:11.000
2026-09-09T11:28:10.434Z,Deerfoot Trail,SB Deerfoot Tr: 64 Ave NE to Memorial Dr SE,5,2026-09-09T05:04:11.000
2026-09-09T11:28:10.434Z,Deerfoot Trail,SB Deerfoot Tr: 8 Ave SE to Glenmore Tr SE,6,2026-09-09T05:04:11.000
2026-09-09T11:28:10.434Z,Deerfoot Trail,SB Deerfoot Tr: 8 Ave SE to Stoney Tr SE,14,2026-09-09T05:04:11.000
2026-09-09T11:28:10.434Z,Deerfoot Trail,SB Deerfoot Tr: Airport Tr NE to Anderson Rd SE,15,2026-09-09T05:04:11.000
2026-09-09T11:28:10.434Z,Deerfoot Trail,SB Deerfoot Tr: Airport Tr NE to Memorial Dr SE,7,2026-09-09T05:04:11.000
2026-09-09T11:28:10.434Z,Deerfoot Trail,SB Deerfoot Tr: Balzac  to Stoney Tr SE via Deerfoot Tr,24,2026-09-09T05:04:11.000
2026-09-09T11:28:10.434Z,Deerfoot Trail,SB Deerfoot Tr: Peigan Tr SE to Anderson Rd SE,6,2026-09-09T05:04:11.000
2026-09-09T11:28:10.434Z,Deerfoot Trail,SB Deerfoot Tr: Peigan Tr SE to Stoney Tr SE,11,2026-09-09T05:04:11.000
2026-09-09T11:28:10.434Z,Glenmore Trail,EB Glenmore Tr: Crowchild Tr SW to Deerfoot Tr SE,5,2026-09-09T05:04:11.000
2026-09-09T11:28:10.434Z,Glenmore Trail,WB Glenmore Tr: Odgen Rd SE to Bow Trail SW,11,2026-09-09T05:04:11.000
2026-09-09T11:28:10.434Z,Glenmore Trail,WB Glenmore Tr: Odgen Rd SE to Crowchild Tr SW,8,2026-09-09T05:04:11.000
2026-09-09T11:28:10.434Z,Macleod Trail,NB Macleod Tr: 274 Ave S to City Centre via Macleod Tr,24,2026-09-09T05:04:11.000
2026-09-09T11:28:10.434Z,Macleod Trail,NB Macleod Tr: Anderson Rd SE to 7 Av SE,13,2026-09-09T05:04:11.000
2026-09-09T11:28:10.434Z,Macleod Trail,NB Macleod Tr: Anderson Rd SE to Blackfoot Tr SW,22,2026-09-09T05:04:11.000
2026-09-09T11:28:10.434Z,Macleod Trail,NB Macleod Tr: Anderson Rd SE to Crowchild Tr SW,9,2026-09-09T05:04:11.000
2026-09-09T11:28:10.434Z,Macleod Trail,NB Macleod Tr: N of 25 Ave S to City Centre,3,2026-09-09T05:04:11.000
2026-09-09T11:28:10.434Z,Stoney Trail,EB Stoney Tr: Chaparral Blvd SE to 16 Ave NE,13,2026-09-09T05:04:11.000
2026-09-09T11:28:10.434Z,Stoney Trail,EB Stoney Tr: Chaparral Blvd SE to Glenmore Tr SE,8,2026-09-09T05:04:11.000
2026-09-09T11:28:10.434Z,Stoney Trail,EB Stoney Tr: Harvest Hills Blvd NW to 16 Ave NE,14,2026-09-09T05:04:11.000
2026-09-09T11:28:10.434Z,Stoney Trail,EB Stoney Tr: Harvest Hills Blvd NW to Glenmore Tr SE,19,2026-09-09T05:04:11.000
2026-09-09T11:28:10.434Z,Stoney Trail,EB Stoney W : Sarcee Tr NW to 16 Ave NE,18,2026-09-09T05:04:11.000
2026-09-09T11:28:10.434Z,Stoney Trail,EB Stoney W : Sarcee Tr NW to Deerfoot Tr N,7,2026-09-09T05:04:11.000
2026-09-09T11:28:10.434Z,Stoney Trail,NB Stoney Tr: 114 Ave SE to 16 Ave NE,7,2026-09-09T05:04:11.000
2026-09-09T11:28:10.434Z,Stoney Trail,NB Stoney Tr: 114 Ave SE to Deerfoot Tr NE,18,2026-09-09T05:04:11.000
2026-09-09T11:28:10.434Z,Stoney Trail,NB Stoney Tr: McKnight Blvd NE to Crowchild Tr NW,20,2026-09-09T05:04:11.000
2026-09-09T11:28:10.434Z,Stoney Trail,NB Stoney Tr: McKnight Blvd NE to Deerfoot Tr N,9,2026-09-09T05:04:11.000
2026-09-09T11:28:10.434Z,Stoney Trail,NB Stoney Tr: Peigan Tr SE to Deerfoot Tr NE,14,2026-09-09T05:04:11.000
2026-09-09T11:28:10.434Z,Stoney Trail,NB Stoney Tr: Peigan Tr SE to McKnight Blvd NE,5,2026-09-09T05:04:11.000
2026-09-09T11:28:10.434Z,Stoney Trail,SB Deerfoot Tr: Balzac  to Stoney Tr SE via Stoney Tr,26,2026-09-09T05:04:11.000
2026-09-09T11:28:10.434Z,Stoney Trail,SB Stoney Tr: Mcknight Blvd NE to Deerfoot Tr S,15,2026-09-09T05:04:11.000
2026-09-09T11:28:10.434Z,Stoney Trail,SB Stoney Tr: Mcknight Blvd NE to Glenmore Tr SE,8,2026-09-09T05:04:11.000
2026-09-09T11:28:10.434Z,Stoney Trail,SB Stoney Tr: Peigan Tr SE to 52 St SE,9,2026-09-09T05:04:11.000
2026-09-09T11:28:10.434Z,Stoney Trail,SB Stoney Tr: Peigan Tr SE to Macleod Tr SE,13,2026-09-09T05:04:11.000
2026-09-09T11:28:10.434Z,Stoney Trail,WB Stoney Tr: 52 St SE to James Mckevitt Rd SW,7,2026-09-09T05:04:11.000
2026-09-09T11:28:10.434Z,Stoney Trail,WB Stoney Tr: 52 St SE to Macleod Tr SE,5,2026-09-09T05:04:11.000
2026-09-09T11:28:10.434Z,Stoney Trail,WB Stoney Tr: Country Hills Blvd NW to 16 Ave NW,5,2026-09-09T05:04:11.000
2026-09-09T11:28:10.434Z,Stoney Trail,WB Stoney Tr: Deerfoot Tr NW to 16 Ave NW,13,2026-09-09T05:04:11.000
2026-09-09T11:28:10.434Z,Stoney Trail,WB Stoney Tr: Deerfoot Tr NW to Crowchild Tr NW,10,2026-09-09T05:04:11.000
2026-09-09T11:28:10.434Z,Trans Canada Highway,WB Trans Canada Hwy: Hwy 22 to Banff,51,2026-09-09T05:04:11.000
2026-09-09T11:28:10.434Z,Trans Canada Highway,WB Trans Canada Hwy: Hwy 22 to Kananaskis Village,43,2026-09-09T05:04:11.000
2026-09-09T15:15:39.449Z,16 Avenue,WB 16 Ave: Stoney Tr NE to Valley Ridge Bv NW via 16 Ave,40,2026-09-09T09:04:07.000
2026-09-09T15:15:39.449Z,16 Avenue,WB 16 Ave: Stoney Tr NE to Valley Ridge Bv Via Stoney Tr,37,2026-09-09T09:04:07.000
2026-09-09T15:15:39.449Z,Crowchild Trail,NB Crowchild Tr: 50 Ave SW to 24 Ave NW,9,2026-09-09T09:04:07.000
2026-09-09T15:15:39.449Z,Crowchild Trail,NB Crowchild Tr: 50 Ave SW to Memorial Dr NW,5,2026-09-09T09:04:07.000
2026-09-09T15:15:39.449Z,Crowchild Trail,NB Crowchild Tr: Glenmore Tr SW to 24 Ave NW,12,2026-09-09T09:04:07.000
2026-09-09T15:15:39.449Z,Crowchild Trail,SB Crowchild Tr: 12 Mile Coulee Rd NW to Glenmore Tr SW,31,2026-09-09T09:04:07.000
2026-09-09T15:15:39.449Z,Crowchild Trail,SB Crowchild Tr: 12 Mile Coulee Rd NW to Memorial Dr NW,25,2026-09-09T09:04:07.000
2026-09-09T15:15:39.449Z,Crowchild Trail,SB Crowchild Tr: 24 Ave NW to 17 Ave SW,8,2026-09-09T09:04:07.000
2026-09-09T15:15:39.449Z,Crowchild Trail,SB Crowchild Tr: 24 Ave NW to Glenmore Tr SW,14,2026-09-09T09:04:07.000
2026-09-09T15:15:39.449Z,Crowchild Trail,SB Crowchild Tr: 33 Ave SW to Deerfoot Tr SE,11,2026-09-09T09:04:07.000
2026-09-09T15:15:39.449Z,Crowchild Trail,SB Crowchild Tr: 33 Ave SW to Glenmore Tr SW,6,2026-09-09T09:04:07.000
2026-09-09T15:15:39.449Z,Deerfoot Trail,NB Deerfoot Tr: 17 Ave SE to Airport Tr NE,10,2026-09-09T09:04:07.000
2026-09-09T15:15:39.449Z,Deerfoot Trail,NB Deerfoot Tr: 17 Ave SE to Stoney Tr NE,12,2026-09-09T09:04:07.000
2026-09-09T15:15:39.449Z,Deerfoot Trail,NB Deerfoot Tr: 274 Ave S to City Centre via Deerfoot Tr,44,2026-09-09T09:04:07.000
2026-09-09T15:15:39.449Z,Deerfoot Trail,NB Deerfoot Tr: 32 Ave NE to Airport Tr NE,4,2026-09-09T09:04:07.000
2026-09-09T15:15:39.449Z,Deerfoot Trail,NB Deerfoot Tr: 32 Ave NE to Stoney Tr NE,7,2026-09-09T09:04:07.000
2026-09-09T15:15:39.449Z,Deerfoot Trail,NB Deerfoot Tr: 8 Ave NE to Airport Tr NE,7,2026-09-09T09:04:07.000
2026-09-09T15:15:39.449Z,Deerfoot Trail,NB Deerfoot Tr: 8 Ave NE to Stoney Tr NE,9,2026-09-09T09:04:07.000
2026-09-09T15:15:39.449Z,Deerfoot Trail,NB Deerfoot Tr: Anderson Rd SE to Airport Tr NE,18,2026-09-09T09:04:07.000
2026-09-09T15:15:39.449Z,Deerfoot Trail,NB Deerfoot Tr: Anderson Rd SE to Memorial Dr SE,12,2026-09-09T09:04:07.000
2026-09-09T15:15:39.449Z,Deerfoot Trail,NB Deerfoot Tr: Cranston Ave SE to Memorial Dr SE,27,2026-09-09T09:04:07.000
2026-09-09T15:15:39.449Z,Deerfoot Trail,NB Deerfoot Tr: Cranston Ave SE to Southland Dr SE,18,2026-09-09T09:04:07.000
2026-09-09T15:15:39.449Z,Deerfoot Trail,NB Deerfoot Tr: Glenmore Tr SE to Airport Tr NE,12,2026-09-09T09:04:07.000
2026-09-09T15:15:39.449Z,Deerfoot Trail,NB Deerfoot Tr: Glenmore Tr SE to Memorial Dr SE,6,2026-09-09T09:04:07.000
2026-09-09T15:15:39.449Z,Deerfoot Trail,NB Deerfoot Tr: Glenmore Tr SE to Stoney Tr NE,15,2026-09-09T09:04:07.000
2026-09-09T15:15:39.449Z,Deerfoot Trail,SB Deerfoot Tr: 17 Ave SE to Anderson Rd SE,13,2026-09-09T09:04:07.000
2026-09-09T15:15:39.449Z,Deerfoot Trail,SB Deerfoot Tr: 17 Ave SE to Stoney Tr SE,17,2026-09-09T09:04:07.000
2026-09-09T15:15:39.449Z,Deerfoot Trail,SB Deerfoot Tr: 64 Ave NE to Anderson Rd SE,23,2026-09-09T09:04:07.000
2026-09-09T15:15:39.449Z,Deerfoot Trail,SB Deerfoot Tr: 64 Ave NE to Memorial Dr SE,10,2026-09-09T09:04:07.000
2026-09-09T15:15:39.449Z,Deerfoot Trail,SB Deerfoot Tr: 8 Ave SE to Glenmore Tr SE,13,2026-09-09T09:04:07.000
2026-09-09T15:15:39.449Z,Deerfoot Trail,SB Deerfoot Tr: 8 Ave SE to Stoney Tr SE,21,2026-09-09T09:04:07.000
2026-09-09T15:15:39.449Z,Deerfoot Trail,SB Deerfoot Tr: Airport Tr NE to Anderson Rd SE,25,2026-09-09T09:04:07.000
2026-09-09T15:15:39.449Z,Deerfoot Trail,SB Deerfoot Tr: Airport Tr NE to Memorial Dr SE,12,2026-09-09T09:04:07.000
2026-09-09T15:15:39.449Z,Deerfoot Trail,SB Deerfoot Tr: Balzac  to Stoney Tr SE via Deerfoot Tr,37,2026-09-09T09:04:07.000
2026-09-09T15:15:39.449Z,Deerfoot Trail,SB Deerfoot Tr: Peigan Tr SE to Anderson Rd SE,11,2026-09-09T09:04:07.000
2026-09-09T15:15:39.449Z,Deerfoot Trail,SB Deerfoot Tr: Peigan Tr SE to Stoney Tr SE,15,2026-09-09T09:04:07.000
2026-09-09T15:15:39.449Z,Glenmore Trail,EB Glenmore Tr: Crowchild Tr SW to Deerfoot Tr SE,10,2026-09-09T09:04:07.000
2026-09-09T15:15:39.449Z,Glenmore Trail,WB Glenmore Tr: Odgen Rd SE to Bow Trail SW,20,2026-09-09T09:04:07.000
2026-09-09T15:15:39.449Z,Glenmore Trail,WB Glenmore Tr: Odgen Rd SE to Crowchild Tr SW,15,2026-09-09T09:04:07.000
2026-09-09T15:15:39.449Z,Macleod Trail,NB Macleod Tr: 274 Ave S to City Centre via Macleod Tr,35,2026-09-09T09:04:07.000
2026-09-09T15:15:39.449Z,Macleod Trail,NB Macleod Tr: Anderson Rd SE to 7 Av SE,20,2026-09-09T09:04:07.000
2026-09-09T15:15:39.449Z,Macleod Trail,NB Macleod Tr: Anderson Rd SE to Blackfoot Tr SW,28,2026-09-09T09:04:07.000
2026-09-09T15:15:39.449Z,Macleod Trail,NB Macleod Tr: Anderson Rd SE to Crowchild Tr SW,13,2026-09-09T09:04:07.000
2026-09-09T15:15:39.449Z,Macleod Trail,NB Macleod Tr: N of 25 Ave S to City Centre,4,2026-09-09T09:04:07.000
2026-09-09T15:15:39.449Z,Stoney Trail,EB Stoney Tr: Chaparral Blvd SE to 16 Ave NE,15,2026-09-09T09:04:07.000
2026-09-09T15:15:39.449Z,Stoney Trail,EB Stoney Tr: Chaparral Blvd SE to Glenmore Tr SE,9,2026-09-09T09:04:07.000
2026-09-09T15:15:39.449Z,Stoney Trail,EB Stoney Tr: Harvest Hills Blvd NW to 16 Ave NE,16,2026-09-09T09:04:07.000
2026-09-09T15:15:39.449Z,Stoney Trail,EB Stoney Tr: Harvest Hills Blvd NW to Glenmore Tr SE,21,2026-09-09T09:04:07.000
2026-09-09T15:15:39.449Z,Stoney Trail,EB Stoney W : Sarcee Tr NW to 16 Ave NE,20,2026-09-09T09:04:07.000
2026-09-09T15:15:39.449Z,Stoney Trail,EB Stoney W : Sarcee Tr NW to Deerfoot Tr N,8,2026-09-09T09:04:07.000
2026-09-09T15:15:39.449Z,Stoney Trail,NB Stoney Tr: 114 Ave SE to 16 Ave NE,8,2026-09-09T09:04:07.000
2026-09-09T15:15:39.449Z,Stoney Trail,NB Stoney Tr: 114 Ave SE to Deerfoot Tr NE,19,2026-09-09T09:04:07.000
2026-09-09T15:15:39.449Z,Stoney Trail,NB Stoney Tr: McKnight Blvd NE to Crowchild Tr NW,22,2026-09-09T09:04:07.000
2026-09-09T15:15:39.449Z,Stoney Trail,NB Stoney Tr: McKnight Blvd NE to Deerfoot Tr N,9,2026-09-09T09:04:07.000
2026-09-09T15:15:39.449Z,Stoney Trail,NB Stoney Tr: Peigan Tr SE to Deerfoot Tr NE,15,2026-09-09T09:04:07.000
2026-09-09T15:15:39.449Z,Stoney Trail,NB Stoney Tr: Peigan Tr SE to McKnight Blvd NE,6,2026-09-09T09:04:07.000
2026-09-09T15:15:39.449Z,Stoney Trail,SB Deerfoot Tr: Balzac  to Stoney Tr SE via Stoney Tr,28,2026-09-09T09:04:07.000
2026-09-09T15:15:39.449Z,Stoney Trail,SB Stoney Tr: Mcknight Blvd NE to Deerfoot Tr S,14,2026-09-09T09:04:07.000
2026-09-09T15:15:39.449Z,Stoney Trail,SB Stoney Tr: Mcknight Blvd NE to Glenmore Tr SE,7,2026-09-09T09:04:07.000
2026-09-09T15:15:39.449Z,Stoney Trail,SB Stoney Tr: Peigan Tr SE to 52 St SE,8,2026-09-09T09:04:07.000
2026-09-09T15:15:39.449Z,Stoney Trail,SB Stoney Tr: Peigan Tr SE to Macleod Tr SE,13,2026-09-09T09:04:07.000
2026-09-09T15:15:39.449Z,Stoney Trail,WB Stoney Tr: 52 St SE to James Mckevitt Rd SW,7,2026-09-09T09:04:07.000
2026-09-09T15:15:39.449Z,Stoney Trail,WB Stoney Tr: 52 St SE to Macleod Tr SE,5,2026-09-09T09:04:07.000
2026-09-09T15:15:39.449Z,Stoney Trail,WB Stoney Tr: Country Hills Blvd NW to 16 Ave NW,14,2026-09-09T09:04:07.000
2026-09-09T15:15:39.449Z,Stoney Trail,WB Stoney Tr: Deerfoot Tr NW to 16 Ave NW,22,2026-09-09T09:04:07.000
2026-09-09T15:15:39.449Z,Stoney Trail,WB Stoney Tr: Deerfoot Tr NW to Crowchild Tr NW,10,2026-09-09T09:04:07.000
2026-09-09T15:15:39.449Z,Trans Canada Highway,WB Trans Canada Hwy: Hwy 22 to Banff,53,2026-09-09T09:04:07.000
2026-09-09T15:15:39.449Z,Trans Canada Highway,WB Trans Canada Hwy: Hwy 22 to Kananaskis Village,44,2026-09-09T09:04:07.000
2026-09-09T18:39:52.160Z,16 Avenue,WB 16 Ave: Stoney Tr NE to Valley Ridge Bv NW via 16 Ave,34,2026-09-09T12:24:07.000
2026-09-09T18:39:52.160Z,16 Avenue,WB 16 Ave: Stoney Tr NE to Valley Ridge Bv Via Stoney Tr,26,2026-09-09T12:24:07.000
2026-09-09T18:39:52.160Z,Crowchild Trail,NB Crowchild Tr: 50 Ave SW to 24 Ave NW,8,2026-09-09T12:24:07.000
2026-09-09T18:39:52.160Z,Crowchild Trail,NB Crowchild Tr: 50 Ave SW to Memorial Dr NW,5,2026-09-09T12:24:07.000
2026-09-09T18:39:52.160Z,Crowchild Trail,NB Crowchild Tr: Glenmore Tr SW to 24 Ave NW,11,2026-09-09T12:24:07.000
2026-09-09T18:39:52.160Z,Crowchild Trail,SB Crowchild Tr: 12 Mile Coulee Rd NW to Glenmore Tr SW,18,2026-09-09T12:24:07.000
2026-09-09T18:39:52.160Z,Crowchild Trail,SB Crowchild Tr: 12 Mile Coulee Rd NW to Memorial Dr NW,13,2026-09-09T12:24:07.000
2026-09-09T18:39:52.160Z,Crowchild Trail,SB Crowchild Tr: 24 Ave NW to 17 Ave SW,6,2026-09-09T12:24:07.000
2026-09-09T18:39:52.160Z,Crowchild Trail,SB Crowchild Tr: 24 Ave NW to Glenmore Tr SW,13,2026-09-09T12:24:07.000
2026-09-09T18:39:52.160Z,Crowchild Trail,SB Crowchild Tr: 33 Ave SW to Deerfoot Tr SE,11,2026-09-09T12:24:07.000
2026-09-09T18:39:52.160Z,Crowchild Trail,SB Crowchild Tr: 33 Ave SW to Glenmore Tr SW,6,2026-09-09T12:24:07.000
2026-09-09T18:39:52.160Z,Deerfoot Trail,NB Deerfoot Tr: 17 Ave SE to Airport Tr NE,8,2026-09-09T12:24:07.000
2026-09-09T18:39:52.160Z,Deerfoot Trail,NB Deerfoot Tr: 17 Ave SE to Stoney Tr NE,11,2026-09-09T12:24:07.000
2026-09-09T18:39:52.160Z,Deerfoot Trail,NB Deerfoot Tr: 274 Ave S to City Centre via Deerfoot Tr,29,2026-09-09T12:24:07.000
2026-09-09T18:39:52.160Z,Deerfoot Trail,NB Deerfoot Tr: 32 Ave NE to Airport Tr NE,4,2026-09-09T12:24:07.000
2026-09-09T18:39:52.160Z,Deerfoot Trail,NB Deerfoot Tr: 32 Ave NE to Stoney Tr NE,7,2026-09-09T12:24:07.000
2026-09-09T18:39:52.160Z,Deerfoot Trail,NB Deerfoot Tr: 8 Ave NE to Airport Tr NE,6,2026-09-09T12:24:07.000
2026-09-09T18:39:52.160Z,Deerfoot Trail,NB Deerfoot Tr: 8 Ave NE to Stoney Tr NE,9,2026-09-09T12:24:07.000
2026-09-09T18:39:52.160Z,Deerfoot Trail,NB Deerfoot Tr: Anderson Rd SE to Airport Tr NE,16,2026-09-09T12:24:07.000
2026-09-09T18:39:52.160Z,Deerfoot Trail,NB Deerfoot Tr: Anderson Rd SE to Memorial Dr SE,10,2026-09-09T12:24:07.000
2026-09-09T18:39:52.160Z,Deerfoot Trail,NB Deerfoot Tr: Cranston Ave SE to Memorial Dr SE,18,2026-09-09T12:24:07.000
2026-09-09T18:39:52.160Z,Deerfoot Trail,NB Deerfoot Tr: Cranston Ave SE to Southland Dr SE,10,2026-09-09T12:24:07.000
2026-09-09T18:39:52.160Z,Deerfoot Trail,NB Deerfoot Tr: Glenmore Tr SE to Airport Tr NE,11,2026-09-09T12:24:07.000
2026-09-09T18:39:52.160Z,Deerfoot Trail,NB Deerfoot Tr: Glenmore Tr SE to Memorial Dr SE,5,2026-09-09T12:24:07.000
2026-09-09T18:39:52.160Z,Deerfoot Trail,NB Deerfoot Tr: Glenmore Tr SE to Stoney Tr NE,14,2026-09-09T12:24:07.000
2026-09-09T18:39:52.160Z,Deerfoot Trail,SB Deerfoot Tr: 17 Ave SE to Anderson Rd SE,19,2026-09-09T12:24:07.000
2026-09-09T18:39:52.160Z,Deerfoot Trail,SB Deerfoot Tr: 17 Ave SE to Stoney Tr SE,26,2026-09-09T12:24:07.000
2026-09-09T18:39:52.160Z,Deerfoot Trail,SB Deerfoot Tr: 64 Ave NE to Anderson Rd SE,26,2026-09-09T12:24:07.000
2026-09-09T18:39:52.160Z,Deerfoot Trail,SB Deerfoot Tr: 64 Ave NE to Memorial Dr SE,5,2026-09-09T12:24:07.000
2026-09-09T18:39:52.160Z,Deerfoot Trail,SB Deerfoot Tr: 8 Ave SE to Glenmore Tr SE,19,2026-09-09T12:24:07.000
2026-09-09T18:39:52.160Z,Deerfoot Trail,SB Deerfoot Tr: 8 Ave SE to Stoney Tr SE,27,2026-09-09T12:24:07.000
2026-09-09T18:39:52.160Z,Deerfoot Trail,SB Deerfoot Tr: Airport Tr NE to Anderson Rd SE,28,2026-09-09T12:24:07.000
2026-09-09T18:39:52.160Z,Deerfoot Trail,SB Deerfoot Tr: Airport Tr NE to Memorial Dr SE,7,2026-09-09T12:24:07.000
2026-09-09T18:39:52.160Z,Deerfoot Trail,SB Deerfoot Tr: Balzac  to Stoney Tr SE via Deerfoot Tr,36,2026-09-09T12:24:07.000
2026-09-09T18:39:52.160Z,Deerfoot Trail,SB Deerfoot Tr: Peigan Tr SE to Anderson Rd SE,19,2026-09-09T12:24:07.000
2026-09-09T18:39:52.160Z,Deerfoot Trail,SB Deerfoot Tr: Peigan Tr SE to Stoney Tr SE,24,2026-09-09T12:24:07.000
2026-09-09T18:39:52.160Z,Glenmore Trail,EB Glenmore Tr: Crowchild Tr SW to Deerfoot Tr SE,9,2026-09-09T12:24:07.000
2026-09-09T18:39:52.160Z,Glenmore Trail,WB Glenmore Tr: Odgen Rd SE to Bow Trail SW,12,2026-09-09T12:24:07.000
2026-09-09T18:39:52.160Z,Glenmore Trail,WB Glenmore Tr: Odgen Rd SE to Crowchild Tr SW,8,2026-09-09T12:24:07.000
2026-09-09T18:39:52.160Z,Macleod Trail,NB Macleod Tr: 274 Ave S to City Centre via Macleod Tr,32,2026-09-09T12:24:07.000
2026-09-09T18:39:52.160Z,Macleod Trail,NB Macleod Tr: Anderson Rd SE to 7 Av SE,18,2026-09-09T12:24:07.000
2026-09-09T18:39:52.160Z,Macleod Trail,NB Macleod Tr: Anderson Rd SE to Blackfoot Tr SW,27,2026-09-09T12:24:07.000
2026-09-09T18:39:52.160Z,Macleod Trail,NB Macleod Tr: Anderson Rd SE to Crowchild Tr SW,11,2026-09-09T12:24:07.000
2026-09-09T18:39:52.160Z,Macleod Trail,NB Macleod Tr: N of 25 Ave S to City Centre,3,2026-09-09T12:24:07.000
2026-09-09T18:39:52.160Z,Stoney Trail,EB Stoney Tr: Chaparral Blvd SE to 16 Ave NE,15,2026-09-09T12:24:07.000
2026-09-09T18:39:52.160Z,Stoney Trail,EB Stoney Tr: Chaparral Blvd SE to Glenmore Tr SE,9,2026-09-09T12:24:07.000
2026-09-09T18:39:52.160Z,Stoney Trail,EB Stoney Tr: Harvest Hills Blvd NW to 16 Ave NE,13,2026-09-09T12:24:07.000
2026-09-09T18:39:52.160Z,Stoney Trail,EB Stoney Tr: Harvest Hills Blvd NW to Glenmore Tr SE,19,2026-09-09T12:24:07.000
2026-09-09T18:39:52.160Z,Stoney Trail,EB Stoney W : Sarcee Tr NW to 16 Ave NE,18,2026-09-09T12:24:07.000
2026-09-09T18:39:52.160Z,Stoney Trail,EB Stoney W : Sarcee Tr NW to Deerfoot Tr N,8,2026-09-09T12:24:07.000
2026-09-09T18:39:52.160Z,Stoney Trail,NB Stoney Tr: 114 Ave SE to 16 Ave NE,8,2026-09-09T12:24:07.000
2026-09-09T18:39:52.160Z,Stoney Trail,NB Stoney Tr: 114 Ave SE to Deerfoot Tr NE,18,2026-09-09T12:24:07.000
2026-09-09T18:39:52.160Z,Stoney Trail,NB Stoney Tr: McKnight Blvd NE to Crowchild Tr NW,19,2026-09-09T12:24:07.000
2026-09-09T18:39:52.160Z,Stoney Trail,NB Stoney Tr: McKnight Blvd NE to Deerfoot Tr N,8,2026-09-09T12:24:07.000
2026-09-09T18:39:52.160Z,Stoney Trail,NB Stoney Tr: Peigan Tr SE to Deerfoot Tr NE,14,2026-09-09T12:24:07.000
2026-09-09T18:39:52.160Z,Stoney Trail,NB Stoney Tr: Peigan Tr SE to McKnight Blvd NE,6,2026-09-09T12:24:07.000
2026-09-09T18:39:52.160Z,Stoney Trail,SB Deerfoot Tr: Balzac  to Stoney Tr SE via Stoney Tr,26,2026-09-09T12:24:07.000
2026-09-09T18:39:52.160Z,Stoney Trail,SB Stoney Tr: Mcknight Blvd NE to Deerfoot Tr S,15,2026-09-09T12:24:07.000
2026-09-09T18:39:52.160Z,Stoney Trail,SB Stoney Tr: Mcknight Blvd NE to Glenmore Tr SE,8,2026-09-09T12:24:07.000
2026-09-09T18:39:52.160Z,Stoney Trail,SB Stoney Tr: Peigan Tr SE to 52 St SE,9,2026-09-09T12:24:07.000
2026-09-09T18:39:52.160Z,Stoney Trail,SB Stoney Tr: Peigan Tr SE to Macleod Tr SE,13,2026-09-09T12:24:07.000
2026-09-09T18:39:52.160Z,Stoney Trail,WB Stoney Tr: 52 St SE to James Mckevitt Rd SW,7,2026-09-09T12:24:07.000
2026-09-09T18:39:52.160Z,Stoney Trail,WB Stoney Tr: 52 St SE to Macleod Tr SE,5,2026-09-09T12:24:07.000
2026-09-09T18:39:52.160Z,Stoney Trail,WB Stoney Tr: Country Hills Blvd NW to 16 Ave NW,5,2026-09-09T12:24:07.000
2026-09-09T18:39:52.160Z,Stoney Trail,WB Stoney Tr: Deerfoot Tr NW to 16 Ave NW,12,2026-09-09T12:24:07.000
2026-09-09T18:39:52.160Z,Stoney Trail,WB Stoney Tr: Deerfoot Tr NW to Crowchild Tr NW,9,2026-09-09T12:24:07.000
2026-09-09T18:39:52.160Z,Trans Canada Highway,WB Trans Canada Hwy: Hwy 22 to Banff,56,2026-09-09T12:24:07.000
2026-09-09T18:39:52.160Z,Trans Canada Highway,WB Trans Canada Hwy: Hwy 22 to Kananaskis Village,44,2026-09-09T12:24:07.000
2026-09-09T21:10:15.166Z,16 Avenue,WB 16 Ave: Stoney Tr NE to Valley Ridge Bv NW via 16 Ave,35,2026-09-09T15:04:07.000
2026-09-09T21:10:15.166Z,16 Avenue,WB 16 Ave: Stoney Tr NE to Valley Ridge Bv Via Stoney Tr,26,2026-09-09T15:04:07.000
2026-09-09T21:10:15.166Z,Crowchild Trail,NB Crowchild Tr: 50 Ave SW to 24 Ave NW,8,2026-09-09T15:04:07.000
2026-09-09T21:10:15.166Z,Crowchild Trail,NB Crowchild Tr: 50 Ave SW to Memorial Dr NW,5,2026-09-09T15:04:07.000
2026-09-09T21:10:15.166Z,Crowchild Trail,NB Crowchild Tr: Glenmore Tr SW to 24 Ave NW,10,2026-09-09T15:04:07.000
2026-09-09T21:10:15.166Z,Crowchild Trail,SB Crowchild Tr: 12 Mile Coulee Rd NW to Glenmore Tr SW,17,2026-09-09T15:04:07.000
2026-09-09T21:10:15.166Z,Crowchild Trail,SB Crowchild Tr: 12 Mile Coulee Rd NW to Memorial Dr NW,12,2026-09-09T15:04:07.000
2026-09-09T21:10:15.166Z,Crowchild Trail,SB Crowchild Tr: 24 Ave NW to 17 Ave SW,5,2026-09-09T15:04:07.000
2026-09-09T21:10:15.166Z,Crowchild Trail,SB Crowchild Tr: 24 Ave NW to Glenmore Tr SW,9,2026-09-09T15:04:07.000
2026-09-09T21:10:15.166Z,Crowchild Trail,SB Crowchild Tr: 33 Ave SW to Deerfoot Tr SE,11,2026-09-09T15:04:07.000
2026-09-09T21:10:15.166Z,Crowchild Trail,SB Crowchild Tr: 33 Ave SW to Glenmore Tr SW,4,2026-09-09T15:04:07.000
2026-09-09T21:10:15.166Z,Deerfoot Trail,NB Deerfoot Tr: 17 Ave SE to Airport Tr NE,8,2026-09-09T15:04:07.000
2026-09-09T21:10:15.166Z,Deerfoot Trail,NB Deerfoot Tr: 17 Ave SE to Stoney Tr NE,11,2026-09-09T15:04:07.000
2026-09-09T21:10:15.166Z,Deerfoot Trail,NB Deerfoot Tr: 274 Ave S to City Centre via Deerfoot Tr,30,2026-09-09T15:04:07.000
2026-09-09T21:10:15.166Z,Deerfoot Trail,NB Deerfoot Tr: 32 Ave NE to Airport Tr NE,4,2026-09-09T15:04:07.000
2026-09-09T21:10:15.166Z,Deerfoot Trail,NB Deerfoot Tr: 32 Ave NE to Stoney Tr NE,7,2026-09-09T15:04:07.000
2026-09-09T21:10:15.166Z,Deerfoot Trail,NB Deerfoot Tr: 8 Ave NE to Airport Tr NE,6,2026-09-09T15:04:07.000
2026-09-09T21:10:15.166Z,Deerfoot Trail,NB Deerfoot Tr: 8 Ave NE to Stoney Tr NE,9,2026-09-09T15:04:07.000
2026-09-09T21:10:15.166Z,Deerfoot Trail,NB Deerfoot Tr: Anderson Rd SE to Airport Tr NE,16,2026-09-09T15:04:07.000
2026-09-09T21:10:15.166Z,Deerfoot Trail,NB Deerfoot Tr: Anderson Rd SE to Memorial Dr SE,10,2026-09-09T15:04:07.000
2026-09-09T21:10:15.166Z,Deerfoot Trail,NB Deerfoot Tr: Cranston Ave SE to Memorial Dr SE,19,2026-09-09T15:04:07.000
2026-09-09T21:10:15.166Z,Deerfoot Trail,NB Deerfoot Tr: Cranston Ave SE to Southland Dr SE,11,2026-09-09T15:04:07.000
2026-09-09T21:10:15.166Z,Deerfoot Trail,NB Deerfoot Tr: Glenmore Tr SE to Airport Tr NE,11,2026-09-09T15:04:07.000
2026-09-09T21:10:15.166Z,Deerfoot Trail,NB Deerfoot Tr: Glenmore Tr SE to Memorial Dr SE,5,2026-09-09T15:04:07.000
2026-09-09T21:10:15.166Z,Deerfoot Trail,NB Deerfoot Tr: Glenmore Tr SE to Stoney Tr NE,13,2026-09-09T15:04:07.000
2026-09-09T21:10:15.166Z,Deerfoot Trail,SB Deerfoot Tr: 17 Ave SE to Anderson Rd SE,11,2026-09-09T15:04:07.000
2026-09-09T21:10:15.166Z,Deerfoot Trail,SB Deerfoot Tr: 17 Ave SE to Stoney Tr SE,15,2026-09-09T15:04:07.000
2026-09-09T21:10:15.166Z,Deerfoot Trail,SB Deerfoot Tr: 64 Ave NE to Anderson Rd SE,16,2026-09-09T15:04:07.000
2026-09-09T21:10:15.166Z,Deerfoot Trail,SB Deerfoot Tr: 64 Ave NE to Memorial Dr SE,5,2026-09-09T15:04:07.000
2026-09-09T21:10:15.166Z,Deerfoot Trail,SB Deerfoot Tr: 8 Ave SE to Glenmore Tr SE,8,2026-09-09T15:04:07.000
2026-09-09T21:10:15.166Z,Deerfoot Trail,SB Deerfoot Tr: 8 Ave SE to Stoney Tr SE,17,2026-09-09T15:04:07.000
2026-09-09T21:10:15.166Z,Deerfoot Trail,SB Deerfoot Tr: Airport Tr NE to Anderson Rd SE,18,2026-09-09T15:04:07.000
2026-09-09T21:10:15.166Z,Deerfoot Trail,SB Deerfoot Tr: Airport Tr NE to Memorial Dr SE,7,2026-09-09T15:04:07.000
2026-09-09T21:10:15.166Z,Deerfoot Trail,SB Deerfoot Tr: Balzac  to Stoney Tr SE via Deerfoot Tr,28,2026-09-09T15:04:07.000
2026-09-09T21:10:15.166Z,Deerfoot Trail,SB Deerfoot Tr: Peigan Tr SE to Anderson Rd SE,9,2026-09-09T15:04:07.000
2026-09-09T21:10:15.166Z,Deerfoot Trail,SB Deerfoot Tr: Peigan Tr SE to Stoney Tr SE,14,2026-09-09T15:04:07.000
2026-09-09T21:10:15.166Z,Glenmore Trail,EB Glenmore Tr: Crowchild Tr SW to Deerfoot Tr SE,9,2026-09-09T15:04:07.000
2026-09-09T21:10:15.166Z,Glenmore Trail,WB Glenmore Tr: Odgen Rd SE to Bow Trail SW,12,2026-09-09T15:04:07.000
2026-09-09T21:10:15.166Z,Glenmore Trail,WB Glenmore Tr: Odgen Rd SE to Crowchild Tr SW,8,2026-09-09T15:04:07.000
2026-09-09T21:10:15.166Z,Macleod Trail,NB Macleod Tr: 274 Ave S to City Centre via Macleod Tr,31,2026-09-09T15:04:07.000
2026-09-09T21:10:15.166Z,Macleod Trail,NB Macleod Tr: Anderson Rd SE to 7 Av SE,17,2026-09-09T15:04:07.000
2026-09-09T21:10:15.166Z,Macleod Trail,NB Macleod Tr: Anderson Rd SE to Blackfoot Tr SW,28,2026-09-09T15:04:07.000
2026-09-09T21:10:15.166Z,Macleod Trail,NB Macleod Tr: Anderson Rd SE to Crowchild Tr SW,11,2026-09-09T15:04:07.000
2026-09-09T21:10:15.166Z,Macleod Trail,NB Macleod Tr: N of 25 Ave S to City Centre,3,2026-09-09T15:04:07.000
2026-09-09T21:10:15.166Z,Stoney Trail,EB Stoney Tr: Chaparral Blvd SE to 16 Ave NE,15,2026-09-09T15:04:07.000
2026-09-09T21:10:15.166Z,Stoney Trail,EB Stoney Tr: Chaparral Blvd SE to Glenmore Tr SE,10,2026-09-09T15:04:07.000
2026-09-09T21:10:15.166Z,Stoney Trail,EB Stoney Tr: Harvest Hills Blvd NW to 16 Ave NE,14,2026-09-09T15:04:07.000
2026-09-09T21:10:15.166Z,Stoney Trail,EB Stoney Tr: Harvest Hills Blvd NW to Glenmore Tr SE,19,2026-09-09T15:04:07.000
2026-09-09T21:10:15.166Z,Stoney Trail,EB Stoney W : Sarcee Tr NW to 16 Ave NE,18,2026-09-09T15:04:07.000
2026-09-09T21:10:15.166Z,Stoney Trail,EB Stoney W : Sarcee Tr NW to Deerfoot Tr N,7,2026-09-09T15:04:07.000
2026-09-09T21:10:15.166Z,Stoney Trail,NB Stoney Tr: 114 Ave SE to 16 Ave NE,8,2026-09-09T15:04:07.000
2026-09-09T21:10:15.166Z,Stoney Trail,NB Stoney Tr: 114 Ave SE to Deerfoot Tr NE,19,2026-09-09T15:04:07.000
2026-09-09T21:10:15.166Z,Stoney Trail,NB Stoney Tr: McKnight Blvd NE to Crowchild Tr NW,20,2026-09-09T15:04:07.000
2026-09-09T21:10:15.166Z,Stoney Trail,NB Stoney Tr: McKnight Blvd NE to Deerfoot Tr N,9,2026-09-09T15:04:07.000
2026-09-09T21:10:15.166Z,Stoney Trail,NB Stoney Tr: Peigan Tr SE to Deerfoot Tr NE,14,2026-09-09T15:04:07.000
2026-09-09T21:10:15.166Z,Stoney Trail,NB Stoney Tr: Peigan Tr SE to McKnight Blvd NE,6,2026-09-09T15:04:07.000
2026-09-09T21:10:15.166Z,Stoney Trail,SB Deerfoot Tr: Balzac  to Stoney Tr SE via Stoney Tr,26,2026-09-09T15:04:07.000
2026-09-09T21:10:15.166Z,Stoney Trail,SB Stoney Tr: Mcknight Blvd NE to Deerfoot Tr S,15,2026-09-09T15:04:07.000
2026-09-09T21:10:15.166Z,Stoney Trail,SB Stoney Tr: Mcknight Blvd NE to Glenmore Tr SE,8,2026-09-09T15:04:07.000
2026-09-09T21:10:15.166Z,Stoney Trail,SB Stoney Tr: Peigan Tr SE to 52 St SE,8,2026-09-09T15:04:07.000
2026-09-09T21:10:15.166Z,Stoney Trail,SB Stoney Tr: Peigan Tr SE to Macleod Tr SE,13,2026-09-09T15:04:07.000
2026-09-09T21:10:15.166Z,Stoney Trail,WB Stoney Tr: 52 St SE to James Mckevitt Rd SW,7,2026-09-09T15:04:07.000
2026-09-09T21:10:15.166Z,Stoney Trail,WB Stoney Tr: 52 St SE to Macleod Tr SE,5,2026-09-09T15:04:07.000
2026-09-09T21:10:15.166Z,Stoney Trail,WB Stoney Tr: Country Hills Blvd NW to 16 Ave NW,5,2026-09-09T15:04:07.000
2026-09-09T21:10:15.166Z,Stoney Trail,WB Stoney Tr: Deerfoot Tr NW to 16 Ave NW,13,2026-09-09T15:04:07.000
2026-09-09T21:10:15.166Z,Stoney Trail,WB Stoney Tr: Deerfoot Tr NW to Crowchild Tr NW,10,2026-09-09T15:04:07.000
2026-09-09T21:10:15.166Z,Trans Canada Highway,WB Trans Canada Hwy: Hwy 22 to Banff,54,2026-09-09T15:04:07.000
2026-09-09T21:10:15.166Z,Trans Canada Highway,WB Trans Canada Hwy: Hwy 22 to Kananaskis Village,46,2026-09-09T15:04:07.000
2026-09-09T23:17:51.516Z,16 Avenue,WB 16 Ave: Stoney Tr NE to Valley Ridge Bv NW via 16 Ave,41,2026-09-09T17:04:07.000
2026-09-09T23:17:51.516Z,16 Avenue,WB 16 Ave: Stoney Tr NE to Valley Ridge Bv Via Stoney Tr,32,2026-09-09T17:04:07.000
2026-09-09T23:17:51.516Z,Crowchild Trail,NB Crowchild Tr: 50 Ave SW to 24 Ave NW,18,2026-09-09T17:04:07.000
2026-09-09T23:17:51.516Z,Crowchild Trail,NB Crowchild Tr: 50 Ave SW to Memorial Dr NW,9,2026-09-09T17:04:07.000
2026-09-09T23:17:51.516Z,Crowchild Trail,NB Crowchild Tr: Glenmore Tr SW to 24 Ave NW,20,2026-09-09T17:04:07.000
2026-09-09T23:17:51.516Z,Crowchild Trail,SB Crowchild Tr: 12 Mile Coulee Rd NW to Glenmore Tr SW,23,2026-09-09T17:04:07.000
2026-09-09T23:17:51.516Z,Crowchild Trail,SB Crowchild Tr: 12 Mile Coulee Rd NW to Memorial Dr NW,15,2026-09-09T17:04:07.000
2026-09-09T23:17:51.516Z,Crowchild Trail,SB Crowchild Tr: 24 Ave NW to 17 Ave SW,8,2026-09-09T17:04:07.000
2026-09-09T23:17:51.516Z,Crowchild Trail,SB Crowchild Tr: 24 Ave NW to Glenmore Tr SW,15,2026-09-09T17:04:07.000
2026-09-09T23:17:51.516Z,Crowchild Trail,SB Crowchild Tr: 33 Ave SW to Deerfoot Tr SE,18,2026-09-09T17:04:07.000
2026-09-09T23:17:51.516Z,Crowchild Trail,SB Crowchild Tr: 33 Ave SW to Glenmore Tr SW,7,2026-09-09T17:04:07.000
2026-09-09T23:17:51.516Z,Deerfoot Trail,NB Deerfoot Tr: 17 Ave SE to Airport Tr NE,16,2026-09-09T17:04:07.000
2026-09-09T23:17:51.516Z,Deerfoot Trail,NB Deerfoot Tr: 17 Ave SE to Stoney Tr NE,20,2026-09-09T17:04:07.000
2026-09-09T23:17:51.516Z,Deerfoot Trail,NB Deerfoot Tr: 274 Ave S to City Centre via Deerfoot Tr,35,2026-09-09T17:04:07.000
2026-09-09T23:17:51.516Z,Deerfoot Trail,NB Deerfoot Tr: 32 Ave NE to Airport Tr NE,10,2026-09-09T17:04:07.000
2026-09-09T23:17:51.516Z,Deerfoot Trail,NB Deerfoot Tr: 32 Ave NE to Stoney Tr NE,15,2026-09-09T17:04:07.000
2026-09-09T23:17:51.516Z,Deerfoot Trail,NB Deerfoot Tr: 8 Ave NE to Airport Tr NE,13,2026-09-09T17:04:07.000
2026-09-09T23:17:51.516Z,Deerfoot Trail,NB Deerfoot Tr: 8 Ave NE to Stoney Tr NE,18,2026-09-09T17:04:07.000
2026-09-09T23:17:51.516Z,Deerfoot Trail,NB Deerfoot Tr: Anderson Rd SE to Airport Tr NE,24,2026-09-09T17:04:07.000
2026-09-09T23:17:51.516Z,Deerfoot Trail,NB Deerfoot Tr: Anderson Rd SE to Memorial Dr SE,11,2026-09-09T17:04:07.000
2026-09-09T23:17:51.516Z,Deerfoot Trail,NB Deerfoot Tr: Cranston Ave SE to Memorial Dr SE,20,2026-09-09T17:04:07.000
2026-09-09T23:17:51.516Z,Deerfoot Trail,NB Deerfoot Tr: Cranston Ave SE to Southland Dr SE,12,2026-09-09T17:04:07.000
2026-09-09T23:17:51.516Z,Deerfoot Trail,NB Deerfoot Tr: Glenmore Tr SE to Airport Tr NE,18,2026-09-09T17:04:07.000
2026-09-09T23:17:51.516Z,Deerfoot Trail,NB Deerfoot Tr: Glenmore Tr SE to Memorial Dr SE,6,2026-09-09T17:04:07.000
2026-09-09T23:17:51.516Z,Deerfoot Trail,NB Deerfoot Tr: Glenmore Tr SE to Stoney Tr NE,23,2026-09-09T17:04:07.000
2026-09-09T23:17:51.516Z,Deerfoot Trail,SB Deerfoot Tr: 17 Ave SE to Anderson Rd SE,16,2026-09-09T17:04:07.000
2026-09-09T23:17:51.516Z,Deerfoot Trail,SB Deerfoot Tr: 17 Ave SE to Stoney Tr SE,21,2026-09-09T17:04:07.000
2026-09-09T23:17:51.516Z,Deerfoot Trail,SB Deerfoot Tr: 64 Ave NE to Anderson Rd SE,21,2026-09-09T17:04:07.000
2026-09-09T23:17:51.516Z,Deerfoot Trail,SB Deerfoot Tr: 64 Ave NE to Memorial Dr SE,5,2026-09-09T17:04:07.000
2026-09-09T23:17:51.516Z,Deerfoot Trail,SB Deerfoot Tr: 8 Ave SE to Glenmore Tr SE,8,2026-09-09T17:04:07.000
2026-09-09T23:17:51.516Z,Deerfoot Trail,SB Deerfoot Tr: 8 Ave SE to Stoney Tr SE,23,2026-09-09T17:04:07.000
2026-09-09T23:17:51.516Z,Deerfoot Trail,SB Deerfoot Tr: Airport Tr NE to Anderson Rd SE,23,2026-09-09T17:04:07.000
2026-09-09T23:17:51.516Z,Deerfoot Trail,SB Deerfoot Tr: Airport Tr NE to Memorial Dr SE,7,2026-09-09T17:04:07.000
2026-09-09T23:17:51.516Z,Deerfoot Trail,SB Deerfoot Tr: Balzac  to Stoney Tr SE via Deerfoot Tr,33,2026-09-09T17:04:07.000
2026-09-09T23:17:51.516Z,Deerfoot Trail,SB Deerfoot Tr: Peigan Tr SE to Anderson Rd SE,14,2026-09-09T17:04:07.000
2026-09-09T23:17:51.516Z,Deerfoot Trail,SB Deerfoot Tr: Peigan Tr SE to Stoney Tr SE,20,2026-09-09T17:04:07.000
2026-09-09T23:17:51.516Z,Glenmore Trail,EB Glenmore Tr: Crowchild Tr SW to Deerfoot Tr SE,12,2026-09-09T17:04:07.000
2026-09-09T23:17:51.516Z,Glenmore Trail,WB Glenmore Tr: Odgen Rd SE to Bow Trail SW,23,2026-09-09T17:04:07.000
2026-09-09T23:17:51.516Z,Glenmore Trail,WB Glenmore Tr: Odgen Rd SE to Crowchild Tr SW,17,2026-09-09T17:04:07.000
2026-09-09T23:17:51.516Z,Macleod Trail,NB Macleod Tr: 274 Ave S to City Centre via Macleod Tr,33,2026-09-09T17:04:07.000
2026-09-09T23:17:51.516Z,Macleod Trail,NB Macleod Tr: Anderson Rd SE to 7 Av SE,18,2026-09-09T17:04:07.000
2026-09-09T23:17:51.516Z,Macleod Trail,NB Macleod Tr: Anderson Rd SE to Blackfoot Tr SW,30,2026-09-09T17:04:07.000
2026-09-09T23:17:51.516Z,Macleod Trail,NB Macleod Tr: Anderson Rd SE to Crowchild Tr SW,16,2026-09-09T17:04:07.000
2026-09-09T23:17:51.516Z,Macleod Trail,NB Macleod Tr: N of 25 Ave S to City Centre,3,2026-09-09T17:04:07.000
2026-09-09T23:17:51.516Z,Stoney Trail,EB Stoney Tr: Chaparral Blvd SE to 16 Ave NE,20,2026-09-09T17:04:07.000
2026-09-09T23:17:51.516Z,Stoney Trail,EB Stoney Tr: Chaparral Blvd SE to Glenmore Tr SE,15,2026-09-09T17:04:07.000
2026-09-09T23:17:51.516Z,Stoney Trail,EB Stoney Tr: Harvest Hills Blvd NW to 16 Ave NE,14,2026-09-09T17:04:07.000
2026-09-09T23:17:51.516Z,Stoney Trail,EB Stoney Tr: Harvest Hills Blvd NW to Glenmore Tr SE,19,2026-09-09T17:04:07.000
2026-09-09T23:17:51.516Z,Stoney Trail,EB Stoney W : Sarcee Tr NW to 16 Ave NE,19,2026-09-09T17:04:07.000
2026-09-09T23:17:51.516Z,Stoney Trail,EB Stoney W : Sarcee Tr NW to Deerfoot Tr N,8,2026-09-09T17:04:07.000
2026-09-09T23:17:51.516Z,Stoney Trail,NB Stoney Tr: 114 Ave SE to 16 Ave NE,8,2026-09-09T17:04:07.000
2026-09-09T23:17:51.516Z,Stoney Trail,NB Stoney Tr: 114 Ave SE to Deerfoot Tr NE,19,2026-09-09T17:04:07.000
2026-09-09T23:17:51.516Z,Stoney Trail,NB Stoney Tr: McKnight Blvd NE to Crowchild Tr NW,24,2026-09-09T17:04:07.000
2026-09-09T23:17:51.516Z,Stoney Trail,NB Stoney Tr: McKnight Blvd NE to Deerfoot Tr N,9,2026-09-09T17:04:07.000
2026-09-09T23:17:51.516Z,Stoney Trail,NB Stoney Tr: Peigan Tr SE to Deerfoot Tr NE,14,2026-09-09T17:04:07.000
2026-09-09T23:17:51.516Z,Stoney Trail,NB Stoney Tr: Peigan Tr SE to McKnight Blvd NE,6,2026-09-09T17:04:07.000
2026-09-09T23:17:51.516Z,Stoney Trail,SB Deerfoot Tr: Balzac  to Stoney Tr SE via Stoney Tr,27,2026-09-09T17:04:07.000
2026-09-09T23:17:51.516Z,Stoney Trail,SB Stoney Tr: Mcknight Blvd NE to Deerfoot Tr S,15,2026-09-09T17:04:07.000
2026-09-09T23:17:51.516Z,Stoney Trail,SB Stoney Tr: Mcknight Blvd NE to Glenmore Tr SE,8,2026-09-09T17:04:07.000
2026-09-09T23:17:51.516Z,Stoney Trail,SB Stoney Tr: Peigan Tr SE to 52 St SE,9,2026-09-09T17:04:07.000
2026-09-09T23:17:51.516Z,Stoney Trail,SB Stoney Tr: Peigan Tr SE to Macleod Tr SE,15,2026-09-09T17:04:07.000
2026-09-09T23:17:51.516Z,Stoney Trail,WB Stoney Tr: 52 St SE to James Mckevitt Rd SW,8,2026-09-09T17:04:07.000
2026-09-09T23:17:51.516Z,Stoney Trail,WB Stoney Tr: 52 St SE to Macleod Tr SE,6,2026-09-09T17:04:07.000
2026-09-09T23:17:51.516Z,Stoney Trail,WB Stoney Tr: Country Hills Blvd NW to 16 Ave NW,7,2026-09-09T17:04:07.000
2026-09-09T23:17:51.516Z,Stoney Trail,WB Stoney Tr: Deerfoot Tr NW to 16 Ave NW,18,2026-09-09T17:04:07.000
2026-09-09T23:17:51.516Z,Stoney Trail,WB Stoney Tr: Deerfoot Tr NW to Crowchild Tr NW,13,2026-09-09T17:04:07.000
2026-09-09T23:17:51.516Z,Trans Canada Highway,WB Trans Canada Hwy: Hwy 22 to Banff,51,2026-09-09T17:04:07.000
2026-09-09T23:17:51.516Z,Trans Canada Highway,WB Trans Canada Hwy: Hwy 22 to Kananaskis Village,42,2026-09-09T17:04:07.000
2026-09-10T01:09:34.980Z,16 Avenue,WB 16 Ave: Stoney Tr NE to Valley Ridge Bv NW via 16 Ave,31,2026-09-09T19:04:07.000
2026-09-10T01:09:34.980Z,16 Avenue,WB 16 Ave: Stoney Tr NE to Valley Ridge Bv Via Stoney Tr,27,2026-09-09T19:04:07.000
2026-09-10T01:09:34.980Z,Crowchild Trail,NB Crowchild Tr: 50 Ave SW to 24 Ave NW,7,2026-09-09T19:04:07.000
2026-09-10T01:09:34.980Z,Crowchild Trail,NB Crowchild Tr: 50 Ave SW to Memorial Dr NW,4,2026-09-09T19:04:07.000
2026-09-10T01:09:34.980Z,Crowchild Trail,NB Crowchild Tr: Glenmore Tr SW to 24 Ave NW,9,2026-09-09T19:04:07.000
2026-09-10T01:09:34.980Z,Crowchild Trail,SB Crowchild Tr: 12 Mile Coulee Rd NW to Glenmore Tr SW,18,2026-09-09T19:04:07.000
2026-09-10T01:09:34.980Z,Crowchild Trail,SB Crowchild Tr: 12 Mile Coulee Rd NW to Memorial Dr NW,13,2026-09-09T19:04:07.000
2026-09-10T01:09:34.980Z,Crowchild Trail,SB Crowchild Tr: 24 Ave NW to 17 Ave SW,6,2026-09-09T19:04:07.000
2026-09-10T01:09:34.980Z,Crowchild Trail,SB Crowchild Tr: 24 Ave NW to Glenmore Tr SW,10,2026-09-09T19:04:07.000
2026-09-10T01:09:34.980Z,Crowchild Trail,SB Crowchild Tr: 33 Ave SW to Deerfoot Tr SE,8,2026-09-09T19:04:07.000
2026-09-10T01:09:34.980Z,Crowchild Trail,SB Crowchild Tr: 33 Ave SW to Glenmore Tr SW,4,2026-09-09T19:04:07.000
2026-09-10T01:09:34.980Z,Deerfoot Trail,NB Deerfoot Tr: 17 Ave SE to Airport Tr NE,8,2026-09-09T19:04:07.000
2026-09-10T01:09:34.980Z,Deerfoot Trail,NB Deerfoot Tr: 17 Ave SE to Stoney Tr NE,11,2026-09-09T19:04:07.000
2026-09-10T01:09:34.980Z,Deerfoot Trail,NB Deerfoot Tr: 274 Ave S to City Centre via Deerfoot Tr,28,2026-09-09T19:04:07.000
2026-09-10T01:09:34.980Z,Deerfoot Trail,NB Deerfoot Tr: 32 Ave NE to Airport Tr NE,4,2026-09-09T19:04:07.000
2026-09-10T01:09:34.980Z,Deerfoot Trail,NB Deerfoot Tr: 32 Ave NE to Stoney Tr NE,7,2026-09-09T19:04:07.000
2026-09-10T01:09:34.980Z,Deerfoot Trail,NB Deerfoot Tr: 8 Ave NE to Airport Tr NE,6,2026-09-09T19:04:07.000
2026-09-10T01:09:34.980Z,Deerfoot Trail,NB Deerfoot Tr: 8 Ave NE to Stoney Tr NE,9,2026-09-09T19:04:07.000
2026-09-10T01:09:34.980Z,Deerfoot Trail,NB Deerfoot Tr: Anderson Rd SE to Airport Tr NE,16,2026-09-09T19:04:07.000
2026-09-10T01:09:34.980Z,Deerfoot Trail,NB Deerfoot Tr: Anderson Rd SE to Memorial Dr SE,10,2026-09-09T19:04:07.000
2026-09-10T01:09:34.980Z,Deerfoot Trail,NB Deerfoot Tr: Cranston Ave SE to Memorial Dr SE,18,2026-09-09T19:04:07.000
2026-09-10T01:09:34.980Z,Deerfoot Trail,NB Deerfoot Tr: Cranston Ave SE to Southland Dr SE,10,2026-09-09T19:04:07.000
2026-09-10T01:09:34.980Z,Deerfoot Trail,NB Deerfoot Tr: Glenmore Tr SE to Airport Tr NE,11,2026-09-09T19:04:07.000
2026-09-10T01:09:34.980Z,Deerfoot Trail,NB Deerfoot Tr: Glenmore Tr SE to Memorial Dr SE,5,2026-09-09T19:04:07.000
2026-09-10T01:09:34.980Z,Deerfoot Trail,NB Deerfoot Tr: Glenmore Tr SE to Stoney Tr NE,13,2026-09-09T19:04:07.000
2026-09-10T01:09:34.980Z,Deerfoot Trail,SB Deerfoot Tr: 17 Ave SE to Anderson Rd SE,8,2026-09-09T19:04:07.000
2026-09-10T01:09:34.980Z,Deerfoot Trail,SB Deerfoot Tr: 17 Ave SE to Stoney Tr SE,13,2026-09-09T19:04:07.000
2026-09-10T01:09:34.980Z,Deerfoot Trail,SB Deerfoot Tr: 64 Ave NE to Anderson Rd SE,14,2026-09-09T19:04:07.000
2026-09-10T01:09:34.980Z,Deerfoot Trail,SB Deerfoot Tr: 64 Ave NE to Memorial Dr SE,5,2026-09-09T19:04:07.000
2026-09-10T01:09:34.980Z,Deerfoot Trail,SB Deerfoot Tr: 8 Ave SE to Glenmore Tr SE,6,2026-09-09T19:04:07.000
2026-09-10T01:09:34.980Z,Deerfoot Trail,SB Deerfoot Tr: 8 Ave SE to Stoney Tr SE,14,2026-09-09T19:04:07.000
2026-09-10T01:09:34.980Z,Deerfoot Trail,SB Deerfoot Tr: Airport Tr NE to Anderson Rd SE,16,2026-09-09T19:04:07.000
2026-09-10T01:09:34.980Z,Deerfoot Trail,SB Deerfoot Tr: Airport Tr NE to Memorial Dr SE,7,2026-09-09T19:04:07.000
2026-09-10T01:09:34.980Z,Deerfoot Trail,SB Deerfoot Tr: Balzac  to Stoney Tr SE via Deerfoot Tr,26,2026-09-09T19:04:07.000
2026-09-10T01:09:34.980Z,Deerfoot Trail,SB Deerfoot Tr: Peigan Tr SE to Anderson Rd SE,7,2026-09-09T19:04:07.000
2026-09-10T01:09:34.980Z,Deerfoot Trail,SB Deerfoot Tr: Peigan Tr SE to Stoney Tr SE,12,2026-09-09T19:04:07.000
2026-09-10T01:09:34.980Z,Glenmore Trail,EB Glenmore Tr: Crowchild Tr SW to Deerfoot Tr SE,5,2026-09-09T19:04:07.000
2026-09-10T01:09:34.980Z,Glenmore Trail,WB Glenmore Tr: Odgen Rd SE to Bow Trail SW,11,2026-09-09T19:04:07.000
2026-09-10T01:09:34.980Z,Glenmore Trail,WB Glenmore Tr: Odgen Rd SE to Crowchild Tr SW,8,2026-09-09T19:04:07.000
2026-09-10T01:09:34.980Z,Macleod Trail,NB Macleod Tr: 274 Ave S to City Centre via Macleod Tr,31,2026-09-09T19:04:07.000
2026-09-10T01:09:34.980Z,Macleod Trail,NB Macleod Tr: Anderson Rd SE to 7 Av SE,15,2026-09-09T19:04:07.000
2026-09-10T01:09:34.980Z,Macleod Trail,NB Macleod Tr: Anderson Rd SE to Blackfoot Tr SW,24,2026-09-09T19:04:07.000
2026-09-10T01:09:34.980Z,Macleod Trail,NB Macleod Tr: Anderson Rd SE to Crowchild Tr SW,10,2026-09-09T19:04:07.000
2026-09-10T01:09:34.980Z,Macleod Trail,NB Macleod Tr: N of 25 Ave S to City Centre,3,2026-09-09T19:04:07.000
2026-09-10T01:09:34.980Z,Stoney Trail,EB Stoney Tr: Chaparral Blvd SE to 16 Ave NE,16,2026-09-09T19:04:07.000
2026-09-10T01:09:34.980Z,Stoney Trail,EB Stoney Tr: Chaparral Blvd SE to Glenmore Tr SE,10,2026-09-09T19:04:07.000
2026-09-10T01:09:34.980Z,Stoney Trail,EB Stoney Tr: Harvest Hills Blvd NW to 16 Ave NE,13,2026-09-09T19:04:07.000
2026-09-10T01:09:34.980Z,Stoney Trail,EB Stoney Tr: Harvest Hills Blvd NW to Glenmore Tr SE,18,2026-09-09T19:04:07.000
2026-09-10T01:09:34.980Z,Stoney Trail,EB Stoney W : Sarcee Tr NW to 16 Ave NE,17,2026-09-09T19:04:07.000
2026-09-10T01:09:34.980Z,Stoney Trail,EB Stoney W : Sarcee Tr NW to Deerfoot Tr N,7,2026-09-09T19:04:07.000
2026-09-10T01:09:34.980Z,Stoney Trail,NB Stoney Tr: 114 Ave SE to 16 Ave NE,8,2026-09-09T19:04:07.000
2026-09-10T01:09:34.980Z,Stoney Trail,NB Stoney Tr: 114 Ave SE to Deerfoot Tr NE,19,2026-09-09T19:04:07.000
2026-09-10T01:09:34.980Z,Stoney Trail,NB Stoney Tr: McKnight Blvd NE to Crowchild Tr NW,20,2026-09-09T19:04:07.000
2026-09-10T01:09:34.980Z,Stoney Trail,NB Stoney Tr: McKnight Blvd NE to Deerfoot Tr N,9,2026-09-09T19:04:07.000
2026-09-10T01:09:34.980Z,Stoney Trail,NB Stoney Tr: Peigan Tr SE to Deerfoot Tr NE,15,2026-09-09T19:04:07.000
2026-09-10T01:09:34.980Z,Stoney Trail,NB Stoney Tr: Peigan Tr SE to McKnight Blvd NE,6,2026-09-09T19:04:07.000
2026-09-10T01:09:34.980Z,Stoney Trail,SB Deerfoot Tr: Balzac  to Stoney Tr SE via Stoney Tr,25,2026-09-09T19:04:07.000
2026-09-10T01:09:34.980Z,Stoney Trail,SB Stoney Tr: Mcknight Blvd NE to Deerfoot Tr S,14,2026-09-09T19:04:07.000
2026-09-10T01:09:34.980Z,Stoney Trail,SB Stoney Tr: Mcknight Blvd NE to Glenmore Tr SE,7,2026-09-09T19:04:07.000
2026-09-10T01:09:34.980Z,Stoney Trail,SB Stoney Tr: Peigan Tr SE to 52 St SE,8,2026-09-09T19:04:07.000
2026-09-10T01:09:34.980Z,Stoney Trail,SB Stoney Tr: Peigan Tr SE to Macleod Tr SE,13,2026-09-09T19:04:07.000
2026-09-10T01:09:34.980Z,Stoney Trail,WB Stoney Tr: 52 St SE to James Mckevitt Rd SW,7,2026-09-09T19:04:07.000
2026-09-10T01:09:34.980Z,Stoney Trail,WB Stoney Tr: 52 St SE to Macleod Tr SE,5,2026-09-09T19:04:07.000
2026-09-10T01:09:34.980Z,Stoney Trail,WB Stoney Tr: Country Hills Blvd NW to 16 Ave NW,5,2026-09-09T19:04:07.000
2026-09-10T01:09:34.980Z,Stoney Trail,WB Stoney Tr: Deerfoot Tr NW to 16 Ave NW,13,2026-09-09T19:04:07.000
2026-09-10T01:09:34.980Z,Stoney Trail,WB Stoney Tr: Deerfoot Tr NW to Crowchild Tr NW,9,2026-09-09T19:04:07.000
2026-09-10T01:09:34.980Z,Trans Canada Highway,WB Trans Canada Hwy: Hwy 22 to Banff,50,2026-09-09T19:04:07.000
2026-09-10T01:09:34.980Z,Trans Canada Highway,WB Trans Canada Hwy: Hwy 22 to Kananaskis Village,43,2026-09-09T19:04:07.000
2026-09-10T06:00:54.199Z,16 Avenue,WB 16 Ave: Stoney Tr NE to Valley Ridge Bv NW via 16 Ave,31,2026-09-09T23:44:11.000
2026-09-10T06:00:54.199Z,16 Avenue,WB 16 Ave: Stoney Tr NE to Valley Ridge Bv Via Stoney Tr,27,2026-09-09T23:44:11.000
2026-09-10T06:00:54.199Z,Crowchild Trail,NB Crowchild Tr: 50 Ave SW to 24 Ave NW,7,2026-09-09T23:44:11.000
2026-09-10T06:00:54.199Z,Crowchild Trail,NB Crowchild Tr: 50 Ave SW to Memorial Dr NW,4,2026-09-09T23:44:11.000
2026-09-10T06:00:54.199Z,Crowchild Trail,NB Crowchild Tr: Glenmore Tr SW to 24 Ave NW,9,2026-09-09T23:44:11.000
2026-09-10T06:00:54.199Z,Crowchild Trail,SB Crowchild Tr: 12 Mile Coulee Rd NW to Glenmore Tr SW,17,2026-09-09T23:44:11.000
2026-09-10T06:00:54.199Z,Crowchild Trail,SB Crowchild Tr: 12 Mile Coulee Rd NW to Memorial Dr NW,12,2026-09-09T23:44:11.000
2026-09-10T06:00:54.199Z,Crowchild Trail,SB Crowchild Tr: 24 Ave NW to 17 Ave SW,5,2026-09-09T23:44:11.000
2026-09-10T06:00:54.199Z,Crowchild Trail,SB Crowchild Tr: 24 Ave NW to Glenmore Tr SW,10,2026-09-09T23:44:11.000
2026-09-10T06:00:54.199Z,Crowchild Trail,SB Crowchild Tr: 33 Ave SW to Deerfoot Tr SE,8,2026-09-09T23:44:11.000
2026-09-10T06:00:54.199Z,Crowchild Trail,SB Crowchild Tr: 33 Ave SW to Glenmore Tr SW,4,2026-09-09T23:44:11.000
2026-09-10T06:00:54.199Z,Deerfoot Trail,NB Deerfoot Tr: 17 Ave SE to Airport Tr NE,9,2026-09-09T23:44:11.000
2026-09-10T06:00:54.199Z,Deerfoot Trail,NB Deerfoot Tr: 17 Ave SE to Stoney Tr NE,12,2026-09-09T23:44:11.000
2026-09-10T06:00:54.199Z,Deerfoot Trail,NB Deerfoot Tr: 274 Ave S to City Centre via Deerfoot Tr,28,2026-09-09T23:44:11.000
2026-09-10T06:00:54.199Z,Deerfoot Trail,NB Deerfoot Tr: 32 Ave NE to Airport Tr NE,4,2026-09-09T23:44:11.000
2026-09-10T06:00:54.199Z,Deerfoot Trail,NB Deerfoot Tr: 32 Ave NE to Stoney Tr NE,7,2026-09-09T23:44:11.000
2026-09-10T06:00:54.199Z,Deerfoot Trail,NB Deerfoot Tr: 8 Ave NE to Airport Tr NE,7,2026-09-09T23:44:11.000
2026-09-10T06:00:54.199Z,Deerfoot Trail,NB Deerfoot Tr: 8 Ave NE to Stoney Tr NE,10,2026-09-09T23:44:11.000
2026-09-10T06:00:54.199Z,Deerfoot Trail,NB Deerfoot Tr: Anderson Rd SE to Airport Tr NE,17,2026-09-09T23:44:11.000
2026-09-10T06:00:54.199Z,Deerfoot Trail,NB Deerfoot Tr: Anderson Rd SE to Memorial Dr SE,10,2026-09-09T23:44:11.000
2026-09-10T06:00:54.199Z,Deerfoot Trail,NB Deerfoot Tr: Cranston Ave SE to Memorial Dr SE,18,2026-09-09T23:44:11.000
2026-09-10T06:00:54.199Z,Deerfoot Trail,NB Deerfoot Tr: Cranston Ave SE to Southland Dr SE,10,2026-09-09T23:44:11.000
2026-09-10T06:00:54.199Z,Deerfoot Trail,NB Deerfoot Tr: Glenmore Tr SE to Airport Tr NE,12,2026-09-09T23:44:11.000
2026-09-10T06:00:54.199Z,Deerfoot Trail,NB Deerfoot Tr: Glenmore Tr SE to Memorial Dr SE,5,2026-09-09T23:44:11.000
2026-09-10T06:00:54.199Z,Deerfoot Trail,NB Deerfoot Tr: Glenmore Tr SE to Stoney Tr NE,14,2026-09-09T23:44:11.000
2026-09-10T06:00:54.199Z,Deerfoot Trail,SB Deerfoot Tr: 17 Ave SE to Anderson Rd SE,9,2026-09-09T23:44:11.000
2026-09-10T06:00:54.199Z,Deerfoot Trail,SB Deerfoot Tr: 17 Ave SE to Stoney Tr SE,14,2026-09-09T23:44:11.000
2026-09-10T06:00:54.199Z,Deerfoot Trail,SB Deerfoot Tr: 64 Ave NE to Anderson Rd SE,14,2026-09-09T23:44:11.000
2026-09-10T06:00:54.199Z,Deerfoot Trail,SB Deerfoot Tr: 64 Ave NE to Memorial Dr SE,5,2026-09-09T23:44:11.000
2026-09-10T06:00:54.199Z,Deerfoot Trail,SB Deerfoot Tr: 8 Ave SE to Glenmore Tr SE,6,2026-09-09T23:44:11.000
2026-09-10T06:00:54.199Z,Deerfoot Trail,SB Deerfoot Tr: 8 Ave SE to Stoney Tr SE,15,2026-09-09T23:44:11.000
2026-09-10T06:00:54.199Z,Deerfoot Trail,SB Deerfoot Tr: Airport Tr NE to Anderson Rd SE,16,2026-09-09T23:44:11.000
2026-09-10T06:00:54.199Z,Deerfoot Trail,SB Deerfoot Tr: Airport Tr NE to Memorial Dr SE,7,2026-09-09T23:44:11.000
2026-09-10T06:00:54.199Z,Deerfoot Trail,SB Deerfoot Tr: Balzac  to Stoney Tr SE via Deerfoot Tr,26,2026-09-09T23:44:11.000
2026-09-10T06:00:54.199Z,Deerfoot Trail,SB Deerfoot Tr: Peigan Tr SE to Anderson Rd SE,7,2026-09-09T23:44:11.000
2026-09-10T06:00:54.199Z,Deerfoot Trail,SB Deerfoot Tr: Peigan Tr SE to Stoney Tr SE,12,2026-09-09T23:44:11.000
2026-09-10T06:00:54.199Z,Glenmore Trail,EB Glenmore Tr: Crowchild Tr SW to Deerfoot Tr SE,6,2026-09-09T23:44:11.000
2026-09-10T06:00:54.199Z,Glenmore Trail,WB Glenmore Tr: Odgen Rd SE to Bow Trail SW,11,2026-09-09T23:44:11.000
2026-09-10T06:00:54.199Z,Glenmore Trail,WB Glenmore Tr: Odgen Rd SE to Crowchild Tr SW,7,2026-09-09T23:44:11.000
2026-09-10T06:00:54.199Z,Macleod Trail,NB Macleod Tr: 274 Ave S to City Centre via Macleod Tr,27,2026-09-09T23:44:11.000
2026-09-10T06:00:54.199Z,Macleod Trail,NB Macleod Tr: Anderson Rd SE to 7 Av SE,14,2026-09-09T23:44:11.000
2026-09-10T06:00:54.199Z,Macleod Trail,NB Macleod Tr: Anderson Rd SE to Blackfoot Tr SW,23,2026-09-09T23:44:11.000
2026-09-10T06:00:54.199Z,Macleod Trail,NB Macleod Tr: Anderson Rd SE to Crowchild Tr SW,9,2026-09-09T23:44:11.000
2026-09-10T06:00:54.199Z,Macleod Trail,NB Macleod Tr: N of 25 Ave S to City Centre,3,2026-09-09T23:44:11.000
2026-09-10T06:00:54.199Z,Stoney Trail,EB Stoney Tr: Chaparral Blvd SE to 16 Ave NE,15,2026-09-09T23:44:11.000
2026-09-10T06:00:54.199Z,Stoney Trail,EB Stoney Tr: Chaparral Blvd SE to Glenmore Tr SE,9,2026-09-09T23:44:11.000
2026-09-10T06:00:54.199Z,Stoney Trail,EB Stoney Tr: Harvest Hills Blvd NW to 16 Ave NE,14,2026-09-09T23:44:11.000
2026-09-10T06:00:54.199Z,Stoney Trail,EB Stoney Tr: Harvest Hills Blvd NW to Glenmore Tr SE,19,2026-09-09T23:44:11.000
2026-09-10T06:00:54.199Z,Stoney Trail,EB Stoney W : Sarcee Tr NW to 16 Ave NE,18,2026-09-09T23:44:11.000
2026-09-10T06:00:54.199Z,Stoney Trail,EB Stoney W : Sarcee Tr NW to Deerfoot Tr N,8,2026-09-09T23:44:11.000
2026-09-10T06:00:54.199Z,Stoney Trail,NB Stoney Tr: 114 Ave SE to 16 Ave NE,8,2026-09-09T23:44:11.000
2026-09-10T06:00:54.199Z,Stoney Trail,NB Stoney Tr: 114 Ave SE to Deerfoot Tr NE,19,2026-09-09T23:44:11.000
2026-09-10T06:00:54.199Z,Stoney Trail,NB Stoney Tr: McKnight Blvd NE to Crowchild Tr NW,20,2026-09-09T23:44:11.000
2026-09-10T06:00:54.199Z,Stoney Trail,NB Stoney Tr: McKnight Blvd NE to Deerfoot Tr N,9,2026-09-09T23:44:11.000
2026-09-10T06:00:54.199Z,Stoney Trail,NB Stoney Tr: Peigan Tr SE to Deerfoot Tr NE,15,2026-09-09T23:44:11.000
2026-09-10T06:00:54.199Z,Stoney Trail,NB Stoney Tr: Peigan Tr SE to McKnight Blvd NE,6,2026-09-09T23:44:11.000
2026-09-10T06:00:54.199Z,Stoney Trail,SB Deerfoot Tr: Balzac  to Stoney Tr SE via Stoney Tr,26,2026-09-09T23:44:11.000
2026-09-10T06:00:54.199Z,Stoney Trail,SB Stoney Tr: Mcknight Blvd NE to Deerfoot Tr S,15,2026-09-09T23:44:11.000
2026-09-10T06:00:54.199Z,Stoney Trail,SB Stoney Tr: Mcknight Blvd NE to Glenmore Tr SE,8,2026-09-09T23:44:11.000
2026-09-10T06:00:54.199Z,Stoney Trail,SB Stoney Tr: Peigan Tr SE to 52 St SE,9,2026-09-09T23:44:11.000
2026-09-10T06:00:54.199Z,Stoney Trail,SB Stoney Tr: Peigan Tr SE to Macleod Tr SE,13,2026-09-09T23:44:11.000
2026-09-10T06:00:54.199Z,Stoney Trail,WB Stoney Tr: 52 St SE to James Mckevitt Rd SW,7,2026-09-09T23:44:11.000
2026-09-10T06:00:54.199Z,Stoney Trail,WB Stoney Tr: 52 St SE to Macleod Tr SE,5,2026-09-09T23:44:11.000
2026-09-10T06:00:54.199Z,Stoney Trail,WB Stoney Tr: Country Hills Blvd NW to 16 Ave NW,6,2026-09-09T23:44:11.000
2026-09-10T06:00:54.199Z,Stoney Trail,WB Stoney Tr: Deerfoot Tr NW to 16 Ave NW,13,2026-09-09T23:44:11.000
2026-09-10T06:00:54.199Z,Stoney Trail,WB Stoney Tr: Deerfoot Tr NW to Crowchild Tr NW,10,2026-09-09T23:44:11.000
2026-09-10T06:00:54.199Z,Trans Canada Highway,WB Trans Canada Hwy: Hwy 22 to Banff,51,2026-09-09T23:44:11.000
2026-09-10T06:00:54.199Z,Trans Canada Highway,WB Trans Canada Hwy: Hwy 22 to Kananaskis Village,43,2026-09-09T23:44:11.000
2026-09-10T11:24:48.332Z,16 Avenue,WB 16 Ave: Stoney Tr NE to Valley Ridge Bv NW via 16 Ave,30,2026-09-10T05:04:09.000
2026-09-10T11:24:48.332Z,16 Avenue,WB 16 Ave: Stoney Tr NE to Valley Ridge Bv Via Stoney Tr,27,2026-09-10T05:04:09.000
2026-09-10T11:24:48.332Z,Crowchild Trail,NB Crowchild Tr: 50 Ave SW to 24 Ave NW,7,2026-09-10T05:04:09.000
2026-09-10T11:24:48.332Z,Crowchild Trail,NB Crowchild Tr: 50 Ave SW to Memorial Dr NW,5,2026-09-10T05:04:09.000
2026-09-10T11:24:48.332Z,Crowchild Trail,NB Crowchild Tr: Glenmore Tr SW to 24 Ave NW,9,2026-09-10T05:04:09.000
2026-09-10T11:24:48.332Z,Crowchild Trail,SB Crowchild Tr: 12 Mile Coulee Rd NW to Glenmore Tr SW,16,2026-09-10T05:04:09.000
2026-09-10T11:24:48.332Z,Crowchild Trail,SB Crowchild Tr: 12 Mile Coulee Rd NW to Memorial Dr NW,11,2026-09-10T05:04:09.000
2026-09-10T11:24:48.332Z,Crowchild Trail,SB Crowchild Tr: 24 Ave NW to 17 Ave SW,5,2026-09-10T05:04:09.000
2026-09-10T11:24:48.332Z,Crowchild Trail,SB Crowchild Tr: 24 Ave NW to Glenmore Tr SW,9,2026-09-10T05:04:09.000
2026-09-10T11:24:48.332Z,Crowchild Trail,SB Crowchild Tr: 33 Ave SW to Deerfoot Tr SE,7,2026-09-10T05:04:09.000
2026-09-10T11:24:48.332Z,Crowchild Trail,SB Crowchild Tr: 33 Ave SW to Glenmore Tr SW,3,2026-09-10T05:04:09.000
2026-09-10T11:24:48.332Z,Deerfoot Trail,NB Deerfoot Tr: 17 Ave SE to Airport Tr NE,8,2026-09-10T05:04:09.000
2026-09-10T11:24:48.332Z,Deerfoot Trail,NB Deerfoot Tr: 17 Ave SE to Stoney Tr NE,11,2026-09-10T05:04:09.000
2026-09-10T11:24:48.332Z,Deerfoot Trail,NB Deerfoot Tr: 274 Ave S to City Centre via Deerfoot Tr,26,2026-09-10T05:04:09.000
2026-09-10T11:24:48.332Z,Deerfoot Trail,NB Deerfoot Tr: 32 Ave NE to Airport Tr NE,4,2026-09-10T05:04:09.000
2026-09-10T11:24:48.332Z,Deerfoot Trail,NB Deerfoot Tr: 32 Ave NE to Stoney Tr NE,7,2026-09-10T05:04:09.000
2026-09-10T11:24:48.332Z,Deerfoot Trail,NB Deerfoot Tr: 8 Ave NE to Airport Tr NE,6,2026-09-10T05:04:09.000
2026-09-10T11:24:48.332Z,Deerfoot Trail,NB Deerfoot Tr: 8 Ave NE to Stoney Tr NE,9,2026-09-10T05:04:09.000
2026-09-10T11:24:48.332Z,Deerfoot Trail,NB Deerfoot Tr: Anderson Rd SE to Airport Tr NE,15,2026-09-10T05:04:09.000
2026-09-10T11:24:48.332Z,Deerfoot Trail,NB Deerfoot Tr: Anderson Rd SE to Memorial Dr SE,9,2026-09-10T05:04:09.000
2026-09-10T11:24:48.332Z,Deerfoot Trail,NB Deerfoot Tr: Cranston Ave SE to Memorial Dr SE,16,2026-09-10T05:04:09.000
2026-09-10T11:24:48.332Z,Deerfoot Trail,NB Deerfoot Tr: Cranston Ave SE to Southland Dr SE,10,2026-09-10T05:04:09.000
2026-09-10T11:24:48.332Z,Deerfoot Trail,NB Deerfoot Tr: Glenmore Tr SE to Airport Tr NE,11,2026-09-10T05:04:09.000
2026-09-10T11:24:48.332Z,Deerfoot Trail,NB Deerfoot Tr: Glenmore Tr SE to Memorial Dr SE,5,2026-09-10T05:04:09.000
2026-09-10T11:24:48.332Z,Deerfoot Trail,NB Deerfoot Tr: Glenmore Tr SE to Stoney Tr NE,13,2026-09-10T05:04:09.000
2026-09-10T11:24:48.332Z,Deerfoot Trail,SB Deerfoot Tr: 17 Ave SE to Anderson Rd SE,8,2026-09-10T05:04:09.000
2026-09-10T11:24:48.332Z,Deerfoot Trail,SB Deerfoot Tr: 17 Ave SE to Stoney Tr SE,12,2026-09-10T05:04:09.000
2026-09-10T11:24:48.332Z,Deerfoot Trail,SB Deerfoot Tr: 64 Ave NE to Anderson Rd SE,13,2026-09-10T05:04:09.000
2026-09-10T11:24:48.332Z,Deerfoot Trail,SB Deerfoot Tr: 64 Ave NE to Memorial Dr SE,5,2026-09-10T05:04:09.000
2026-09-10T11:24:48.332Z,Deerfoot Trail,SB Deerfoot Tr: 8 Ave SE to Glenmore Tr SE,6,2026-09-10T05:04:09.000
2026-09-10T11:24:48.332Z,Deerfoot Trail,SB Deerfoot Tr: 8 Ave SE to Stoney Tr SE,14,2026-09-10T05:04:09.000
2026-09-10T11:24:48.332Z,Deerfoot Trail,SB Deerfoot Tr: Airport Tr NE to Anderson Rd SE,15,2026-09-10T05:04:09.000
2026-09-10T11:24:48.332Z,Deerfoot Trail,SB Deerfoot Tr: Airport Tr NE to Memorial Dr SE,7,2026-09-10T05:04:09.000
2026-09-10T11:24:48.332Z,Deerfoot Trail,SB Deerfoot Tr: Balzac  to Stoney Tr SE via Deerfoot Tr,24,2026-09-10T05:04:09.000
2026-09-10T11:24:48.332Z,Deerfoot Trail,SB Deerfoot Tr: Peigan Tr SE to Anderson Rd SE,6,2026-09-10T05:04:09.000
2026-09-10T11:24:48.332Z,Deerfoot Trail,SB Deerfoot Tr: Peigan Tr SE to Stoney Tr SE,11,2026-09-10T05:04:09.000
2026-09-10T11:24:48.332Z,Glenmore Trail,EB Glenmore Tr: Crowchild Tr SW to Deerfoot Tr SE,5,2026-09-10T05:04:09.000
2026-09-10T11:24:48.332Z,Glenmore Trail,WB Glenmore Tr: Odgen Rd SE to Bow Trail SW,12,2026-09-10T05:04:09.000
2026-09-10T11:24:48.332Z,Glenmore Trail,WB Glenmore Tr: Odgen Rd SE to Crowchild Tr SW,7,2026-09-10T05:04:09.000
2026-09-10T11:24:48.332Z,Macleod Trail,NB Macleod Tr: 274 Ave S to City Centre via Macleod Tr,25,2026-09-10T05:04:09.000
2026-09-10T11:24:48.332Z,Macleod Trail,NB Macleod Tr: Anderson Rd SE to 7 Av SE,13,2026-09-10T05:04:09.000
2026-09-10T11:24:48.332Z,Macleod Trail,NB Macleod Tr: Anderson Rd SE to Blackfoot Tr SW,22,2026-09-10T05:04:09.000
2026-09-10T11:24:48.332Z,Macleod Trail,NB Macleod Tr: Anderson Rd SE to Crowchild Tr SW,9,2026-09-10T05:04:09.000
2026-09-10T11:24:48.332Z,Macleod Trail,NB Macleod Tr: N of 25 Ave S to City Centre,3,2026-09-10T05:04:09.000
2026-09-10T11:24:48.332Z,Stoney Trail,EB Stoney Tr: Chaparral Blvd SE to 16 Ave NE,13,2026-09-10T05:04:09.000
2026-09-10T11:24:48.332Z,Stoney Trail,EB Stoney Tr: Chaparral Blvd SE to Glenmore Tr SE,8,2026-09-10T05:04:09.000
2026-09-10T11:24:48.332Z,Stoney Trail,EB Stoney Tr: Harvest Hills Blvd NW to 16 Ave NE,14,2026-09-10T05:04:09.000
2026-09-10T11:24:48.332Z,Stoney Trail,EB Stoney Tr: Harvest Hills Blvd NW to Glenmore Tr SE,19,2026-09-10T05:04:09.000
2026-09-10T11:24:48.332Z,Stoney Trail,EB Stoney W : Sarcee Tr NW to 16 Ave NE,18,2026-09-10T05:04:09.000
2026-09-10T11:24:48.332Z,Stoney Trail,EB Stoney W : Sarcee Tr NW to Deerfoot Tr N,7,2026-09-10T05:04:09.000
2026-09-10T11:24:48.332Z,Stoney Trail,NB Stoney Tr: 114 Ave SE to 16 Ave NE,7,2026-09-10T05:04:09.000
2026-09-10T11:24:48.332Z,Stoney Trail,NB Stoney Tr: 114 Ave SE to Deerfoot Tr NE,17,2026-09-10T05:04:09.000
2026-09-10T11:24:48.332Z,Stoney Trail,NB Stoney Tr: McKnight Blvd NE to Crowchild Tr NW,20,2026-09-10T05:04:09.000
2026-09-10T11:24:48.332Z,Stoney Trail,NB Stoney Tr: McKnight Blvd NE to Deerfoot Tr N,8,2026-09-10T05:04:09.000
2026-09-10T11:24:48.332Z,Stoney Trail,NB Stoney Tr: Peigan Tr SE to Deerfoot Tr NE,13,2026-09-10T05:04:09.000
2026-09-10T11:24:48.332Z,Stoney Trail,NB Stoney Tr: Peigan Tr SE to McKnight Blvd NE,5,2026-09-10T05:04:09.000
2026-09-10T11:24:48.332Z,Stoney Trail,SB Deerfoot Tr: Balzac  to Stoney Tr SE via Stoney Tr,26,2026-09-10T05:04:09.000
2026-09-10T11:24:48.332Z,Stoney Trail,SB Stoney Tr: Mcknight Blvd NE to Deerfoot Tr S,15,2026-09-10T05:04:09.000
2026-09-10T11:24:48.332Z,Stoney Trail,SB Stoney Tr: Mcknight Blvd NE to Glenmore Tr SE,8,2026-09-10T05:04:09.000
2026-09-10T11:24:48.332Z,Stoney Trail,SB Stoney Tr: Peigan Tr SE to 52 St SE,9,2026-09-10T05:04:09.000
2026-09-10T11:24:48.332Z,Stoney Trail,SB Stoney Tr: Peigan Tr SE to Macleod Tr SE,14,2026-09-10T05:04:09.000
2026-09-10T11:24:48.332Z,Stoney Trail,WB Stoney Tr: 52 St SE to James Mckevitt Rd SW,7,2026-09-10T05:04:09.000
2026-09-10T11:24:48.332Z,Stoney Trail,WB Stoney Tr: 52 St SE to Macleod Tr SE,5,2026-09-10T05:04:09.000
2026-09-10T11:24:48.332Z,Stoney Trail,WB Stoney Tr: Country Hills Blvd NW to 16 Ave NW,6,2026-09-10T05:04:09.000
2026-09-10T11:24:48.332Z,Stoney Trail,WB Stoney Tr: Deerfoot Tr NW to 16 Ave NW,13,2026-09-10T05:04:09.000
2026-09-10T11:24:48.332Z,Stoney Trail,WB Stoney Tr: Deerfoot Tr NW to Crowchild Tr NW,10,2026-09-10T05:04:09.000
2026-09-10T11:24:48.332Z,Trans Canada Highway,WB Trans Canada Hwy: Hwy 22 to Banff,54,2026-09-10T05:04:09.000
2026-09-10T11:24:48.332Z,Trans Canada Highway,WB Trans Canada Hwy: Hwy 22 to Kananaskis Village,45,2026-09-10T05:04:09.000
2026-09-10T15:07:31.798Z,16 Avenue,WB 16 Ave: Stoney Tr NE to Valley Ridge Bv NW via 16 Ave,36,2026-09-10T08:44:07.000
2026-09-10T15:07:31.798Z,16 Avenue,WB 16 Ave: Stoney Tr NE to Valley Ridge Bv Via Stoney Tr,29,2026-09-10T08:44:07.000
2026-09-10T15:07:31.798Z,Crowchild Trail,NB Crowchild Tr: 50 Ave SW to 24 Ave NW,8,2026-09-10T08:44:07.000
2026-09-10T15:07:31.798Z,Crowchild Trail,NB Crowchild Tr: 50 Ave SW to Memorial Dr NW,5,2026-09-10T08:44:07.000
2026-09-10T15:07:31.798Z,Crowchild Trail,NB Crowchild Tr: Glenmore Tr SW to 24 Ave NW,11,2026-09-10T08:44:07.000
2026-09-10T15:07:31.798Z,Crowchild Trail,SB Crowchild Tr: 12 Mile Coulee Rd NW to Glenmore Tr SW,26,2026-09-10T08:44:07.000
2026-09-10T15:07:31.798Z,Crowchild Trail,SB Crowchild Tr: 12 Mile Coulee Rd NW to Memorial Dr NW,21,2026-09-10T08:44:07.000
2026-09-10T15:07:31.798Z,Crowchild Trail,SB Crowchild Tr: 24 Ave NW to 17 Ave SW,7,2026-09-10T08:44:07.000
2026-09-10T15:07:31.798Z,Crowchild Trail,SB Crowchild Tr: 24 Ave NW to Glenmore Tr SW,12,2026-09-10T08:44:07.000
2026-09-10T15:07:31.798Z,Crowchild Trail,SB Crowchild Tr: 33 Ave SW to Deerfoot Tr SE,9,2026-09-10T08:44:07.000
2026-09-10T15:07:31.798Z,Crowchild Trail,SB Crowchild Tr: 33 Ave SW to Glenmore Tr SW,4,2026-09-10T08:44:07.000
2026-09-10T15:07:31.798Z,Deerfoot Trail,NB Deerfoot Tr: 17 Ave SE to Airport Tr NE,10,2026-09-10T08:44:07.000
2026-09-10T15:07:31.798Z,Deerfoot Trail,NB Deerfoot Tr: 17 Ave SE to Stoney Tr NE,12,2026-09-10T08:44:07.000
2026-09-10T15:07:31.798Z,Deerfoot Trail,NB Deerfoot Tr: 274 Ave S to City Centre via Deerfoot Tr,42,2026-09-10T08:44:07.000
2026-09-10T15:07:31.798Z,Deerfoot Trail,NB Deerfoot Tr: 32 Ave NE to Airport Tr NE,4,2026-09-10T08:44:07.000
2026-09-10T15:07:31.798Z,Deerfoot Trail,NB Deerfoot Tr: 32 Ave NE to Stoney Tr NE,7,2026-09-10T08:44:07.000
2026-09-10T15:07:31.798Z,Deerfoot Trail,NB Deerfoot Tr: 8 Ave NE to Airport Tr NE,7,2026-09-10T08:44:07.000
2026-09-10T15:07:31.798Z,Deerfoot Trail,NB Deerfoot Tr: 8 Ave NE to Stoney Tr NE,9,2026-09-10T08:44:07.000
2026-09-10T15:07:31.798Z,Deerfoot Trail,NB Deerfoot Tr: Anderson Rd SE to Airport Tr NE,19,2026-09-10T08:44:07.000
2026-09-10T15:07:31.798Z,Deerfoot Trail,NB Deerfoot Tr: Anderson Rd SE to Memorial Dr SE,12,2026-09-10T08:44:07.000
2026-09-10T15:07:31.798Z,Deerfoot Trail,NB Deerfoot Tr: Cranston Ave SE to Memorial Dr SE,26,2026-09-10T08:44:07.000
2026-09-10T15:07:31.798Z,Deerfoot Trail,NB Deerfoot Tr: Cranston Ave SE to Southland Dr SE,17,2026-09-10T08:44:07.000
2026-09-10T15:07:31.798Z,Deerfoot Trail,NB Deerfoot Tr: Glenmore Tr SE to Airport Tr NE,12,2026-09-10T08:44:07.000
2026-09-10T15:07:31.798Z,Deerfoot Trail,NB Deerfoot Tr: Glenmore Tr SE to Memorial Dr SE,6,2026-09-10T08:44:07.000
2026-09-10T15:07:31.798Z,Deerfoot Trail,NB Deerfoot Tr: Glenmore Tr SE to Stoney Tr NE,15,2026-09-10T08:44:07.000
2026-09-10T15:07:31.798Z,Deerfoot Trail,SB Deerfoot Tr: 17 Ave SE to Anderson Rd SE,10,2026-09-10T08:44:07.000
2026-09-10T15:07:31.798Z,Deerfoot Trail,SB Deerfoot Tr: 17 Ave SE to Stoney Tr SE,15,2026-09-10T08:44:07.000
2026-09-10T15:07:31.798Z,Deerfoot Trail,SB Deerfoot Tr: 64 Ave NE to Anderson Rd SE,20,2026-09-10T08:44:07.000
2026-09-10T15:07:31.798Z,Deerfoot Trail,SB Deerfoot Tr: 64 Ave NE to Memorial Dr SE,9,2026-09-10T08:44:07.000
2026-09-10T15:07:31.798Z,Deerfoot Trail,SB Deerfoot Tr: 8 Ave SE to Glenmore Tr SE,9,2026-09-10T08:44:07.000
2026-09-10T15:07:31.798Z,Deerfoot Trail,SB Deerfoot Tr: 8 Ave SE to Stoney Tr SE,18,2026-09-10T08:44:07.000
2026-09-10T15:07:31.798Z,Deerfoot Trail,SB Deerfoot Tr: Airport Tr NE to Anderson Rd SE,27,2026-09-10T08:44:07.000
2026-09-10T15:07:31.798Z,Deerfoot Trail,SB Deerfoot Tr: Airport Tr NE to Memorial Dr SE,15,2026-09-10T08:44:07.000
2026-09-10T15:07:31.798Z,Deerfoot Trail,SB Deerfoot Tr: Balzac  to Stoney Tr SE via Deerfoot Tr,40,2026-09-10T08:44:07.000
2026-09-10T15:07:31.798Z,Deerfoot Trail,SB Deerfoot Tr: Peigan Tr SE to Anderson Rd SE,9,2026-09-10T08:44:07.000
2026-09-10T15:07:31.798Z,Deerfoot Trail,SB Deerfoot Tr: Peigan Tr SE to Stoney Tr SE,14,2026-09-10T08:44:07.000
2026-09-10T15:07:31.798Z,Glenmore Trail,EB Glenmore Tr: Crowchild Tr SW to Deerfoot Tr SE,7,2026-09-10T08:44:07.000
2026-09-10T15:07:31.798Z,Glenmore Trail,WB Glenmore Tr: Odgen Rd SE to Bow Trail SW,16,2026-09-10T08:44:07.000
2026-09-10T15:07:31.798Z,Glenmore Trail,WB Glenmore Tr: Odgen Rd SE to Crowchild Tr SW,12,2026-09-10T08:44:07.000
2026-09-10T15:07:31.798Z,Macleod Trail,NB Macleod Tr: 274 Ave S to City Centre via Macleod Tr,35,2026-09-10T08:44:07.000
2026-09-10T15:07:31.798Z,Macleod Trail,NB Macleod Tr: Anderson Rd SE to 7 Av SE,19,2026-09-10T08:44:07.000
2026-09-10T15:07:31.798Z,Macleod Trail,NB Macleod Tr: Anderson Rd SE to Blackfoot Tr SW,27,2026-09-10T08:44:07.000
2026-09-10T15:07:31.798Z,Macleod Trail,NB Macleod Tr: Anderson Rd SE to Crowchild Tr SW,13,2026-09-10T08:44:07.000
2026-09-10T15:07:31.798Z,Macleod Trail,NB Macleod Tr: N of 25 Ave S to City Centre,4,2026-09-10T08:44:07.000
2026-09-10T15:07:31.798Z,Stoney Trail,EB Stoney Tr: Chaparral Blvd SE to 16 Ave NE,15,2026-09-10T08:44:07.000
2026-09-10T15:07:31.798Z,Stoney Trail,EB Stoney Tr: Chaparral Blvd SE to Glenmore Tr SE,9,2026-09-10T08:44:07.000
2026-09-10T15:07:31.798Z,Stoney Trail,EB Stoney Tr: Harvest Hills Blvd NW to 16 Ave NE,21,2026-09-10T08:44:07.000
2026-09-10T15:07:31.798Z,Stoney Trail,EB Stoney Tr: Harvest Hills Blvd NW to Glenmore Tr SE,26,2026-09-10T08:44:07.000
2026-09-10T15:07:31.798Z,Stoney Trail,EB Stoney W : Sarcee Tr NW to 16 Ave NE,25,2026-09-10T08:44:07.000
2026-09-10T15:07:31.798Z,Stoney Trail,EB Stoney W : Sarcee Tr NW to Deerfoot Tr N,7,2026-09-10T08:44:07.000
2026-09-10T15:07:31.798Z,Stoney Trail,NB Stoney Tr: 114 Ave SE to 16 Ave NE,8,2026-09-10T08:44:07.000
2026-09-10T15:07:31.798Z,Stoney Trail,NB Stoney Tr: 114 Ave SE to Deerfoot Tr NE,19,2026-09-10T08:44:07.000
2026-09-10T15:07:31.798Z,Stoney Trail,NB Stoney Tr: McKnight Blvd NE to Crowchild Tr NW,21,2026-09-10T08:44:07.000
2026-09-10T15:07:31.798Z,Stoney Trail,NB Stoney Tr: McKnight Blvd NE to Deerfoot Tr N,9,2026-09-10T08:44:07.000
2026-09-10T15:07:31.798Z,Stoney Trail,NB Stoney Tr: Peigan Tr SE to Deerfoot Tr NE,15,2026-09-10T08:44:07.000
2026-09-10T15:07:31.798Z,Stoney Trail,NB Stoney Tr: Peigan Tr SE to McKnight Blvd NE,6,2026-09-10T08:44:07.000
2026-09-10T15:07:31.798Z,Stoney Trail,SB Deerfoot Tr: Balzac  to Stoney Tr SE via Stoney Tr,33,2026-09-10T08:44:07.000
2026-09-10T15:07:31.798Z,Stoney Trail,SB Stoney Tr: Mcknight Blvd NE to Deerfoot Tr S,14,2026-09-10T08:44:07.000
2026-09-10T15:07:31.798Z,Stoney Trail,SB Stoney Tr: Mcknight Blvd NE to Glenmore Tr SE,7,2026-09-10T08:44:07.000
2026-09-10T15:07:31.798Z,Stoney Trail,SB Stoney Tr: Peigan Tr SE to 52 St SE,8,2026-09-10T08:44:07.000
2026-09-10T15:07:31.798Z,Stoney Trail,SB Stoney Tr: Peigan Tr SE to Macleod Tr SE,13,2026-09-10T08:44:07.000
2026-09-10T15:07:31.798Z,Stoney Trail,WB Stoney Tr: 52 St SE to James Mckevitt Rd SW,7,2026-09-10T08:44:07.000
2026-09-10T15:07:31.798Z,Stoney Trail,WB Stoney Tr: 52 St SE to Macleod Tr SE,5,2026-09-10T08:44:07.000
2026-09-10T15:07:31.798Z,Stoney Trail,WB Stoney Tr: Country Hills Blvd NW to 16 Ave NW,5,2026-09-10T08:44:07.000
2026-09-10T15:07:31.798Z,Stoney Trail,WB Stoney Tr: Deerfoot Tr NW to 16 Ave NW,13,2026-09-10T08:44:07.000
2026-09-10T15:07:31.798Z,Stoney Trail,WB Stoney Tr: Deerfoot Tr NW to Crowchild Tr NW,9,2026-09-10T08:44:07.000
2026-09-10T15:07:31.798Z,Trans Canada Highway,WB Trans Canada Hwy: Hwy 22 to Banff,53,2026-09-10T08:44:07.000
2026-09-10T15:07:31.798Z,Trans Canada Highway,WB Trans Canada Hwy: Hwy 22 to Kananaskis Village,45,2026-09-10T08:44:07.000
2026-09-10T18:30:51.011Z,16 Avenue,WB 16 Ave: Stoney Tr NE to Valley Ridge Bv NW via 16 Ave,34,2026-09-10T12:24:07.000
2026-09-10T18:30:51.011Z,16 Avenue,WB 16 Ave: Stoney Tr NE to Valley Ridge Bv Via Stoney Tr,27,2026-09-10T12:24:07.000
2026-09-10T18:30:51.011Z,Crowchild Trail,NB Crowchild Tr: 50 Ave SW to 24 Ave NW,9,2026-09-10T12:24:07.000
2026-09-10T18:30:51.011Z,Crowchild Trail,NB Crowchild Tr: 50 Ave SW to Memorial Dr NW,5,2026-09-10T12:24:07.000
2026-09-10T18:30:51.011Z,Crowchild Trail,NB Crowchild Tr: Glenmore Tr SW to 24 Ave NW,11,2026-09-10T12:24:07.000
2026-09-10T18:30:51.011Z,Crowchild Trail,SB Crowchild Tr: 12 Mile Coulee Rd NW to Glenmore Tr SW,18,2026-09-10T12:24:07.000
2026-09-10T18:30:51.011Z,Crowchild Trail,SB Crowchild Tr: 12 Mile Coulee Rd NW to Memorial Dr NW,13,2026-09-10T12:24:07.000
2026-09-10T18:30:51.011Z,Crowchild Trail,SB Crowchild Tr: 24 Ave NW to 17 Ave SW,6,2026-09-10T12:24:07.000
2026-09-10T18:30:51.011Z,Crowchild Trail,SB Crowchild Tr: 24 Ave NW to Glenmore Tr SW,12,2026-09-10T12:24:07.000
2026-09-10T18:30:51.011Z,Crowchild Trail,SB Crowchild Tr: 33 Ave SW to Deerfoot Tr SE,11,2026-09-10T12:24:07.000
2026-09-10T18:30:51.011Z,Crowchild Trail,SB Crowchild Tr: 33 Ave SW to Glenmore Tr SW,6,2026-09-10T12:24:07.000
2026-09-10T18:30:51.011Z,Deerfoot Trail,NB Deerfoot Tr: 17 Ave SE to Airport Tr NE,9,2026-09-10T12:24:07.000
2026-09-10T18:30:51.011Z,Deerfoot Trail,NB Deerfoot Tr: 17 Ave SE to Stoney Tr NE,12,2026-09-10T12:24:07.000
2026-09-10T18:30:51.011Z,Deerfoot Trail,NB Deerfoot Tr: 274 Ave S to City Centre via Deerfoot Tr,29,2026-09-10T12:24:07.000
2026-09-10T18:30:51.011Z,Deerfoot Trail,NB Deerfoot Tr: 32 Ave NE to Airport Tr NE,5,2026-09-10T12:24:07.000
2026-09-10T18:30:51.011Z,Deerfoot Trail,NB Deerfoot Tr: 32 Ave NE to Stoney Tr NE,7,2026-09-10T12:24:07.000
2026-09-10T18:30:51.011Z,Deerfoot Trail,NB Deerfoot Tr: 8 Ave NE to Airport Tr NE,7,2026-09-10T12:24:07.000
2026-09-10T18:30:51.011Z,Deerfoot Trail,NB Deerfoot Tr: 8 Ave NE to Stoney Tr NE,10,2026-09-10T12:24:07.000
2026-09-10T18:30:51.011Z,Deerfoot Trail,NB Deerfoot Tr: Anderson Rd SE to Airport Tr NE,17,2026-09-10T12:24:07.000
2026-09-10T18:30:51.011Z,Deerfoot Trail,NB Deerfoot Tr: Anderson Rd SE to Memorial Dr SE,10,2026-09-10T12:24:07.000
2026-09-10T18:30:51.011Z,Deerfoot Trail,NB Deerfoot Tr: Cranston Ave SE to Memorial Dr SE,18,2026-09-10T12:24:07.000
2026-09-10T18:30:51.011Z,Deerfoot Trail,NB Deerfoot Tr: Cranston Ave SE to Southland Dr SE,11,2026-09-10T12:24:07.000
2026-09-10T18:30:51.011Z,Deerfoot Trail,NB Deerfoot Tr: Glenmore Tr SE to Airport Tr NE,12,2026-09-10T12:24:07.000
2026-09-10T18:30:51.011Z,Deerfoot Trail,NB Deerfoot Tr: Glenmore Tr SE to Memorial Dr SE,5,2026-09-10T12:24:07.000
2026-09-10T18:30:51.011Z,Deerfoot Trail,NB Deerfoot Tr: Glenmore Tr SE to Stoney Tr NE,15,2026-09-10T12:24:07.000
2026-09-10T18:30:51.011Z,Deerfoot Trail,SB Deerfoot Tr: 17 Ave SE to Anderson Rd SE,10,2026-09-10T12:24:07.000
2026-09-10T18:30:51.011Z,Deerfoot Trail,SB Deerfoot Tr: 17 Ave SE to Stoney Tr SE,15,2026-09-10T12:24:07.000
2026-09-10T18:30:51.011Z,Deerfoot Trail,SB Deerfoot Tr: 64 Ave NE to Anderson Rd SE,16,2026-09-10T12:24:07.000
2026-09-10T18:30:51.011Z,Deerfoot Trail,SB Deerfoot Tr: 64 Ave NE to Memorial Dr SE,6,2026-09-10T12:24:07.000
2026-09-10T18:30:51.011Z,Deerfoot Trail,SB Deerfoot Tr: 8 Ave SE to Glenmore Tr SE,7,2026-09-10T12:24:07.000
2026-09-10T18:30:51.011Z,Deerfoot Trail,SB Deerfoot Tr: 8 Ave SE to Stoney Tr SE,16,2026-09-10T12:24:07.000
2026-09-10T18:30:51.011Z,Deerfoot Trail,SB Deerfoot Tr: Airport Tr NE to Anderson Rd SE,18,2026-09-10T12:24:07.000
2026-09-10T18:30:51.011Z,Deerfoot Trail,SB Deerfoot Tr: Airport Tr NE to Memorial Dr SE,8,2026-09-10T12:24:07.000
2026-09-10T18:30:51.011Z,Deerfoot Trail,SB Deerfoot Tr: Balzac  to Stoney Tr SE via Deerfoot Tr,27,2026-09-10T12:24:07.000
2026-09-10T18:30:51.011Z,Deerfoot Trail,SB Deerfoot Tr: Peigan Tr SE to Anderson Rd SE,8,2026-09-10T12:24:07.000
2026-09-10T18:30:51.011Z,Deerfoot Trail,SB Deerfoot Tr: Peigan Tr SE to Stoney Tr SE,13,2026-09-10T12:24:07.000
2026-09-10T18:30:51.011Z,Glenmore Trail,EB Glenmore Tr: Crowchild Tr SW to Deerfoot Tr SE,10,2026-09-10T12:24:07.000
2026-09-10T18:30:51.011Z,Glenmore Trail,WB Glenmore Tr: Odgen Rd SE to Bow Trail SW,13,2026-09-10T12:24:07.000
2026-09-10T18:30:51.011Z,Glenmore Trail,WB Glenmore Tr: Odgen Rd SE to Crowchild Tr SW,9,2026-09-10T12:24:07.000
2026-09-10T18:30:51.011Z,Macleod Trail,NB Macleod Tr: 274 Ave S to City Centre via Macleod Tr,33,2026-09-10T12:24:07.000
2026-09-10T18:30:51.011Z,Macleod Trail,NB Macleod Tr: Anderson Rd SE to 7 Av SE,18,2026-09-10T12:24:07.000
2026-09-10T18:30:51.011Z,Macleod Trail,NB Macleod Tr: Anderson Rd SE to Blackfoot Tr SW,28,2026-09-10T12:24:07.000
2026-09-10T18:30:51.011Z,Macleod Trail,NB Macleod Tr: Anderson Rd SE to Crowchild Tr SW,12,2026-09-10T12:24:07.000
2026-09-10T18:30:51.011Z,Macleod Trail,NB Macleod Tr: N of 25 Ave S to City Centre,3,2026-09-10T12:24:07.000
2026-09-10T18:30:51.011Z,Stoney Trail,EB Stoney Tr: Chaparral Blvd SE to 16 Ave NE,15,2026-09-10T12:24:07.000
2026-09-10T18:30:51.011Z,Stoney Trail,EB Stoney Tr: Chaparral Blvd SE to Glenmore Tr SE,9,2026-09-10T12:24:07.000
2026-09-10T18:30:51.011Z,Stoney Trail,EB Stoney Tr: Harvest Hills Blvd NW to 16 Ave NE,14,2026-09-10T12:24:07.000
2026-09-10T18:30:51.011Z,Stoney Trail,EB Stoney Tr: Harvest Hills Blvd NW to Glenmore Tr SE,20,2026-09-10T12:24:07.000
2026-09-10T18:30:51.011Z,Stoney Trail,EB Stoney W : Sarcee Tr NW to 16 Ave NE,19,2026-09-10T12:24:07.000
2026-09-10T18:30:51.011Z,Stoney Trail,EB Stoney W : Sarcee Tr NW to Deerfoot Tr N,8,2026-09-10T12:24:07.000
2026-09-10T18:30:51.011Z,Stoney Trail,NB Stoney Tr: 114 Ave SE to 16 Ave NE,8,2026-09-10T12:24:07.000
2026-09-10T18:30:51.011Z,Stoney Trail,NB Stoney Tr: 114 Ave SE to Deerfoot Tr NE,18,2026-09-10T12:24:07.000
2026-09-10T18:30:51.011Z,Stoney Trail,NB Stoney Tr: McKnight Blvd NE to Crowchild Tr NW,20,2026-09-10T12:24:07.000
2026-09-10T18:30:51.011Z,Stoney Trail,NB Stoney Tr: McKnight Blvd NE to Deerfoot Tr N,9,2026-09-10T12:24:07.000
2026-09-10T18:30:51.011Z,Stoney Trail,NB Stoney Tr: Peigan Tr SE to Deerfoot Tr NE,14,2026-09-10T12:24:07.000
2026-09-10T18:30:51.011Z,Stoney Trail,NB Stoney Tr: Peigan Tr SE to McKnight Blvd NE,6,2026-09-10T12:24:07.000
2026-09-10T18:30:51.011Z,Stoney Trail,SB Deerfoot Tr: Balzac  to Stoney Tr SE via Stoney Tr,27,2026-09-10T12:24:07.000
2026-09-10T18:30:51.011Z,Stoney Trail,SB Stoney Tr: Mcknight Blvd NE to Deerfoot Tr S,15,2026-09-10T12:24:07.000
2026-09-10T18:30:51.011Z,Stoney Trail,SB Stoney Tr: Mcknight Blvd NE to Glenmore Tr SE,8,2026-09-10T12:24:07.000
2026-09-10T18:30:51.011Z,Stoney Trail,SB Stoney Tr: Peigan Tr SE to 52 St SE,9,2026-09-10T12:24:07.000
2026-09-10T18:30:51.011Z,Stoney Trail,SB Stoney Tr: Peigan Tr SE to Macleod Tr SE,14,2026-09-10T12:24:07.000
2026-09-10T18:30:51.011Z,Stoney Trail,WB Stoney Tr: 52 St SE to James Mckevitt Rd SW,7,2026-09-10T12:24:07.000
2026-09-10T18:30:51.011Z,Stoney Trail,WB Stoney Tr: 52 St SE to Macleod Tr SE,5,2026-09-10T12:24:07.000
2026-09-10T18:30:51.011Z,Stoney Trail,WB Stoney Tr: Country Hills Blvd NW to 16 Ave NW,5,2026-09-10T12:24:07.000
2026-09-10T18:30:51.011Z,Stoney Trail,WB Stoney Tr: Deerfoot Tr NW to 16 Ave NW,13,2026-09-10T12:24:07.000
2026-09-10T18:30:51.011Z,Stoney Trail,WB Stoney Tr: Deerfoot Tr NW to Crowchild Tr NW,10,2026-09-10T12:24:07.000
2026-09-10T18:30:51.011Z,Trans Canada Highway,WB Trans Canada Hwy: Hwy 22 to Banff,52,2026-09-10T12:24:07.000
2026-09-10T18:30:51.011Z,Trans Canada Highway,WB Trans Canada Hwy: Hwy 22 to Kananaskis Village,44,2026-09-10T12:24:07.000
2026-09-10T21:08:59.764Z,16 Avenue,WB 16 Ave: Stoney Tr NE to Valley Ridge Bv NW via 16 Ave,37,2026-09-10T15:04:07.000
2026-09-10T21:08:59.764Z,16 Avenue,WB 16 Ave: Stoney Tr NE to Valley Ridge Bv Via Stoney Tr,28,2026-09-10T15:04:07.000
2026-09-10T21:08:59.764Z,Crowchild Trail,NB Crowchild Tr: 50 Ave SW to 24 Ave NW,8,2026-09-10T15:04:07.000
2026-09-10T21:08:59.764Z,Crowchild Trail,NB Crowchild Tr: 50 Ave SW to Memorial Dr NW,4,2026-09-10T15:04:07.000
2026-09-10T21:08:59.764Z,Crowchild Trail,NB Crowchild Tr: Glenmore Tr SW to 24 Ave NW,10,2026-09-10T15:04:07.000
2026-09-10T21:08:59.764Z,Crowchild Trail,SB Crowchild Tr: 12 Mile Coulee Rd NW to Glenmore Tr SW,18,2026-09-10T15:04:07.000
2026-09-10T21:08:59.764Z,Crowchild Trail,SB Crowchild Tr: 12 Mile Coulee Rd NW to Memorial Dr NW,13,2026-09-10T15:04:07.000
2026-09-10T21:08:59.764Z,Crowchild Trail,SB Crowchild Tr: 24 Ave NW to 17 Ave SW,5,2026-09-10T15:04:07.000
2026-09-10T21:08:59.764Z,Crowchild Trail,SB Crowchild Tr: 24 Ave NW to Glenmore Tr SW,10,2026-09-10T15:04:07.000
2026-09-10T21:08:59.764Z,Crowchild Trail,SB Crowchild Tr: 33 Ave SW to Deerfoot Tr SE,10,2026-09-10T15:04:07.000
2026-09-10T21:08:59.764Z,Crowchild Trail,SB Crowchild Tr: 33 Ave SW to Glenmore Tr SW,4,2026-09-10T15:04:07.000
2026-09-10T21:08:59.764Z,Deerfoot Trail,NB Deerfoot Tr: 17 Ave SE to Airport Tr NE,10,2026-09-10T15:04:07.000
2026-09-10T21:08:59.764Z,Deerfoot Trail,NB Deerfoot Tr: 17 Ave SE to Stoney Tr NE,13,2026-09-10T15:04:07.000
2026-09-10T21:08:59.764Z,Deerfoot Trail,NB Deerfoot Tr: 274 Ave S to City Centre via Deerfoot Tr,31,2026-09-10T15:04:07.000
2026-09-10T21:08:59.764Z,Deerfoot Trail,NB Deerfoot Tr: 32 Ave NE to Airport Tr NE,4,2026-09-10T15:04:07.000
2026-09-10T21:08:59.764Z,Deerfoot Trail,NB Deerfoot Tr: 32 Ave NE to Stoney Tr NE,7,2026-09-10T15:04:07.000
2026-09-10T21:08:59.764Z,Deerfoot Trail,NB Deerfoot Tr: 8 Ave NE to Airport Tr NE,6,2026-09-10T15:04:07.000
2026-09-10T21:08:59.764Z,Deerfoot Trail,NB Deerfoot Tr: 8 Ave NE to Stoney Tr NE,9,2026-09-10T15:04:07.000
2026-09-10T21:08:59.764Z,Deerfoot Trail,NB Deerfoot Tr: Anderson Rd SE to Airport Tr NE,18,2026-09-10T15:04:07.000
2026-09-10T21:08:59.764Z,Deerfoot Trail,NB Deerfoot Tr: Anderson Rd SE to Memorial Dr SE,12,2026-09-10T15:04:07.000
2026-09-10T21:08:59.764Z,Deerfoot Trail,NB Deerfoot Tr: Cranston Ave SE to Memorial Dr SE,21,2026-09-10T15:04:07.000
2026-09-10T21:08:59.764Z,Deerfoot Trail,NB Deerfoot Tr: Cranston Ave SE to Southland Dr SE,11,2026-09-10T15:04:07.000
2026-09-10T21:08:59.764Z,Deerfoot Trail,NB Deerfoot Tr: Glenmore Tr SE to Airport Tr NE,13,2026-09-10T15:04:07.000
2026-09-10T21:08:59.764Z,Deerfoot Trail,NB Deerfoot Tr: Glenmore Tr SE to Memorial Dr SE,7,2026-09-10T15:04:07.000
2026-09-10T21:08:59.764Z,Deerfoot Trail,NB Deerfoot Tr: Glenmore Tr SE to Stoney Tr NE,15,2026-09-10T15:04:07.000
2026-09-10T21:08:59.764Z,Deerfoot Trail,SB Deerfoot Tr: 17 Ave SE to Anderson Rd SE,9,2026-09-10T15:04:07.000
2026-09-10T21:08:59.764Z,Deerfoot Trail,SB Deerfoot Tr: 17 Ave SE to Stoney Tr SE,14,2026-09-10T15:04:07.000
2026-09-10T21:08:59.764Z,Deerfoot Trail,SB Deerfoot Tr: 64 Ave NE to Anderson Rd SE,15,2026-09-10T15:04:07.000
2026-09-10T21:08:59.764Z,Deerfoot Trail,SB Deerfoot Tr: 64 Ave NE to Memorial Dr SE,5,2026-09-10T15:04:07.000
2026-09-10T21:08:59.764Z,Deerfoot Trail,SB Deerfoot Tr: 8 Ave SE to Glenmore Tr SE,7,2026-09-10T15:04:07.000
2026-09-10T21:08:59.764Z,Deerfoot Trail,SB Deerfoot Tr: 8 Ave SE to Stoney Tr SE,15,2026-09-10T15:04:07.000
2026-09-10T21:08:59.764Z,Deerfoot Trail,SB Deerfoot Tr: Airport Tr NE to Anderson Rd SE,17,2026-09-10T15:04:07.000
2026-09-10T21:08:59.764Z,Deerfoot Trail,SB Deerfoot Tr: Airport Tr NE to Memorial Dr SE,7,2026-09-10T15:04:07.000
2026-09-10T21:08:59.764Z,Deerfoot Trail,SB Deerfoot Tr: Balzac  to Stoney Tr SE via Deerfoot Tr,27,2026-09-10T15:04:07.000
2026-09-10T21:08:59.764Z,Deerfoot Trail,SB Deerfoot Tr: Peigan Tr SE to Anderson Rd SE,7,2026-09-10T15:04:07.000
2026-09-10T21:08:59.764Z,Deerfoot Trail,SB Deerfoot Tr: Peigan Tr SE to Stoney Tr SE,12,2026-09-10T15:04:07.000
2026-09-10T21:08:59.764Z,Glenmore Trail,EB Glenmore Tr: Crowchild Tr SW to Deerfoot Tr SE,7,2026-09-10T15:04:07.000
2026-09-10T21:08:59.764Z,Glenmore Trail,WB Glenmore Tr: Odgen Rd SE to Bow Trail SW,20,2026-09-10T15:04:07.000
2026-09-10T21:08:59.764Z,Glenmore Trail,WB Glenmore Tr: Odgen Rd SE to Crowchild Tr SW,16,2026-09-10T15:04:07.000
2026-09-10T21:08:59.764Z,Macleod Trail,NB Macleod Tr: 274 Ave S to City Centre via Macleod Tr,34,2026-09-10T15:04:07.000
2026-09-10T21:08:59.764Z,Macleod Trail,NB Macleod Tr: Anderson Rd SE to 7 Av SE,18,2026-09-10T15:04:07.000
2026-09-10T21:08:59.764Z,Macleod Trail,NB Macleod Tr: Anderson Rd SE to Blackfoot Tr SW,28,2026-09-10T15:04:07.000
2026-09-10T21:08:59.764Z,Macleod Trail,NB Macleod Tr: Anderson Rd SE to Crowchild Tr SW,12,2026-09-10T15:04:07.000
2026-09-10T21:08:59.764Z,Macleod Trail,NB Macleod Tr: N of 25 Ave S to City Centre,3,2026-09-10T15:04:07.000
2026-09-10T21:08:59.764Z,Stoney Trail,EB Stoney Tr: Chaparral Blvd SE to 16 Ave NE,16,2026-09-10T15:04:07.000
2026-09-10T21:08:59.764Z,Stoney Trail,EB Stoney Tr: Chaparral Blvd SE to Glenmore Tr SE,10,2026-09-10T15:04:07.000
2026-09-10T21:08:59.764Z,Stoney Trail,EB Stoney Tr: Harvest Hills Blvd NW to 16 Ave NE,14,2026-09-10T15:04:07.000
2026-09-10T21:08:59.764Z,Stoney Trail,EB Stoney Tr: Harvest Hills Blvd NW to Glenmore Tr SE,20,2026-09-10T15:04:07.000
2026-09-10T21:08:59.764Z,Stoney Trail,EB Stoney W : Sarcee Tr NW to 16 Ave NE,18,2026-09-10T15:04:07.000
2026-09-10T21:08:59.764Z,Stoney Trail,EB Stoney W : Sarcee Tr NW to Deerfoot Tr N,8,2026-09-10T15:04:07.000
2026-09-10T21:08:59.764Z,Stoney Trail,NB Stoney Tr: 114 Ave SE to 16 Ave NE,9,2026-09-10T15:04:07.000
2026-09-10T21:08:59.764Z,Stoney Trail,NB Stoney Tr: 114 Ave SE to Deerfoot Tr NE,20,2026-09-10T15:04:07.000
2026-09-10T21:08:59.764Z,Stoney Trail,NB Stoney Tr: McKnight Blvd NE to Crowchild Tr NW,20,2026-09-10T15:04:07.000
2026-09-10T21:08:59.764Z,Stoney Trail,NB Stoney Tr: McKnight Blvd NE to Deerfoot Tr N,9,2026-09-10T15:04:07.000
2026-09-10T21:08:59.764Z,Stoney Trail,NB Stoney Tr: Peigan Tr SE to Deerfoot Tr NE,15,2026-09-10T15:04:07.000
2026-09-10T21:08:59.764Z,Stoney Trail,NB Stoney Tr: Peigan Tr SE to McKnight Blvd NE,6,2026-09-10T15:04:07.000
2026-09-10T21:08:59.764Z,Stoney Trail,SB Deerfoot Tr: Balzac  to Stoney Tr SE via Stoney Tr,26,2026-09-10T15:04:07.000
2026-09-10T21:08:59.764Z,Stoney Trail,SB Stoney Tr: Mcknight Blvd NE to Deerfoot Tr S,14,2026-09-10T15:04:07.000
2026-09-10T21:08:59.764Z,Stoney Trail,SB Stoney Tr: Mcknight Blvd NE to Glenmore Tr SE,8,2026-09-10T15:04:07.000
2026-09-10T21:08:59.764Z,Stoney Trail,SB Stoney Tr: Peigan Tr SE to 52 St SE,8,2026-09-10T15:04:07.000
2026-09-10T21:08:59.764Z,Stoney Trail,SB Stoney Tr: Peigan Tr SE to Macleod Tr SE,13,2026-09-10T15:04:07.000
2026-09-10T21:08:59.764Z,Stoney Trail,WB Stoney Tr: 52 St SE to James Mckevitt Rd SW,7,2026-09-10T15:04:07.000
2026-09-10T21:08:59.764Z,Stoney Trail,WB Stoney Tr: 52 St SE to Macleod Tr SE,5,2026-09-10T15:04:07.000
2026-09-10T21:08:59.764Z,Stoney Trail,WB Stoney Tr: Country Hills Blvd NW to 16 Ave NW,6,2026-09-10T15:04:07.000
2026-09-10T21:08:59.764Z,Stoney Trail,WB Stoney Tr: Deerfoot Tr NW to 16 Ave NW,13,2026-09-10T15:04:07.000
2026-09-10T21:08:59.764Z,Stoney Trail,WB Stoney Tr: Deerfoot Tr NW to Crowchild Tr NW,9,2026-09-10T15:04:07.000
2026-09-10T21:08:59.764Z,Trans Canada Highway,WB Trans Canada Hwy: Hwy 22 to Banff,53,2026-09-10T15:04:07.000
2026-09-10T21:08:59.764Z,Trans Canada Highway,WB Trans Canada Hwy: Hwy 22 to Kananaskis Village,42,2026-09-10T15:04:07.000
2026-09-10T23:12:30.902Z,16 Avenue,WB 16 Ave: Stoney Tr NE to Valley Ridge Bv NW via 16 Ave,42,2026-09-10T17:04:08.000
2026-09-10T23:12:30.902Z,16 Avenue,WB 16 Ave: Stoney Tr NE to Valley Ridge Bv Via Stoney Tr,33,2026-09-10T17:04:08.000
2026-09-10T23:12:30.902Z,Crowchild Trail,NB Crowchild Tr: 50 Ave SW to 24 Ave NW,13,2026-09-10T17:04:08.000
2026-09-10T23:12:30.902Z,Crowchild Trail,NB Crowchild Tr: 50 Ave SW to Memorial Dr NW,5,2026-09-10T17:04:08.000
2026-09-10T23:12:30.902Z,Crowchild Trail,NB Crowchild Tr: Glenmore Tr SW to 24 Ave NW,15,2026-09-10T17:04:08.000
2026-09-10T23:12:30.902Z,Crowchild Trail,SB Crowchild Tr: 12 Mile Coulee Rd NW to Glenmore Tr SW,20,2026-09-10T17:04:08.000
2026-09-10T23:12:30.902Z,Crowchild Trail,SB Crowchild Tr: 12 Mile Coulee Rd NW to Memorial Dr NW,15,2026-09-10T17:04:08.000
2026-09-10T23:12:30.902Z,Crowchild Trail,SB Crowchild Tr: 24 Ave NW to 17 Ave SW,7,2026-09-10T17:04:08.000
2026-09-10T23:12:30.902Z,Crowchild Trail,SB Crowchild Tr: 24 Ave NW to Glenmore Tr SW,12,2026-09-10T17:04:08.000
2026-09-10T23:12:30.902Z,Crowchild Trail,SB Crowchild Tr: 33 Ave SW to Deerfoot Tr SE,12,2026-09-10T17:04:08.000
2026-09-10T23:12:30.902Z,Crowchild Trail,SB Crowchild Tr: 33 Ave SW to Glenmore Tr SW,4,2026-09-10T17:04:08.000
2026-09-10T23:12:30.902Z,Deerfoot Trail,NB Deerfoot Tr: 17 Ave SE to Airport Tr NE,22,2026-09-10T17:04:08.000
2026-09-10T23:12:30.902Z,Deerfoot Trail,NB Deerfoot Tr: 17 Ave SE to Stoney Tr NE,28,2026-09-10T17:04:08.000
2026-09-10T23:12:30.902Z,Deerfoot Trail,NB Deerfoot Tr: 274 Ave S to City Centre via Deerfoot Tr,40,2026-09-10T17:04:08.000
2026-09-10T23:12:30.902Z,Deerfoot Trail,NB Deerfoot Tr: 32 Ave NE to Airport Tr NE,13,2026-09-10T17:04:08.000
2026-09-10T23:12:30.902Z,Deerfoot Trail,NB Deerfoot Tr: 32 Ave NE to Stoney Tr NE,19,2026-09-10T17:04:08.000
2026-09-10T23:12:30.902Z,Deerfoot Trail,NB Deerfoot Tr: 8 Ave NE to Airport Tr NE,18,2026-09-10T17:04:08.000
2026-09-10T23:12:30.902Z,Deerfoot Trail,NB Deerfoot Tr: 8 Ave NE to Stoney Tr NE,23,2026-09-10T17:04:08.000
2026-09-10T23:12:30.902Z,Deerfoot Trail,NB Deerfoot Tr: Anderson Rd SE to Airport Tr NE,32,2026-09-10T17:04:08.000
2026-09-10T23:12:30.902Z,Deerfoot Trail,NB Deerfoot Tr: Anderson Rd SE to Memorial Dr SE,14,2026-09-10T17:04:08.000
2026-09-10T23:12:30.902Z,Deerfoot Trail,NB Deerfoot Tr: Cranston Ave SE to Memorial Dr SE,23,2026-09-10T17:04:08.000
2026-09-10T23:12:30.902Z,Deerfoot Trail,NB Deerfoot Tr: Cranston Ave SE to Southland Dr SE,12,2026-09-10T17:04:08.000
2026-09-10T23:12:30.902Z,Deerfoot Trail,NB Deerfoot Tr: Glenmore Tr SE to Airport Tr NE,26,2026-09-10T17:04:08.000
2026-09-10T23:12:30.902Z,Deerfoot Trail,NB Deerfoot Tr: Glenmore Tr SE to Memorial Dr SE,9,2026-09-10T17:04:08.000
2026-09-10T23:12:30.902Z,Deerfoot Trail,NB Deerfoot Tr: Glenmore Tr SE to Stoney Tr NE,32,2026-09-10T17:04:08.000
2026-09-10T23:12:30.902Z,Deerfoot Trail,SB Deerfoot Tr: 17 Ave SE to Anderson Rd SE,14,2026-09-10T17:04:08.000
2026-09-10T23:12:30.902Z,Deerfoot Trail,SB Deerfoot Tr: 17 Ave SE to Stoney Tr SE,20,2026-09-10T17:04:08.000
2026-09-10T23:12:30.902Z,Deerfoot Trail,SB Deerfoot Tr: 64 Ave NE to Anderson Rd SE,20,2026-09-10T17:04:08.000
2026-09-10T23:12:30.902Z,Deerfoot Trail,SB Deerfoot Tr: 64 Ave NE to Memorial Dr SE,5,2026-09-10T17:04:08.000
2026-09-10T23:12:30.902Z,Deerfoot Trail,SB Deerfoot Tr: 8 Ave SE to Glenmore Tr SE,9,2026-09-10T17:04:08.000
2026-09-10T23:12:30.902Z,Deerfoot Trail,SB Deerfoot Tr: 8 Ave SE to Stoney Tr SE,22,2026-09-10T17:04:08.000
2026-09-10T23:12:30.902Z,Deerfoot Trail,SB Deerfoot Tr: Airport Tr NE to Anderson Rd SE,22,2026-09-10T17:04:08.000
2026-09-10T23:12:30.902Z,Deerfoot Trail,SB Deerfoot Tr: Airport Tr NE to Memorial Dr SE,7,2026-09-10T17:04:08.000
2026-09-10T23:12:30.902Z,Deerfoot Trail,SB Deerfoot Tr: Balzac  to Stoney Tr SE via Deerfoot Tr,33,2026-09-10T17:04:08.000
2026-09-10T23:12:30.902Z,Deerfoot Trail,SB Deerfoot Tr: Peigan Tr SE to Anderson Rd SE,12,2026-09-10T17:04:08.000
2026-09-10T23:12:30.902Z,Deerfoot Trail,SB Deerfoot Tr: Peigan Tr SE to Stoney Tr SE,19,2026-09-10T17:04:08.000
2026-09-10T23:12:30.902Z,Glenmore Trail,EB Glenmore Tr: Crowchild Tr SW to Deerfoot Tr SE,9,2026-09-10T17:04:08.000
2026-09-10T23:12:30.902Z,Glenmore Trail,WB Glenmore Tr: Odgen Rd SE to Bow Trail SW,25,2026-09-10T17:04:08.000
2026-09-10T23:12:30.902Z,Glenmore Trail,WB Glenmore Tr: Odgen Rd SE to Crowchild Tr SW,21,2026-09-10T17:04:08.000
2026-09-10T23:12:30.902Z,Macleod Trail,NB Macleod Tr: 274 Ave S to City Centre via Macleod Tr,33,2026-09-10T17:04:08.000
2026-09-10T23:12:30.902Z,Macleod Trail,NB Macleod Tr: Anderson Rd SE to 7 Av SE,19,2026-09-10T17:04:08.000
2026-09-10T23:12:30.902Z,Macleod Trail,NB Macleod Tr: Anderson Rd SE to Blackfoot Tr SW,28,2026-09-10T17:04:08.000
2026-09-10T23:12:30.902Z,Macleod Trail,NB Macleod Tr: Anderson Rd SE to Crowchild Tr SW,14,2026-09-10T17:04:08.000
2026-09-10T23:12:30.902Z,Macleod Trail,NB Macleod Tr: N of 25 Ave S to City Centre,4,2026-09-10T17:04:08.000
2026-09-10T23:12:30.902Z,Stoney Trail,EB Stoney Tr: Chaparral Blvd SE to 16 Ave NE,15,2026-09-10T17:04:08.000
2026-09-10T23:12:30.902Z,Stoney Trail,EB Stoney Tr: Chaparral Blvd SE to Glenmore Tr SE,10,2026-09-10T17:04:08.000
2026-09-10T23:12:30.902Z,Stoney Trail,EB Stoney Tr: Harvest Hills Blvd NW to 16 Ave NE,14,2026-09-10T17:04:08.000
2026-09-10T23:12:30.902Z,Stoney Trail,EB Stoney Tr: Harvest Hills Blvd NW to Glenmore Tr SE,19,2026-09-10T17:04:08.000
2026-09-10T23:12:30.902Z,Stoney Trail,EB Stoney W : Sarcee Tr NW to 16 Ave NE,19,2026-09-10T17:04:08.000
2026-09-10T23:12:30.902Z,Stoney Trail,EB Stoney W : Sarcee Tr NW to Deerfoot Tr N,9,2026-09-10T17:04:08.000
2026-09-10T23:12:30.902Z,Stoney Trail,NB Stoney Tr: 114 Ave SE to 16 Ave NE,8,2026-09-10T17:04:08.000
2026-09-10T23:12:30.902Z,Stoney Trail,NB Stoney Tr: 114 Ave SE to Deerfoot Tr NE,24,2026-09-10T17:04:08.000
2026-09-10T23:12:30.902Z,Stoney Trail,NB Stoney Tr: McKnight Blvd NE to Crowchild Tr NW,25,2026-09-10T17:04:08.000
2026-09-10T23:12:30.902Z,Stoney Trail,NB Stoney Tr: McKnight Blvd NE to Deerfoot Tr N,13,2026-09-10T17:04:08.000
2026-09-10T23:12:30.902Z,Stoney Trail,NB Stoney Tr: Peigan Tr SE to Deerfoot Tr NE,20,2026-09-10T17:04:08.000
2026-09-10T23:12:30.902Z,Stoney Trail,NB Stoney Tr: Peigan Tr SE to McKnight Blvd NE,6,2026-09-10T17:04:08.000
2026-09-10T23:12:30.902Z,Stoney Trail,SB Deerfoot Tr: Balzac  to Stoney Tr SE via Stoney Tr,26,2026-09-10T17:04:08.000
2026-09-10T23:12:30.902Z,Stoney Trail,SB Stoney Tr: Mcknight Blvd NE to Deerfoot Tr S,14,2026-09-10T17:04:08.000
2026-09-10T23:12:30.902Z,Stoney Trail,SB Stoney Tr: Mcknight Blvd NE to Glenmore Tr SE,7,2026-09-10T17:04:08.000
2026-09-10T23:12:30.902Z,Stoney Trail,SB Stoney Tr: Peigan Tr SE to 52 St SE,8,2026-09-10T17:04:08.000
2026-09-10T23:12:30.902Z,Stoney Trail,SB Stoney Tr: Peigan Tr SE to Macleod Tr SE,14,2026-09-10T17:04:08.000
2026-09-10T23:12:30.902Z,Stoney Trail,WB Stoney Tr: 52 St SE to James Mckevitt Rd SW,8,2026-09-10T17:04:08.000
2026-09-10T23:12:30.902Z,Stoney Trail,WB Stoney Tr: 52 St SE to Macleod Tr SE,6,2026-09-10T17:04:08.000
2026-09-10T23:12:30.902Z,Stoney Trail,WB Stoney Tr: Country Hills Blvd NW to 16 Ave NW,5,2026-09-10T17:04:08.000
2026-09-10T23:12:30.902Z,Stoney Trail,WB Stoney Tr: Deerfoot Tr NW to 16 Ave NW,13,2026-09-10T17:04:08.000
2026-09-10T23:12:30.902Z,Stoney Trail,WB Stoney Tr: Deerfoot Tr NW to Crowchild Tr NW,9,2026-09-10T17:04:08.000
2026-09-10T23:12:30.902Z,Trans Canada Highway,WB Trans Canada Hwy: Hwy 22 to Banff,51,2026-09-10T17:04:08.000
2026-09-10T23:12:30.902Z,Trans Canada Highway,WB Trans Canada Hwy: Hwy 22 to Kananaskis Village,43,2026-09-10T17:04:08.000
2026-09-11T01:08:30.271Z,16 Avenue,WB 16 Ave: Stoney Tr NE to Valley Ridge Bv NW via 16 Ave,33,2026-09-10T18:44:07.000
2026-09-11T01:08:30.271Z,16 Avenue,WB 16 Ave: Stoney Tr NE to Valley Ridge Bv Via Stoney Tr,27,2026-09-10T18:44:07.000
2026-09-11T01:08:30.271Z,Crowchild Trail,NB Crowchild Tr: 50 Ave SW to 24 Ave NW,7,2026-09-10T18:44:07.000
2026-09-11T01:08:30.271Z,Crowchild Trail,NB Crowchild Tr: 50 Ave SW to Memorial Dr NW,4,2026-09-10T18:44:07.000
2026-09-11T01:08:30.271Z,Crowchild Trail,NB Crowchild Tr: Glenmore Tr SW to 24 Ave NW,9,2026-09-10T18:44:07.000
2026-09-11T01:08:30.271Z,Crowchild Trail,SB Crowchild Tr: 12 Mile Coulee Rd NW to Glenmore Tr SW,17,2026-09-10T18:44:07.000
2026-09-11T01:08:30.271Z,Crowchild Trail,SB Crowchild Tr: 12 Mile Coulee Rd NW to Memorial Dr NW,12,2026-09-10T18:44:07.000
2026-09-11T01:08:30.271Z,Crowchild Trail,SB Crowchild Tr: 24 Ave NW to 17 Ave SW,5,2026-09-10T18:44:07.000
2026-09-11T01:08:30.271Z,Crowchild Trail,SB Crowchild Tr: 24 Ave NW to Glenmore Tr SW,10,2026-09-10T18:44:07.000
2026-09-11T01:08:30.271Z,Crowchild Trail,SB Crowchild Tr: 33 Ave SW to Deerfoot Tr SE,9,2026-09-10T18:44:07.000
2026-09-11T01:08:30.271Z,Crowchild Trail,SB Crowchild Tr: 33 Ave SW to Glenmore Tr SW,4,2026-09-10T18:44:07.000
2026-09-11T01:08:30.271Z,Deerfoot Trail,NB Deerfoot Tr: 17 Ave SE to Airport Tr NE,9,2026-09-10T18:44:07.000
2026-09-11T01:08:30.271Z,Deerfoot Trail,NB Deerfoot Tr: 17 Ave SE to Stoney Tr NE,11,2026-09-10T18:44:07.000
2026-09-11T01:08:30.271Z,Deerfoot Trail,NB Deerfoot Tr: 274 Ave S to City Centre via Deerfoot Tr,29,2026-09-10T18:44:07.000
2026-09-11T01:08:30.271Z,Deerfoot Trail,NB Deerfoot Tr: 32 Ave NE to Airport Tr NE,4,2026-09-10T18:44:07.000
2026-09-11T01:08:30.271Z,Deerfoot Trail,NB Deerfoot Tr: 32 Ave NE to Stoney Tr NE,7,2026-09-10T18:44:07.000
2026-09-11T01:08:30.271Z,Deerfoot Trail,NB Deerfoot Tr: 8 Ave NE to Airport Tr NE,6,2026-09-10T18:44:07.000
2026-09-11T01:08:30.271Z,Deerfoot Trail,NB Deerfoot Tr: 8 Ave NE to Stoney Tr NE,9,2026-09-10T18:44:07.000
2026-09-11T01:08:30.271Z,Deerfoot Trail,NB Deerfoot Tr: Anderson Rd SE to Airport Tr NE,16,2026-09-10T18:44:07.000
2026-09-11T01:08:30.271Z,Deerfoot Trail,NB Deerfoot Tr: Anderson Rd SE to Memorial Dr SE,10,2026-09-10T18:44:07.000
2026-09-11T01:08:30.271Z,Deerfoot Trail,NB Deerfoot Tr: Cranston Ave SE to Memorial Dr SE,18,2026-09-10T18:44:07.000
2026-09-11T01:08:30.271Z,Deerfoot Trail,NB Deerfoot Tr: Cranston Ave SE to Southland Dr SE,10,2026-09-10T18:44:07.000
2026-09-11T01:08:30.271Z,Deerfoot Trail,NB Deerfoot Tr: Glenmore Tr SE to Airport Tr NE,11,2026-09-10T18:44:07.000
2026-09-11T01:08:30.271Z,Deerfoot Trail,NB Deerfoot Tr: Glenmore Tr SE to Memorial Dr SE,5,2026-09-10T18:44:07.000
2026-09-11T01:08:30.271Z,Deerfoot Trail,NB Deerfoot Tr: Glenmore Tr SE to Stoney Tr NE,13,2026-09-10T18:44:07.000
2026-09-11T01:08:30.271Z,Deerfoot Trail,SB Deerfoot Tr: 17 Ave SE to Anderson Rd SE,8,2026-09-10T18:44:07.000
2026-09-11T01:08:30.271Z,Deerfoot Trail,SB Deerfoot Tr: 17 Ave SE to Stoney Tr SE,13,2026-09-10T18:44:07.000
2026-09-11T01:08:30.271Z,Deerfoot Trail,SB Deerfoot Tr: 64 Ave NE to Anderson Rd SE,14,2026-09-10T18:44:07.000
2026-09-11T01:08:30.271Z,Deerfoot Trail,SB Deerfoot Tr: 64 Ave NE to Memorial Dr SE,5,2026-09-10T18:44:07.000
2026-09-11T01:08:30.271Z,Deerfoot Trail,SB Deerfoot Tr: 8 Ave SE to Glenmore Tr SE,6,2026-09-10T18:44:07.000
2026-09-11T01:08:30.271Z,Deerfoot Trail,SB Deerfoot Tr: 8 Ave SE to Stoney Tr SE,15,2026-09-10T18:44:07.000
2026-09-11T01:08:30.271Z,Deerfoot Trail,SB Deerfoot Tr: Airport Tr NE to Anderson Rd SE,16,2026-09-10T18:44:07.000
2026-09-11T01:08:30.271Z,Deerfoot Trail,SB Deerfoot Tr: Airport Tr NE to Memorial Dr SE,7,2026-09-10T18:44:07.000
2026-09-11T01:08:30.271Z,Deerfoot Trail,SB Deerfoot Tr: Balzac  to Stoney Tr SE via Deerfoot Tr,25,2026-09-10T18:44:07.000
2026-09-11T01:08:30.271Z,Deerfoot Trail,SB Deerfoot Tr: Peigan Tr SE to Anderson Rd SE,7,2026-09-10T18:44:07.000
2026-09-11T01:08:30.271Z,Deerfoot Trail,SB Deerfoot Tr: Peigan Tr SE to Stoney Tr SE,12,2026-09-10T18:44:07.000
2026-09-11T01:08:30.271Z,Glenmore Trail,EB Glenmore Tr: Crowchild Tr SW to Deerfoot Tr SE,6,2026-09-10T18:44:07.000
2026-09-11T01:08:30.271Z,Glenmore Trail,WB Glenmore Tr: Odgen Rd SE to Bow Trail SW,11,2026-09-10T18:44:07.000
2026-09-11T01:08:30.271Z,Glenmore Trail,WB Glenmore Tr: Odgen Rd SE to Crowchild Tr SW,7,2026-09-10T18:44:07.000
2026-09-11T01:08:30.271Z,Macleod Trail,NB Macleod Tr: 274 Ave S to City Centre via Macleod Tr,29,2026-09-10T18:44:07.000
2026-09-11T01:08:30.271Z,Macleod Trail,NB Macleod Tr: Anderson Rd SE to 7 Av SE,16,2026-09-10T18:44:07.000
2026-09-11T01:08:30.271Z,Macleod Trail,NB Macleod Tr: Anderson Rd SE to Blackfoot Tr SW,26,2026-09-10T18:44:07.000
2026-09-11T01:08:30.271Z,Macleod Trail,NB Macleod Tr: Anderson Rd SE to Crowchild Tr SW,11,2026-09-10T18:44:07.000
2026-09-11T01:08:30.271Z,Macleod Trail,NB Macleod Tr: N of 25 Ave S to City Centre,3,2026-09-10T18:44:07.000
2026-09-11T01:08:30.271Z,Stoney Trail,EB Stoney Tr: Chaparral Blvd SE to 16 Ave NE,15,2026-09-10T18:44:07.000
2026-09-11T01:08:30.271Z,Stoney Trail,EB Stoney Tr: Chaparral Blvd SE to Glenmore Tr SE,9,2026-09-10T18:44:07.000
2026-09-11T01:08:30.271Z,Stoney Trail,EB Stoney Tr: Harvest Hills Blvd NW to 16 Ave NE,14,2026-09-10T18:44:07.000
2026-09-11T01:08:30.271Z,Stoney Trail,EB Stoney Tr: Harvest Hills Blvd NW to Glenmore Tr SE,19,2026-09-10T18:44:07.000
2026-09-11T01:08:30.271Z,Stoney Trail,EB Stoney W : Sarcee Tr NW to 16 Ave NE,18,2026-09-10T18:44:07.000
2026-09-11T01:08:30.271Z,Stoney Trail,EB Stoney W : Sarcee Tr NW to Deerfoot Tr N,7,2026-09-10T18:44:07.000
2026-09-11T01:08:30.271Z,Stoney Trail,NB Stoney Tr: 114 Ave SE to 16 Ave NE,8,2026-09-10T18:44:07.000
2026-09-11T01:08:30.271Z,Stoney Trail,NB Stoney Tr: 114 Ave SE to Deerfoot Tr NE,19,2026-09-10T18:44:07.000
2026-09-11T01:08:30.271Z,Stoney Trail,NB Stoney Tr: McKnight Blvd NE to Crowchild Tr NW,20,2026-09-10T18:44:07.000
2026-09-11T01:08:30.271Z,Stoney Trail,NB Stoney Tr: McKnight Blvd NE to Deerfoot Tr N,9,2026-09-10T18:44:07.000
2026-09-11T01:08:30.271Z,Stoney Trail,NB Stoney Tr: Peigan Tr SE to Deerfoot Tr NE,14,2026-09-10T18:44:07.000
2026-09-11T01:08:30.271Z,Stoney Trail,NB Stoney Tr: Peigan Tr SE to McKnight Blvd NE,6,2026-09-10T18:44:07.000
2026-09-11T01:08:30.271Z,Stoney Trail,SB Deerfoot Tr: Balzac  to Stoney Tr SE via Stoney Tr,26,2026-09-10T18:44:07.000
2026-09-11T01:08:30.271Z,Stoney Trail,SB Stoney Tr: Mcknight Blvd NE to Deerfoot Tr S,14,2026-09-10T18:44:07.000
2026-09-11T01:08:30.271Z,Stoney Trail,SB Stoney Tr: Mcknight Blvd NE to Glenmore Tr SE,7,2026-09-10T18:44:07.000
2026-09-11T01:08:30.271Z,Stoney Trail,SB Stoney Tr: Peigan Tr SE to 52 St SE,8,2026-09-10T18:44:07.000
2026-09-11T01:08:30.271Z,Stoney Trail,SB Stoney Tr: Peigan Tr SE to Macleod Tr SE,13,2026-09-10T18:44:07.000
2026-09-11T01:08:30.271Z,Stoney Trail,WB Stoney Tr: 52 St SE to James Mckevitt Rd SW,7,2026-09-10T18:44:07.000
2026-09-11T01:08:30.271Z,Stoney Trail,WB Stoney Tr: 52 St SE to Macleod Tr SE,5,2026-09-10T18:44:07.000
2026-09-11T01:08:30.271Z,Stoney Trail,WB Stoney Tr: Country Hills Blvd NW to 16 Ave NW,5,2026-09-10T18:44:07.000
2026-09-11T01:08:30.271Z,Stoney Trail,WB Stoney Tr: Deerfoot Tr NW to 16 Ave NW,12,2026-09-10T18:44:07.000
2026-09-11T01:08:30.271Z,Stoney Trail,WB Stoney Tr: Deerfoot Tr NW to Crowchild Tr NW,9,2026-09-10T18:44:07.000
2026-09-11T01:08:30.271Z,Trans Canada Highway,WB Trans Canada Hwy: Hwy 22 to Banff,51,2026-09-10T18:44:07.000
2026-09-11T01:08:30.271Z,Trans Canada Highway,WB Trans Canada Hwy: Hwy 22 to Kananaskis Village,44,2026-09-10T18:44:07.000
2026-09-11T06:02:59.591Z,16 Avenue,WB 16 Ave: Stoney Tr NE to Valley Ridge Bv NW via 16 Ave,28,2026-09-10T23:44:11.000
2026-09-11T06:02:59.591Z,16 Avenue,WB 16 Ave: Stoney Tr NE to Valley Ridge Bv Via Stoney Tr,27,2026-09-10T23:44:11.000
2026-09-11T06:02:59.591Z,Crowchild Trail,NB Crowchild Tr: 50 Ave SW to 24 Ave NW,7,2026-09-10T23:44:11.000
2026-09-11T06:02:59.591Z,Crowchild Trail,NB Crowchild Tr: 50 Ave SW to Memorial Dr NW,4,2026-09-10T23:44:11.000
2026-09-11T06:02:59.591Z,Crowchild Trail,NB Crowchild Tr: Glenmore Tr SW to 24 Ave NW,8,2026-09-10T23:44:11.000
2026-09-11T06:02:59.591Z,Crowchild Trail,SB Crowchild Tr: 12 Mile Coulee Rd NW to Glenmore Tr SW,16,2026-09-10T23:44:11.000
2026-09-11T06:02:59.591Z,Crowchild Trail,SB Crowchild Tr: 12 Mile Coulee Rd NW to Memorial Dr NW,12,2026-09-10T23:44:11.000
2026-09-11T06:02:59.591Z,Crowchild Trail,SB Crowchild Tr: 24 Ave NW to 17 Ave SW,5,2026-09-10T23:44:11.000
2026-09-11T06:02:59.591Z,Crowchild Trail,SB Crowchild Tr: 24 Ave NW to Glenmore Tr SW,9,2026-09-10T23:44:11.000
2026-09-11T06:02:59.591Z,Crowchild Trail,SB Crowchild Tr: 33 Ave SW to Deerfoot Tr SE,7,2026-09-10T23:44:11.000
2026-09-11T06:02:59.591Z,Crowchild Trail,SB Crowchild Tr: 33 Ave SW to Glenmore Tr SW,4,2026-09-10T23:44:11.000
2026-09-11T06:02:59.591Z,Deerfoot Trail,NB Deerfoot Tr: 17 Ave SE to Airport Tr NE,9,2026-09-10T23:44:11.000
2026-09-11T06:02:59.591Z,Deerfoot Trail,NB Deerfoot Tr: 17 Ave SE to Stoney Tr NE,12,2026-09-10T23:44:11.000
2026-09-11T06:02:59.591Z,Deerfoot Trail,NB Deerfoot Tr: 274 Ave S to City Centre via Deerfoot Tr,28,2026-09-10T23:44:11.000
2026-09-11T06:02:59.591Z,Deerfoot Trail,NB Deerfoot Tr: 32 Ave NE to Airport Tr NE,4,2026-09-10T23:44:11.000
2026-09-11T06:02:59.591Z,Deerfoot Trail,NB Deerfoot Tr: 32 Ave NE to Stoney Tr NE,7,2026-09-10T23:44:11.000
2026-09-11T06:02:59.591Z,Deerfoot Trail,NB Deerfoot Tr: 8 Ave NE to Airport Tr NE,7,2026-09-10T23:44:11.000
2026-09-11T06:02:59.591Z,Deerfoot Trail,NB Deerfoot Tr: 8 Ave NE to Stoney Tr NE,10,2026-09-10T23:44:11.000
2026-09-11T06:02:59.591Z,Deerfoot Trail,NB Deerfoot Tr: Anderson Rd SE to Airport Tr NE,16,2026-09-10T23:44:11.000
2026-09-11T06:02:59.591Z,Deerfoot Trail,NB Deerfoot Tr: Anderson Rd SE to Memorial Dr SE,10,2026-09-10T23:44:11.000
2026-09-11T06:02:59.591Z,Deerfoot Trail,NB Deerfoot Tr: Cranston Ave SE to Memorial Dr SE,18,2026-09-10T23:44:11.000
2026-09-11T06:02:59.591Z,Deerfoot Trail,NB Deerfoot Tr: Cranston Ave SE to Southland Dr SE,11,2026-09-10T23:44:11.000
2026-09-11T06:02:59.591Z,Deerfoot Trail,NB Deerfoot Tr: Glenmore Tr SE to Airport Tr NE,11,2026-09-10T23:44:11.000
2026-09-11T06:02:59.591Z,Deerfoot Trail,NB Deerfoot Tr: Glenmore Tr SE to Memorial Dr SE,5,2026-09-10T23:44:11.000
2026-09-11T06:02:59.591Z,Deerfoot Trail,NB Deerfoot Tr: Glenmore Tr SE to Stoney Tr NE,14,2026-09-10T23:44:11.000
2026-09-11T06:02:59.591Z,Deerfoot Trail,SB Deerfoot Tr: 17 Ave SE to Anderson Rd SE,9,2026-09-10T23:44:11.000
2026-09-11T06:02:59.591Z,Deerfoot Trail,SB Deerfoot Tr: 17 Ave SE to Stoney Tr SE,13,2026-09-10T23:44:11.000
2026-09-11T06:02:59.591Z,Deerfoot Trail,SB Deerfoot Tr: 64 Ave NE to Anderson Rd SE,15,2026-09-10T23:44:11.000
2026-09-11T06:02:59.591Z,Deerfoot Trail,SB Deerfoot Tr: 64 Ave NE to Memorial Dr SE,6,2026-09-10T23:44:11.000
2026-09-11T06:02:59.591Z,Deerfoot Trail,SB Deerfoot Tr: 8 Ave SE to Glenmore Tr SE,7,2026-09-10T23:44:11.000
2026-09-11T06:02:59.591Z,Deerfoot Trail,SB Deerfoot Tr: 8 Ave SE to Stoney Tr SE,15,2026-09-10T23:44:11.000
2026-09-11T06:02:59.591Z,Deerfoot Trail,SB Deerfoot Tr: Airport Tr NE to Anderson Rd SE,17,2026-09-10T23:44:11.000
2026-09-11T06:02:59.591Z,Deerfoot Trail,SB Deerfoot Tr: Airport Tr NE to Memorial Dr SE,8,2026-09-10T23:44:11.000
2026-09-11T06:02:59.591Z,Deerfoot Trail,SB Deerfoot Tr: Balzac  to Stoney Tr SE via Deerfoot Tr,26,2026-09-10T23:44:11.000
2026-09-11T06:02:59.591Z,Deerfoot Trail,SB Deerfoot Tr: Peigan Tr SE to Anderson Rd SE,7,2026-09-10T23:44:11.000
2026-09-11T06:02:59.591Z,Deerfoot Trail,SB Deerfoot Tr: Peigan Tr SE to Stoney Tr SE,12,2026-09-10T23:44:11.000
2026-09-11T06:02:59.591Z,Glenmore Trail,EB Glenmore Tr: Crowchild Tr SW to Deerfoot Tr SE,5,2026-09-10T23:44:11.000
2026-09-11T06:02:59.591Z,Glenmore Trail,WB Glenmore Tr: Odgen Rd SE to Bow Trail SW,11,2026-09-10T23:44:11.000
2026-09-11T06:02:59.591Z,Glenmore Trail,WB Glenmore Tr: Odgen Rd SE to Crowchild Tr SW,8,2026-09-10T23:44:11.000
2026-09-11T06:02:59.591Z,Macleod Trail,NB Macleod Tr: 274 Ave S to City Centre via Macleod Tr,26,2026-09-10T23:44:11.000
2026-09-11T06:02:59.591Z,Macleod Trail,NB Macleod Tr: Anderson Rd SE to 7 Av SE,14,2026-09-10T23:44:11.000
2026-09-11T06:02:59.591Z,Macleod Trail,NB Macleod Tr: Anderson Rd SE to Blackfoot Tr SW,22,2026-09-10T23:44:11.000
2026-09-11T06:02:59.591Z,Macleod Trail,NB Macleod Tr: Anderson Rd SE to Crowchild Tr SW,9,2026-09-10T23:44:11.000
2026-09-11T06:02:59.591Z,Macleod Trail,NB Macleod Tr: N of 25 Ave S to City Centre,3,2026-09-10T23:44:11.000
2026-09-11T06:02:59.591Z,Stoney Trail,EB Stoney Tr: Chaparral Blvd SE to 16 Ave NE,15,2026-09-10T23:44:11.000
2026-09-11T06:02:59.591Z,Stoney Trail,EB Stoney Tr: Chaparral Blvd SE to Glenmore Tr SE,9,2026-09-10T23:44:11.000
2026-09-11T06:02:59.591Z,Stoney Trail,EB Stoney Tr: Harvest Hills Blvd NW to 16 Ave NE,13,2026-09-10T23:44:11.000
2026-09-11T06:02:59.591Z,Stoney Trail,EB Stoney Tr: Harvest Hills Blvd NW to Glenmore Tr SE,19,2026-09-10T23:44:11.000
2026-09-11T06:02:59.591Z,Stoney Trail,EB Stoney W : Sarcee Tr NW to 16 Ave NE,18,2026-09-10T23:44:11.000
2026-09-11T06:02:59.591Z,Stoney Trail,EB Stoney W : Sarcee Tr NW to Deerfoot Tr N,8,2026-09-10T23:44:11.000
2026-09-11T06:02:59.591Z,Stoney Trail,NB Stoney Tr: 114 Ave SE to 16 Ave NE,8,2026-09-10T23:44:11.000
2026-09-11T06:02:59.591Z,Stoney Trail,NB Stoney Tr: 114 Ave SE to Deerfoot Tr NE,19,2026-09-10T23:44:11.000
2026-09-11T06:02:59.591Z,Stoney Trail,NB Stoney Tr: McKnight Blvd NE to Crowchild Tr NW,19,2026-09-10T23:44:11.000
2026-09-11T06:02:59.591Z,Stoney Trail,NB Stoney Tr: McKnight Blvd NE to Deerfoot Tr N,9,2026-09-10T23:44:11.000
2026-09-11T06:02:59.591Z,Stoney Trail,NB Stoney Tr: Peigan Tr SE to Deerfoot Tr NE,14,2026-09-10T23:44:11.000
2026-09-11T06:02:59.591Z,Stoney Trail,NB Stoney Tr: Peigan Tr SE to McKnight Blvd NE,6,2026-09-10T23:44:11.000
2026-09-11T06:02:59.591Z,Stoney Trail,SB Deerfoot Tr: Balzac  to Stoney Tr SE via Stoney Tr,26,2026-09-10T23:44:11.000
2026-09-11T06:02:59.591Z,Stoney Trail,SB Stoney Tr: Mcknight Blvd NE to Deerfoot Tr S,14,2026-09-10T23:44:11.000
2026-09-11T06:02:59.591Z,Stoney Trail,SB Stoney Tr: Mcknight Blvd NE to Glenmore Tr SE,8,2026-09-10T23:44:11.000
2026-09-11T06:02:59.591Z,Stoney Trail,SB Stoney Tr: Peigan Tr SE to 52 St SE,8,2026-09-10T23:44:11.000
2026-09-11T06:02:59.591Z,Stoney Trail,SB Stoney Tr: Peigan Tr SE to Macleod Tr SE,13,2026-09-10T23:44:11.000
2026-09-11T06:02:59.591Z,Stoney Trail,WB Stoney Tr: 52 St SE to James Mckevitt Rd SW,7,2026-09-10T23:44:11.000
2026-09-11T06:02:59.591Z,Stoney Trail,WB Stoney Tr: 52 St SE to Macleod Tr SE,5,2026-09-10T23:44:11.000
2026-09-11T06:02:59.591Z,Stoney Trail,WB Stoney Tr: Country Hills Blvd NW to 16 Ave NW,5,2026-09-10T23:44:11.000
2026-09-11T06:02:59.591Z,Stoney Trail,WB Stoney Tr: Deerfoot Tr NW to 16 Ave NW,12,2026-09-10T23:44:11.000
2026-09-11T06:02:59.591Z,Stoney Trail,WB Stoney Tr: Deerfoot Tr NW to Crowchild Tr NW,9,2026-09-10T23:44:11.000
2026-09-11T06:02:59.591Z,Trans Canada Highway,WB Trans Canada Hwy: Hwy 22 to Banff,50,2026-09-10T23:44:11.000
2026-09-11T06:02:59.591Z,Trans Canada Highway,WB Trans Canada Hwy: Hwy 22 to Kananaskis Village,42,2026-09-10T23:44:11.000
2026-09-11T11:26:28.646Z,16 Avenue,WB 16 Ave: Stoney Tr NE to Valley Ridge Bv NW via 16 Ave,30,2026-09-11T05:04:10.000
2026-09-11T11:26:28.646Z,16 Avenue,WB 16 Ave: Stoney Tr NE to Valley Ridge Bv Via Stoney Tr,27,2026-09-11T05:04:10.000
2026-09-11T11:26:28.646Z,Crowchild Trail,NB Crowchild Tr: 50 Ave SW to 24 Ave NW,7,2026-09-11T05:04:10.000
2026-09-11T11:26:28.646Z,Crowchild Trail,NB Crowchild Tr: 50 Ave SW to Memorial Dr NW,4,2026-09-11T05:04:10.000
2026-09-11T11:26:28.646Z,Crowchild Trail,NB Crowchild Tr: Glenmore Tr SW to 24 Ave NW,9,2026-09-11T05:04:10.000
2026-09-11T11:26:28.646Z,Crowchild Trail,SB Crowchild Tr: 12 Mile Coulee Rd NW to Glenmore Tr SW,16,2026-09-11T05:04:10.000
2026-09-11T11:26:28.646Z,Crowchild Trail,SB Crowchild Tr: 12 Mile Coulee Rd NW to Memorial Dr NW,11,2026-09-11T05:04:10.000
2026-09-11T11:26:28.646Z,Crowchild Trail,SB Crowchild Tr: 24 Ave NW to 17 Ave SW,5,2026-09-11T05:04:10.000
2026-09-11T11:26:28.646Z,Crowchild Trail,SB Crowchild Tr: 24 Ave NW to Glenmore Tr SW,8,2026-09-11T05:04:10.000
2026-09-11T11:26:28.646Z,Crowchild Trail,SB Crowchild Tr: 33 Ave SW to Deerfoot Tr SE,7,2026-09-11T05:04:10.000
2026-09-11T11:26:28.646Z,Crowchild Trail,SB Crowchild Tr: 33 Ave SW to Glenmore Tr SW,3,2026-09-11T05:04:10.000
2026-09-11T11:26:28.646Z,Deerfoot Trail,NB Deerfoot Tr: 17 Ave SE to Airport Tr NE,8,2026-09-11T05:04:10.000
2026-09-11T11:26:28.646Z,Deerfoot Trail,NB Deerfoot Tr: 17 Ave SE to Stoney Tr NE,11,2026-09-11T05:04:10.000
2026-09-11T11:26:28.646Z,Deerfoot Trail,NB Deerfoot Tr: 274 Ave S to City Centre via Deerfoot Tr,26,2026-09-11T05:04:10.000
2026-09-11T11:26:28.646Z,Deerfoot Trail,NB Deerfoot Tr: 32 Ave NE to Airport Tr NE,4,2026-09-11T05:04:10.000
2026-09-11T11:26:28.646Z,Deerfoot Trail,NB Deerfoot Tr: 32 Ave NE to Stoney Tr NE,7,2026-09-11T05:04:10.000
2026-09-11T11:26:28.646Z,Deerfoot Trail,NB Deerfoot Tr: 8 Ave NE to Airport Tr NE,6,2026-09-11T05:04:10.000
2026-09-11T11:26:28.646Z,Deerfoot Trail,NB Deerfoot Tr: 8 Ave NE to Stoney Tr NE,9,2026-09-11T05:04:10.000
2026-09-11T11:26:28.646Z,Deerfoot Trail,NB Deerfoot Tr: Anderson Rd SE to Airport Tr NE,15,2026-09-11T05:04:10.000
2026-09-11T11:26:28.646Z,Deerfoot Trail,NB Deerfoot Tr: Anderson Rd SE to Memorial Dr SE,9,2026-09-11T05:04:10.000
2026-09-11T11:26:28.646Z,Deerfoot Trail,NB Deerfoot Tr: Cranston Ave SE to Memorial Dr SE,16,2026-09-11T05:04:10.000
2026-09-11T11:26:28.646Z,Deerfoot Trail,NB Deerfoot Tr: Cranston Ave SE to Southland Dr SE,10,2026-09-11T05:04:10.000
2026-09-11T11:26:28.646Z,Deerfoot Trail,NB Deerfoot Tr: Glenmore Tr SE to Airport Tr NE,10,2026-09-11T05:04:10.000
2026-09-11T11:26:28.646Z,Deerfoot Trail,NB Deerfoot Tr: Glenmore Tr SE to Memorial Dr SE,4,2026-09-11T05:04:10.000
2026-09-11T11:26:28.646Z,Deerfoot Trail,NB Deerfoot Tr: Glenmore Tr SE to Stoney Tr NE,13,2026-09-11T05:04:10.000
2026-09-11T11:26:28.646Z,Deerfoot Trail,SB Deerfoot Tr: 17 Ave SE to Anderson Rd SE,9,2026-09-11T05:04:10.000
2026-09-11T11:26:28.646Z,Deerfoot Trail,SB Deerfoot Tr: 17 Ave SE to Stoney Tr SE,14,2026-09-11T05:04:10.000
2026-09-11T11:26:28.646Z,Deerfoot Trail,SB Deerfoot Tr: 64 Ave NE to Anderson Rd SE,15,2026-09-11T05:04:10.000
2026-09-11T11:26:28.646Z,Deerfoot Trail,SB Deerfoot Tr: 64 Ave NE to Memorial Dr SE,6,2026-09-11T05:04:10.000
2026-09-11T11:26:28.646Z,Deerfoot Trail,SB Deerfoot Tr: 8 Ave SE to Glenmore Tr SE,6,2026-09-11T05:04:10.000
2026-09-11T11:26:28.646Z,Deerfoot Trail,SB Deerfoot Tr: 8 Ave SE to Stoney Tr SE,15,2026-09-11T05:04:10.000
2026-09-11T11:26:28.646Z,Deerfoot Trail,SB Deerfoot Tr: Airport Tr NE to Anderson Rd SE,17,2026-09-11T05:04:10.000
2026-09-11T11:26:28.646Z,Deerfoot Trail,SB Deerfoot Tr: Airport Tr NE to Memorial Dr SE,8,2026-09-11T05:04:10.000
2026-09-11T11:26:28.646Z,Deerfoot Trail,SB Deerfoot Tr: Balzac  to Stoney Tr SE via Deerfoot Tr,25,2026-09-11T05:04:10.000
2026-09-11T11:26:28.646Z,Deerfoot Trail,SB Deerfoot Tr: Peigan Tr SE to Anderson Rd SE,8,2026-09-11T05:04:10.000
2026-09-11T11:26:28.646Z,Deerfoot Trail,SB Deerfoot Tr: Peigan Tr SE to Stoney Tr SE,12,2026-09-11T05:04:10.000
2026-09-11T11:26:28.646Z,Glenmore Trail,EB Glenmore Tr: Crowchild Tr SW to Deerfoot Tr SE,5,2026-09-11T05:04:10.000
2026-09-11T11:26:28.646Z,Glenmore Trail,WB Glenmore Tr: Odgen Rd SE to Bow Trail SW,11,2026-09-11T05:04:10.000
2026-09-11T11:26:28.646Z,Glenmore Trail,WB Glenmore Tr: Odgen Rd SE to Crowchild Tr SW,7,2026-09-11T05:04:10.000
2026-09-11T11:26:28.646Z,Macleod Trail,NB Macleod Tr: 274 Ave S to City Centre via Macleod Tr,25,2026-09-11T05:04:10.000
2026-09-11T11:26:28.646Z,Macleod Trail,NB Macleod Tr: Anderson Rd SE to 7 Av SE,13,2026-09-11T05:04:10.000
2026-09-11T11:26:28.646Z,Macleod Trail,NB Macleod Tr: Anderson Rd SE to Blackfoot Tr SW,22,2026-09-11T05:04:10.000
2026-09-11T11:26:28.646Z,Macleod Trail,NB Macleod Tr: Anderson Rd SE to Crowchild Tr SW,9,2026-09-11T05:04:10.000
2026-09-11T11:26:28.646Z,Macleod Trail,NB Macleod Tr: N of 25 Ave S to City Centre,3,2026-09-11T05:04:10.000
2026-09-11T11:26:28.646Z,Stoney Trail,EB Stoney Tr: Chaparral Blvd SE to 16 Ave NE,14,2026-09-11T05:04:10.000
2026-09-11T11:26:28.646Z,Stoney Trail,EB Stoney Tr: Chaparral Blvd SE to Glenmore Tr SE,9,2026-09-11T05:04:10.000
2026-09-11T11:26:28.646Z,Stoney Trail,EB Stoney Tr: Harvest Hills Blvd NW to 16 Ave NE,13,2026-09-11T05:04:10.000
2026-09-11T11:26:28.646Z,Stoney Trail,EB Stoney Tr: Harvest Hills Blvd NW to Glenmore Tr SE,18,2026-09-11T05:04:10.000
2026-09-11T11:26:28.646Z,Stoney Trail,EB Stoney W : Sarcee Tr NW to 16 Ave NE,17,2026-09-11T05:04:10.000
2026-09-11T11:26:28.646Z,Stoney Trail,EB Stoney W : Sarcee Tr NW to Deerfoot Tr N,7,2026-09-11T05:04:10.000
2026-09-11T11:26:28.646Z,Stoney Trail,NB Stoney Tr: 114 Ave SE to 16 Ave NE,7,2026-09-11T05:04:10.000
2026-09-11T11:26:28.646Z,Stoney Trail,NB Stoney Tr: 114 Ave SE to Deerfoot Tr NE,17,2026-09-11T05:04:10.000
2026-09-11T11:26:28.646Z,Stoney Trail,NB Stoney Tr: McKnight Blvd NE to Crowchild Tr NW,20,2026-09-11T05:04:10.000
2026-09-11T11:26:28.646Z,Stoney Trail,NB Stoney Tr: McKnight Blvd NE to Deerfoot Tr N,8,2026-09-11T05:04:10.000
2026-09-11T11:26:28.646Z,Stoney Trail,NB Stoney Tr: Peigan Tr SE to Deerfoot Tr NE,13,2026-09-11T05:04:10.000
2026-09-11T11:26:28.646Z,Stoney Trail,NB Stoney Tr: Peigan Tr SE to McKnight Blvd NE,5,2026-09-11T05:04:10.000
2026-09-11T11:26:28.646Z,Stoney Trail,SB Deerfoot Tr: Balzac  to Stoney Tr SE via Stoney Tr,25,2026-09-11T05:04:10.000
2026-09-11T11:26:28.646Z,Stoney Trail,SB Stoney Tr: Mcknight Blvd NE to Deerfoot Tr S,15,2026-09-11T05:04:10.000
2026-09-11T11:26:28.646Z,Stoney Trail,SB Stoney Tr: Mcknight Blvd NE to Glenmore Tr SE,8,2026-09-11T05:04:10.000
2026-09-11T11:26:28.646Z,Stoney Trail,SB Stoney Tr: Peigan Tr SE to 52 St SE,9,2026-09-11T05:04:10.000
2026-09-11T11:26:28.646Z,Stoney Trail,SB Stoney Tr: Peigan Tr SE to Macleod Tr SE,13,2026-09-11T05:04:10.000
2026-09-11T11:26:28.646Z,Stoney Trail,WB Stoney Tr: 52 St SE to James Mckevitt Rd SW,7,2026-09-11T05:04:10.000
2026-09-11T11:26:28.646Z,Stoney Trail,WB Stoney Tr: 52 St SE to Macleod Tr SE,5,2026-09-11T05:04:10.000
2026-09-11T11:26:28.646Z,Stoney Trail,WB Stoney Tr: Country Hills Blvd NW to 16 Ave NW,5,2026-09-11T05:04:10.000
2026-09-11T11:26:28.646Z,Stoney Trail,WB Stoney Tr: Deerfoot Tr NW to 16 Ave NW,14,2026-09-11T05:04:10.000
2026-09-11T11:26:28.646Z,Stoney Trail,WB Stoney Tr: Deerfoot Tr NW to Crowchild Tr NW,10,2026-09-11T05:04:10.000
2026-09-11T11:26:28.646Z,Trans Canada Highway,WB Trans Canada Hwy: Hwy 22 to Banff,51,2026-09-11T05:04:10.000
2026-09-11T11:26:28.646Z,Trans Canada Highway,WB Trans Canada Hwy: Hwy 22 to Kananaskis Village,42,2026-09-11T05:04:10.000
2026-09-11T15:10:10.529Z,16 Avenue,WB 16 Ave: Stoney Tr NE to Valley Ridge Bv NW via 16 Ave,34,2026-09-11T09:04:08.000
2026-09-11T15:10:10.529Z,16 Avenue,WB 16 Ave: Stoney Tr NE to Valley Ridge Bv Via Stoney Tr,28,2026-09-11T09:04:08.000
2026-09-11T15:10:10.529Z,Crowchild Trail,NB Crowchild Tr: 50 Ave SW to 24 Ave NW,8,2026-09-11T09:04:08.000
2026-09-11T15:10:10.529Z,Crowchild Trail,NB Crowchild Tr: 50 Ave SW to Memorial Dr NW,4,2026-09-11T09:04:08.000
2026-09-11T15:10:10.529Z,Crowchild Trail,NB Crowchild Tr: Glenmore Tr SW to 24 Ave NW,11,2026-09-11T09:04:08.000
2026-09-11T15:10:10.529Z,Crowchild Trail,SB Crowchild Tr: 12 Mile Coulee Rd NW to Glenmore Tr SW,19,2026-09-11T09:04:08.000
2026-09-11T15:10:10.529Z,Crowchild Trail,SB Crowchild Tr: 12 Mile Coulee Rd NW to Memorial Dr NW,13,2026-09-11T09:04:08.000
2026-09-11T15:10:10.529Z,Crowchild Trail,SB Crowchild Tr: 24 Ave NW to 17 Ave SW,6,2026-09-11T09:04:08.000
2026-09-11T15:10:10.529Z,Crowchild Trail,SB Crowchild Tr: 24 Ave NW to Glenmore Tr SW,13,2026-09-11T09:04:08.000
2026-09-11T15:10:10.529Z,Crowchild Trail,SB Crowchild Tr: 33 Ave SW to Deerfoot Tr SE,12,2026-09-11T09:04:08.000
2026-09-11T15:10:10.529Z,Crowchild Trail,SB Crowchild Tr: 33 Ave SW to Glenmore Tr SW,6,2026-09-11T09:04:08.000
2026-09-11T15:10:10.529Z,Deerfoot Trail,NB Deerfoot Tr: 17 Ave SE to Airport Tr NE,9,2026-09-11T09:04:08.000
2026-09-11T15:10:10.529Z,Deerfoot Trail,NB Deerfoot Tr: 17 Ave SE to Stoney Tr NE,11,2026-09-11T09:04:08.000
2026-09-11T15:10:10.529Z,Deerfoot Trail,NB Deerfoot Tr: 274 Ave S to City Centre via Deerfoot Tr,31,2026-09-11T09:04:08.000
2026-09-11T15:10:10.529Z,Deerfoot Trail,NB Deerfoot Tr: 32 Ave NE to Airport Tr NE,4,2026-09-11T09:04:08.000
2026-09-11T15:10:10.529Z,Deerfoot Trail,NB Deerfoot Tr: 32 Ave NE to Stoney Tr NE,7,2026-09-11T09:04:08.000
2026-09-11T15:10:10.529Z,Deerfoot Trail,NB Deerfoot Tr: 8 Ave NE to Airport Tr NE,6,2026-09-11T09:04:08.000
2026-09-11T15:10:10.529Z,Deerfoot Trail,NB Deerfoot Tr: 8 Ave NE to Stoney Tr NE,9,2026-09-11T09:04:08.000
2026-09-11T15:10:10.529Z,Deerfoot Trail,NB Deerfoot Tr: Anderson Rd SE to Airport Tr NE,16,2026-09-11T09:04:08.000
2026-09-11T15:10:10.529Z,Deerfoot Trail,NB Deerfoot Tr: Anderson Rd SE to Memorial Dr SE,10,2026-09-11T09:04:08.000
2026-09-11T15:10:10.529Z,Deerfoot Trail,NB Deerfoot Tr: Cranston Ave SE to Memorial Dr SE,19,2026-09-11T09:04:08.000
2026-09-11T15:10:10.529Z,Deerfoot Trail,NB Deerfoot Tr: Cranston Ave SE to Southland Dr SE,12,2026-09-11T09:04:08.000
2026-09-11T15:10:10.529Z,Deerfoot Trail,NB Deerfoot Tr: Glenmore Tr SE to Airport Tr NE,11,2026-09-11T09:04:08.000
2026-09-11T15:10:10.529Z,Deerfoot Trail,NB Deerfoot Tr: Glenmore Tr SE to Memorial Dr SE,5,2026-09-11T09:04:08.000
2026-09-11T15:10:10.529Z,Deerfoot Trail,NB Deerfoot Tr: Glenmore Tr SE to Stoney Tr NE,14,2026-09-11T09:04:08.000
2026-09-11T15:10:10.529Z,Deerfoot Trail,SB Deerfoot Tr: 17 Ave SE to Anderson Rd SE,9,2026-09-11T09:04:08.000
2026-09-11T15:10:10.529Z,Deerfoot Trail,SB Deerfoot Tr: 17 Ave SE to Stoney Tr SE,14,2026-09-11T09:04:08.000
2026-09-11T15:10:10.529Z,Deerfoot Trail,SB Deerfoot Tr: 64 Ave NE to Anderson Rd SE,15,2026-09-11T09:04:08.000
2026-09-11T15:10:10.529Z,Deerfoot Trail,SB Deerfoot Tr: 64 Ave NE to Memorial Dr SE,5,2026-09-11T09:04:08.000
2026-09-11T15:10:10.529Z,Deerfoot Trail,SB Deerfoot Tr: 8 Ave SE to Glenmore Tr SE,7,2026-09-11T09:04:08.000
2026-09-11T15:10:10.529Z,Deerfoot Trail,SB Deerfoot Tr: 8 Ave SE to Stoney Tr SE,15,2026-09-11T09:04:08.000
2026-09-11T15:10:10.529Z,Deerfoot Trail,SB Deerfoot Tr: Airport Tr NE to Anderson Rd SE,17,2026-09-11T09:04:08.000
2026-09-11T15:10:10.529Z,Deerfoot Trail,SB Deerfoot Tr: Airport Tr NE to Memorial Dr SE,7,2026-09-11T09:04:08.000
2026-09-11T15:10:10.529Z,Deerfoot Trail,SB Deerfoot Tr: Balzac  to Stoney Tr SE via Deerfoot Tr,26,2026-09-11T09:04:08.000
2026-09-11T15:10:10.529Z,Deerfoot Trail,SB Deerfoot Tr: Peigan Tr SE to Anderson Rd SE,8,2026-09-11T09:04:08.000
2026-09-11T15:10:10.529Z,Deerfoot Trail,SB Deerfoot Tr: Peigan Tr SE to Stoney Tr SE,13,2026-09-11T09:04:08.000
2026-09-11T15:10:10.529Z,Glenmore Trail,EB Glenmore Tr: Crowchild Tr SW to Deerfoot Tr SE,9,2026-09-11T09:04:08.000
2026-09-11T15:10:10.529Z,Glenmore Trail,WB Glenmore Tr: Odgen Rd SE to Bow Trail SW,12,2026-09-11T09:04:08.000
2026-09-11T15:10:10.529Z,Glenmore Trail,WB Glenmore Tr: Odgen Rd SE to Crowchild Tr SW,8,2026-09-11T09:04:08.000
2026-09-11T15:10:10.529Z,Macleod Trail,NB Macleod Tr: 274 Ave S to City Centre via Macleod Tr,32,2026-09-11T09:04:08.000
2026-09-11T15:10:10.529Z,Macleod Trail,NB Macleod Tr: Anderson Rd SE to 7 Av SE,17,2026-09-11T09:04:08.000
2026-09-11T15:10:10.529Z,Macleod Trail,NB Macleod Tr: Anderson Rd SE to Blackfoot Tr SW,26,2026-09-11T09:04:08.000
2026-09-11T15:10:10.529Z,Macleod Trail,NB Macleod Tr: Anderson Rd SE to Crowchild Tr SW,11,2026-09-11T09:04:08.000
2026-09-11T15:10:10.529Z,Macleod Trail,NB Macleod Tr: N of 25 Ave S to City Centre,3,2026-09-11T09:04:08.000
2026-09-11T15:10:10.529Z,Stoney Trail,EB Stoney Tr: Chaparral Blvd SE to 16 Ave NE,14,2026-09-11T09:04:08.000
2026-09-11T15:10:10.529Z,Stoney Trail,EB Stoney Tr: Chaparral Blvd SE to Glenmore Tr SE,9,2026-09-11T09:04:08.000
2026-09-11T15:10:10.529Z,Stoney Trail,EB Stoney Tr: Harvest Hills Blvd NW to 16 Ave NE,13,2026-09-11T09:04:08.000
2026-09-11T15:10:10.529Z,Stoney Trail,EB Stoney Tr: Harvest Hills Blvd NW to Glenmore Tr SE,18,2026-09-11T09:04:08.000
2026-09-11T15:10:10.529Z,Stoney Trail,EB Stoney W : Sarcee Tr NW to 16 Ave NE,18,2026-09-11T09:04:08.000
2026-09-11T15:10:10.529Z,Stoney Trail,EB Stoney W : Sarcee Tr NW to Deerfoot Tr N,7,2026-09-11T09:04:08.000
2026-09-11T15:10:10.529Z,Stoney Trail,NB Stoney Tr: 114 Ave SE to 16 Ave NE,7,2026-09-11T09:04:08.000
2026-09-11T15:10:10.529Z,Stoney Trail,NB Stoney Tr: 114 Ave SE to Deerfoot Tr NE,18,2026-09-11T09:04:08.000
2026-09-11T15:10:10.529Z,Stoney Trail,NB Stoney Tr: McKnight Blvd NE to Crowchild Tr NW,21,2026-09-11T09:04:08.000
2026-09-11T15:10:10.529Z,Stoney Trail,NB Stoney Tr: McKnight Blvd NE to Deerfoot Tr N,9,2026-09-11T09:04:08.000
2026-09-11T15:10:10.529Z,Stoney Trail,NB Stoney Tr: Peigan Tr SE to Deerfoot Tr NE,14,2026-09-11T09:04:08.000
2026-09-11T15:10:10.529Z,Stoney Trail,NB Stoney Tr: Peigan Tr SE to McKnight Blvd NE,5,2026-09-11T09:04:08.000
2026-09-11T15:10:10.529Z,Stoney Trail,SB Deerfoot Tr: Balzac  to Stoney Tr SE via Stoney Tr,26,2026-09-11T09:04:08.000
2026-09-11T15:10:10.529Z,Stoney Trail,SB Stoney Tr: Mcknight Blvd NE to Deerfoot Tr S,14,2026-09-11T09:04:08.000
2026-09-11T15:10:10.529Z,Stoney Trail,SB Stoney Tr: Mcknight Blvd NE to Glenmore Tr SE,7,2026-09-11T09:04:08.000
2026-09-11T15:10:10.529Z,Stoney Trail,SB Stoney Tr: Peigan Tr SE to 52 St SE,8,2026-09-11T09:04:08.000
2026-09-11T15:10:10.529Z,Stoney Trail,SB Stoney Tr: Peigan Tr SE to Macleod Tr SE,13,2026-09-11T09:04:08.000
2026-09-11T15:10:10.529Z,Stoney Trail,WB Stoney Tr: 52 St SE to James Mckevitt Rd SW,7,2026-09-11T09:04:08.000
2026-09-11T15:10:10.529Z,Stoney Trail,WB Stoney Tr: 52 St SE to Macleod Tr SE,5,2026-09-11T09:04:08.000
2026-09-11T15:10:10.529Z,Stoney Trail,WB Stoney Tr: Country Hills Blvd NW to 16 Ave NW,5,2026-09-11T09:04:08.000
2026-09-11T15:10:10.529Z,Stoney Trail,WB Stoney Tr: Deerfoot Tr NW to 16 Ave NW,14,2026-09-11T09:04:08.000
2026-09-11T15:10:10.529Z,Stoney Trail,WB Stoney Tr: Deerfoot Tr NW to Crowchild Tr NW,11,2026-09-11T09:04:08.000
2026-09-11T15:10:10.529Z,Trans Canada Highway,WB Trans Canada Hwy: Hwy 22 to Banff,51,2026-09-11T09:04:08.000
2026-09-11T15:10:10.529Z,Trans Canada Highway,WB Trans Canada Hwy: Hwy 22 to Kananaskis Village,42,2026-09-11T09:04:08.000
2026-09-11T18:36:14.511Z,16 Avenue,WB 16 Ave: Stoney Tr NE to Valley Ridge Bv NW via 16 Ave,35,2026-09-11T12:24:08.000
2026-09-11T18:36:14.511Z,16 Avenue,WB 16 Ave: Stoney Tr NE to Valley Ridge Bv Via Stoney Tr,28,2026-09-11T12:24:08.000
2026-09-11T18:36:14.511Z,Crowchild Trail,NB Crowchild Tr: 50 Ave SW to 24 Ave NW,8,2026-09-11T12:24:08.000
2026-09-11T18:36:14.511Z,Crowchild Trail,NB Crowchild Tr: 50 Ave SW to Memorial Dr NW,4,2026-09-11T12:24:08.000
2026-09-11T18:36:14.511Z,Crowchild Trail,NB Crowchild Tr: Glenmore Tr SW to 24 Ave NW,10,2026-09-11T12:24:08.000
2026-09-11T18:36:14.511Z,Crowchild Trail,SB Crowchild Tr: 12 Mile Coulee Rd NW to Glenmore Tr SW,17,2026-09-11T12:24:08.000
2026-09-11T18:36:14.511Z,Crowchild Trail,SB Crowchild Tr: 12 Mile Coulee Rd NW to Memorial Dr NW,12,2026-09-11T12:24:08.000
2026-09-11T18:36:14.511Z,Crowchild Trail,SB Crowchild Tr: 24 Ave NW to 17 Ave SW,6,2026-09-11T12:24:08.000
2026-09-11T18:36:14.511Z,Crowchild Trail,SB Crowchild Tr: 24 Ave NW to Glenmore Tr SW,10,2026-09-11T12:24:08.000
2026-09-11T18:36:14.511Z,Crowchild Trail,SB Crowchild Tr: 33 Ave SW to Deerfoot Tr SE,8,2026-09-11T12:24:08.000
2026-09-11T18:36:14.511Z,Crowchild Trail,SB Crowchild Tr: 33 Ave SW to Glenmore Tr SW,4,2026-09-11T12:24:08.000
2026-09-11T18:36:14.511Z,Deerfoot Trail,NB Deerfoot Tr: 17 Ave SE to Airport Tr NE,8,2026-09-11T12:24:08.000
2026-09-11T18:36:14.511Z,Deerfoot Trail,NB Deerfoot Tr: 17 Ave SE to Stoney Tr NE,11,2026-09-11T12:24:08.000
2026-09-11T18:36:14.511Z,Deerfoot Trail,NB Deerfoot Tr: 274 Ave S to City Centre via Deerfoot Tr,28,2026-09-11T12:24:08.000
2026-09-11T18:36:14.511Z,Deerfoot Trail,NB Deerfoot Tr: 32 Ave NE to Airport Tr NE,4,2026-09-11T12:24:08.000
2026-09-11T18:36:14.511Z,Deerfoot Trail,NB Deerfoot Tr: 32 Ave NE to Stoney Tr NE,7,2026-09-11T12:24:08.000
2026-09-11T18:36:14.511Z,Deerfoot Trail,NB Deerfoot Tr: 8 Ave NE to Airport Tr NE,6,2026-09-11T12:24:08.000
2026-09-11T18:36:14.511Z,Deerfoot Trail,NB Deerfoot Tr: 8 Ave NE to Stoney Tr NE,9,2026-09-11T12:24:08.000
2026-09-11T18:36:14.511Z,Deerfoot Trail,NB Deerfoot Tr: Anderson Rd SE to Airport Tr NE,16,2026-09-11T12:24:08.000
2026-09-11T18:36:14.511Z,Deerfoot Trail,NB Deerfoot Tr: Anderson Rd SE to Memorial Dr SE,10,2026-09-11T12:24:08.000
2026-09-11T18:36:14.511Z,Deerfoot Trail,NB Deerfoot Tr: Cranston Ave SE to Memorial Dr SE,18,2026-09-11T12:24:08.000
2026-09-11T18:36:14.511Z,Deerfoot Trail,NB Deerfoot Tr: Cranston Ave SE to Southland Dr SE,10,2026-09-11T12:24:08.000
2026-09-11T18:36:14.511Z,Deerfoot Trail,NB Deerfoot Tr: Glenmore Tr SE to Airport Tr NE,11,2026-09-11T12:24:08.000
2026-09-11T18:36:14.511Z,Deerfoot Trail,NB Deerfoot Tr: Glenmore Tr SE to Memorial Dr SE,5,2026-09-11T12:24:08.000
2026-09-11T18:36:14.511Z,Deerfoot Trail,NB Deerfoot Tr: Glenmore Tr SE to Stoney Tr NE,13,2026-09-11T12:24:08.000
2026-09-11T18:36:14.511Z,Deerfoot Trail,SB Deerfoot Tr: 17 Ave SE to Anderson Rd SE,9,2026-09-11T12:24:08.000
2026-09-11T18:36:14.511Z,Deerfoot Trail,SB Deerfoot Tr: 17 Ave SE to Stoney Tr SE,14,2026-09-11T12:24:08.000
2026-09-11T18:36:14.511Z,Deerfoot Trail,SB Deerfoot Tr: 64 Ave NE to Anderson Rd SE,14,2026-09-11T12:24:08.000
2026-09-11T18:36:14.511Z,Deerfoot Trail,SB Deerfoot Tr: 64 Ave NE to Memorial Dr SE,5,2026-09-11T12:24:08.000
2026-09-11T18:36:14.511Z,Deerfoot Trail,SB Deerfoot Tr: 8 Ave SE to Glenmore Tr SE,7,2026-09-11T12:24:08.000
2026-09-11T18:36:14.511Z,Deerfoot Trail,SB Deerfoot Tr: 8 Ave SE to Stoney Tr SE,15,2026-09-11T12:24:08.000
2026-09-11T18:36:14.511Z,Deerfoot Trail,SB Deerfoot Tr: Airport Tr NE to Anderson Rd SE,16,2026-09-11T12:24:08.000
2026-09-11T18:36:14.511Z,Deerfoot Trail,SB Deerfoot Tr: Airport Tr NE to Memorial Dr SE,7,2026-09-11T12:24:08.000
2026-09-11T18:36:14.511Z,Deerfoot Trail,SB Deerfoot Tr: Balzac  to Stoney Tr SE via Deerfoot Tr,25,2026-09-11T12:24:08.000
2026-09-11T18:36:14.511Z,Deerfoot Trail,SB Deerfoot Tr: Peigan Tr SE to Anderson Rd SE,7,2026-09-11T12:24:08.000
2026-09-11T18:36:14.511Z,Deerfoot Trail,SB Deerfoot Tr: Peigan Tr SE to Stoney Tr SE,12,2026-09-11T12:24:08.000
2026-09-11T18:36:14.511Z,Glenmore Trail,EB Glenmore Tr: Crowchild Tr SW to Deerfoot Tr SE,6,2026-09-11T12:24:08.000
2026-09-11T18:36:14.511Z,Glenmore Trail,WB Glenmore Tr: Odgen Rd SE to Bow Trail SW,12,2026-09-11T12:24:08.000
2026-09-11T18:36:14.511Z,Glenmore Trail,WB Glenmore Tr: Odgen Rd SE to Crowchild Tr SW,8,2026-09-11T12:24:08.000
2026-09-11T18:36:14.511Z,Macleod Trail,NB Macleod Tr: 274 Ave S to City Centre via Macleod Tr,32,2026-09-11T12:24:08.000
2026-09-11T18:36:14.511Z,Macleod Trail,NB Macleod Tr: Anderson Rd SE to 7 Av SE,17,2026-09-11T12:24:08.000
2026-09-11T18:36:14.511Z,Macleod Trail,NB Macleod Tr: Anderson Rd SE to Blackfoot Tr SW,28,2026-09-11T12:24:08.000
2026-09-11T18:36:14.511Z,Macleod Trail,NB Macleod Tr: Anderson Rd SE to Crowchild Tr SW,11,2026-09-11T12:24:08.000
2026-09-11T18:36:14.511Z,Macleod Trail,NB Macleod Tr: N of 25 Ave S to City Centre,3,2026-09-11T12:24:08.000
2026-09-11T18:36:14.511Z,Stoney Trail,EB Stoney Tr: Chaparral Blvd SE to 16 Ave NE,15,2026-09-11T12:24:08.000
2026-09-11T18:36:14.511Z,Stoney Trail,EB Stoney Tr: Chaparral Blvd SE to Glenmore Tr SE,10,2026-09-11T12:24:08.000
2026-09-11T18:36:14.511Z,Stoney Trail,EB Stoney Tr: Harvest Hills Blvd NW to 16 Ave NE,14,2026-09-11T12:24:08.000
2026-09-11T18:36:14.511Z,Stoney Trail,EB Stoney Tr: Harvest Hills Blvd NW to Glenmore Tr SE,20,2026-09-11T12:24:08.000
2026-09-11T18:36:14.511Z,Stoney Trail,EB Stoney W : Sarcee Tr NW to 16 Ave NE,19,2026-09-11T12:24:08.000
2026-09-11T18:36:14.511Z,Stoney Trail,EB Stoney W : Sarcee Tr NW to Deerfoot Tr N,8,2026-09-11T12:24:08.000
2026-09-11T18:36:14.511Z,Stoney Trail,NB Stoney Tr: 114 Ave SE to 16 Ave NE,8,2026-09-11T12:24:08.000
2026-09-11T18:36:14.511Z,Stoney Trail,NB Stoney Tr: 114 Ave SE to Deerfoot Tr NE,20,2026-09-11T12:24:08.000
2026-09-11T18:36:14.511Z,Stoney Trail,NB Stoney Tr: McKnight Blvd NE to Crowchild Tr NW,21,2026-09-11T12:24:08.000
2026-09-11T18:36:14.511Z,Stoney Trail,NB Stoney Tr: McKnight Blvd NE to Deerfoot Tr N,10,2026-09-11T12:24:08.000
2026-09-11T18:36:14.511Z,Stoney Trail,NB Stoney Tr: Peigan Tr SE to Deerfoot Tr NE,15,2026-09-11T12:24:08.000
2026-09-11T18:36:14.511Z,Stoney Trail,NB Stoney Tr: Peigan Tr SE to McKnight Blvd NE,6,2026-09-11T12:24:08.000
2026-09-11T18:36:14.511Z,Stoney Trail,SB Deerfoot Tr: Balzac  to Stoney Tr SE via Stoney Tr,27,2026-09-11T12:24:08.000
2026-09-11T18:36:14.511Z,Stoney Trail,SB Stoney Tr: Mcknight Blvd NE to Deerfoot Tr S,15,2026-09-11T12:24:08.000
2026-09-11T18:36:14.511Z,Stoney Trail,SB Stoney Tr: Mcknight Blvd NE to Glenmore Tr SE,8,2026-09-11T12:24:08.000
2026-09-11T18:36:14.511Z,Stoney Trail,SB Stoney Tr: Peigan Tr SE to 52 St SE,9,2026-09-11T12:24:08.000
2026-09-11T18:36:14.511Z,Stoney Trail,SB Stoney Tr: Peigan Tr SE to Macleod Tr SE,13,2026-09-11T12:24:08.000
2026-09-11T18:36:14.511Z,Stoney Trail,WB Stoney Tr: 52 St SE to James Mckevitt Rd SW,7,2026-09-11T12:24:08.000
2026-09-11T18:36:14.511Z,Stoney Trail,WB Stoney Tr: 52 St SE to Macleod Tr SE,5,2026-09-11T12:24:08.000
2026-09-11T18:36:14.511Z,Stoney Trail,WB Stoney Tr: Country Hills Blvd NW to 16 Ave NW,5,2026-09-11T12:24:08.000
2026-09-11T18:36:14.511Z,Stoney Trail,WB Stoney Tr: Deerfoot Tr NW to 16 Ave NW,12,2026-09-11T12:24:08.000
2026-09-11T18:36:14.511Z,Stoney Trail,WB Stoney Tr: Deerfoot Tr NW to Crowchild Tr NW,9,2026-09-11T12:24:08.000
2026-09-11T18:36:14.511Z,Trans Canada Highway,WB Trans Canada Hwy: Hwy 22 to Banff,52,2026-09-11T12:24:08.000
2026-09-11T18:36:14.511Z,Trans Canada Highway,WB Trans Canada Hwy: Hwy 22 to Kananaskis Village,45,2026-09-11T12:24:08.000
2026-09-11T21:15:27.453Z,16 Avenue,WB 16 Ave: Stoney Tr NE to Valley Ridge Bv NW via 16 Ave,35,2026-09-11T15:04:08.000
2026-09-11T21:15:27.453Z,16 Avenue,WB 16 Ave: Stoney Tr NE to Valley Ridge Bv Via Stoney Tr,27,2026-09-11T15:04:08.000
2026-09-11T21:15:27.453Z,Crowchild Trail,NB Crowchild Tr: 50 Ave SW to 24 Ave NW,8,2026-09-11T15:04:08.000
2026-09-11T21:15:27.453Z,Crowchild Trail,NB Crowchild Tr: 50 Ave SW to Memorial Dr NW,4,2026-09-11T15:04:08.000
2026-09-11T21:15:27.453Z,Crowchild Trail,NB Crowchild Tr: Glenmore Tr SW to 24 Ave NW,10,2026-09-11T15:04:08.000
2026-09-11T21:15:27.453Z,Crowchild Trail,SB Crowchild Tr: 12 Mile Coulee Rd NW to Glenmore Tr SW,22,2026-09-11T15:04:08.000
2026-09-11T21:15:27.453Z,Crowchild Trail,SB Crowchild Tr: 12 Mile Coulee Rd NW to Memorial Dr NW,17,2026-09-11T15:04:08.000
2026-09-11T21:15:27.453Z,Crowchild Trail,SB Crowchild Tr: 24 Ave NW to 17 Ave SW,10,2026-09-11T15:04:08.000
2026-09-11T21:15:27.453Z,Crowchild Trail,SB Crowchild Tr: 24 Ave NW to Glenmore Tr SW,14,2026-09-11T15:04:08.000
2026-09-11T21:15:27.453Z,Crowchild Trail,SB Crowchild Tr: 33 Ave SW to Deerfoot Tr SE,11,2026-09-11T15:04:08.000
2026-09-11T21:15:27.453Z,Crowchild Trail,SB Crowchild Tr: 33 Ave SW to Glenmore Tr SW,4,2026-09-11T15:04:08.000
2026-09-11T21:15:27.453Z,Deerfoot Trail,NB Deerfoot Tr: 17 Ave SE to Airport Tr NE,9,2026-09-11T15:04:08.000
2026-09-11T21:15:27.453Z,Deerfoot Trail,NB Deerfoot Tr: 17 Ave SE to Stoney Tr NE,12,2026-09-11T15:04:08.000
2026-09-11T21:15:27.453Z,Deerfoot Trail,NB Deerfoot Tr: 274 Ave S to City Centre via Deerfoot Tr,30,2026-09-11T15:04:08.000
2026-09-11T21:15:27.453Z,Deerfoot Trail,NB Deerfoot Tr: 32 Ave NE to Airport Tr NE,4,2026-09-11T15:04:08.000
2026-09-11T21:15:27.453Z,Deerfoot Trail,NB Deerfoot Tr: 32 Ave NE to Stoney Tr NE,7,2026-09-11T15:04:08.000
2026-09-11T21:15:27.453Z,Deerfoot Trail,NB Deerfoot Tr: 8 Ave NE to Airport Tr NE,7,2026-09-11T15:04:08.000
2026-09-11T21:15:27.453Z,Deerfoot Trail,NB Deerfoot Tr: 8 Ave NE to Stoney Tr NE,9,2026-09-11T15:04:08.000
2026-09-11T21:15:27.453Z,Deerfoot Trail,NB Deerfoot Tr: Anderson Rd SE to Airport Tr NE,17,2026-09-11T15:04:08.000
2026-09-11T21:15:27.453Z,Deerfoot Trail,NB Deerfoot Tr: Anderson Rd SE to Memorial Dr SE,11,2026-09-11T15:04:08.000
2026-09-11T21:15:27.453Z,Deerfoot Trail,NB Deerfoot Tr: Cranston Ave SE to Memorial Dr SE,19,2026-09-11T15:04:08.000
2026-09-11T21:15:27.453Z,Deerfoot Trail,NB Deerfoot Tr: Cranston Ave SE to Southland Dr SE,11,2026-09-11T15:04:08.000
2026-09-11T21:15:27.453Z,Deerfoot Trail,NB Deerfoot Tr: Glenmore Tr SE to Airport Tr NE,12,2026-09-11T15:04:08.000
2026-09-11T21:15:27.453Z,Deerfoot Trail,NB Deerfoot Tr: Glenmore Tr SE to Memorial Dr SE,5,2026-09-11T15:04:08.000
2026-09-11T21:15:27.453Z,Deerfoot Trail,NB Deerfoot Tr: Glenmore Tr SE to Stoney Tr NE,14,2026-09-11T15:04:08.000
2026-09-11T21:15:27.453Z,Deerfoot Trail,SB Deerfoot Tr: 17 Ave SE to Anderson Rd SE,12,2026-09-11T15:04:08.000
2026-09-11T21:15:27.453Z,Deerfoot Trail,SB Deerfoot Tr: 17 Ave SE to Stoney Tr SE,17,2026-09-11T15:04:08.000
2026-09-11T21:15:27.453Z,Deerfoot Trail,SB Deerfoot Tr: 64 Ave NE to Anderson Rd SE,17,2026-09-11T15:04:08.000
2026-09-11T21:15:27.453Z,Deerfoot Trail,SB Deerfoot Tr: 64 Ave NE to Memorial Dr SE,5,2026-09-11T15:04:08.000
2026-09-11T21:15:27.453Z,Deerfoot Trail,SB Deerfoot Tr: 8 Ave SE to Glenmore Tr SE,8,2026-09-11T15:04:08.000
2026-09-11T21:15:27.453Z,Deerfoot Trail,SB Deerfoot Tr: 8 Ave SE to Stoney Tr SE,18,2026-09-11T15:04:08.000
2026-09-11T21:15:27.453Z,Deerfoot Trail,SB Deerfoot Tr: Airport Tr NE to Anderson Rd SE,20,2026-09-11T15:04:08.000
2026-09-11T21:15:27.453Z,Deerfoot Trail,SB Deerfoot Tr: Airport Tr NE to Memorial Dr SE,8,2026-09-11T15:04:08.000
2026-09-11T21:15:27.453Z,Deerfoot Trail,SB Deerfoot Tr: Balzac  to Stoney Tr SE via Deerfoot Tr,29,2026-09-11T15:04:08.000
2026-09-11T21:15:27.453Z,Deerfoot Trail,SB Deerfoot Tr: Peigan Tr SE to Anderson Rd SE,10,2026-09-11T15:04:08.000
2026-09-11T21:15:27.453Z,Deerfoot Trail,SB Deerfoot Tr: Peigan Tr SE to Stoney Tr SE,15,2026-09-11T15:04:08.000
2026-09-11T21:15:27.453Z,Glenmore Trail,EB Glenmore Tr: Crowchild Tr SW to Deerfoot Tr SE,9,2026-09-11T15:04:08.000
2026-09-11T21:15:27.453Z,Glenmore Trail,WB Glenmore Tr: Odgen Rd SE to Bow Trail SW,12,2026-09-11T15:04:08.000
2026-09-11T21:15:27.453Z,Glenmore Trail,WB Glenmore Tr: Odgen Rd SE to Crowchild Tr SW,8,2026-09-11T15:04:08.000
2026-09-11T21:15:27.453Z,Macleod Trail,NB Macleod Tr: 274 Ave S to City Centre via Macleod Tr,33,2026-09-11T15:04:08.000
2026-09-11T21:15:27.453Z,Macleod Trail,NB Macleod Tr: Anderson Rd SE to 7 Av SE,19,2026-09-11T15:04:08.000
2026-09-11T21:15:27.453Z,Macleod Trail,NB Macleod Tr: Anderson Rd SE to Blackfoot Tr SW,30,2026-09-11T15:04:08.000
2026-09-11T21:15:27.453Z,Macleod Trail,NB Macleod Tr: Anderson Rd SE to Crowchild Tr SW,12,2026-09-11T15:04:08.000
2026-09-11T21:15:27.453Z,Macleod Trail,NB Macleod Tr: N of 25 Ave S to City Centre,4,2026-09-11T15:04:08.000
2026-09-11T21:15:27.453Z,Stoney Trail,EB Stoney Tr: Chaparral Blvd SE to 16 Ave NE,15,2026-09-11T15:04:08.000
2026-09-11T21:15:27.453Z,Stoney Trail,EB Stoney Tr: Chaparral Blvd SE to Glenmore Tr SE,9,2026-09-11T15:04:08.000
2026-09-11T21:15:27.453Z,Stoney Trail,EB Stoney Tr: Harvest Hills Blvd NW to 16 Ave NE,14,2026-09-11T15:04:08.000
2026-09-11T21:15:27.453Z,Stoney Trail,EB Stoney Tr: Harvest Hills Blvd NW to Glenmore Tr SE,20,2026-09-11T15:04:08.000
2026-09-11T21:15:27.453Z,Stoney Trail,EB Stoney W : Sarcee Tr NW to 16 Ave NE,19,2026-09-11T15:04:08.000
2026-09-11T21:15:27.453Z,Stoney Trail,EB Stoney W : Sarcee Tr NW to Deerfoot Tr N,8,2026-09-11T15:04:08.000
2026-09-11T21:15:27.453Z,Stoney Trail,NB Stoney Tr: 114 Ave SE to 16 Ave NE,8,2026-09-11T15:04:08.000
2026-09-11T21:15:27.453Z,Stoney Trail,NB Stoney Tr: 114 Ave SE to Deerfoot Tr NE,19,2026-09-11T15:04:08.000
2026-09-11T21:15:27.453Z,Stoney Trail,NB Stoney Tr: McKnight Blvd NE to Crowchild Tr NW,20,2026-09-11T15:04:08.000
2026-09-11T21:15:27.453Z,Stoney Trail,NB Stoney Tr: McKnight Blvd NE to Deerfoot Tr N,9,2026-09-11T15:04:08.000
2026-09-11T21:15:27.453Z,Stoney Trail,NB Stoney Tr: Peigan Tr SE to Deerfoot Tr NE,15,2026-09-11T15:04:08.000
2026-09-11T21:15:27.453Z,Stoney Trail,NB Stoney Tr: Peigan Tr SE to McKnight Blvd NE,6,2026-09-11T15:04:08.000
2026-09-11T21:15:27.453Z,Stoney Trail,SB Deerfoot Tr: Balzac  to Stoney Tr SE via Stoney Tr,27,2026-09-11T15:04:08.000
2026-09-11T21:15:27.453Z,Stoney Trail,SB Stoney Tr: Mcknight Blvd NE to Deerfoot Tr S,14,2026-09-11T15:04:08.000
2026-09-11T21:15:27.453Z,Stoney Trail,SB Stoney Tr: Mcknight Blvd NE to Glenmore Tr SE,8,2026-09-11T15:04:08.000
2026-09-11T21:15:27.453Z,Stoney Trail,SB Stoney Tr: Peigan Tr SE to 52 St SE,8,2026-09-11T15:04:08.000
2026-09-11T21:15:27.453Z,Stoney Trail,SB Stoney Tr: Peigan Tr SE to Macleod Tr SE,13,2026-09-11T15:04:08.000
2026-09-11T21:15:27.453Z,Stoney Trail,WB Stoney Tr: 52 St SE to James Mckevitt Rd SW,7,2026-09-11T15:04:08.000
2026-09-11T21:15:27.453Z,Stoney Trail,WB Stoney Tr: 52 St SE to Macleod Tr SE,5,2026-09-11T15:04:08.000
2026-09-11T21:15:27.453Z,Stoney Trail,WB Stoney Tr: Country Hills Blvd NW to 16 Ave NW,5,2026-09-11T15:04:08.000
2026-09-11T21:15:27.453Z,Stoney Trail,WB Stoney Tr: Deerfoot Tr NW to 16 Ave NW,13,2026-09-11T15:04:08.000
2026-09-11T21:15:27.453Z,Stoney Trail,WB Stoney Tr: Deerfoot Tr NW to Crowchild Tr NW,9,2026-09-11T15:04:08.000
2026-09-11T21:15:27.453Z,Trans Canada Highway,WB Trans Canada Hwy: Hwy 22 to Banff,54,2026-09-11T15:04:08.000
2026-09-11T21:15:27.453Z,Trans Canada Highway,WB Trans Canada Hwy: Hwy 22 to Kananaskis Village,44,2026-09-11T15:04:08.000
2026-09-11T23:17:55.030Z,16 Avenue,WB 16 Ave: Stoney Tr NE to Valley Ridge Bv NW via 16 Ave,41,2026-09-11T17:04:08.000
2026-09-11T23:17:55.030Z,16 Avenue,WB 16 Ave: Stoney Tr NE to Valley Ridge Bv Via Stoney Tr,29,2026-09-11T17:04:08.000
2026-09-11T23:17:55.030Z,Crowchild Trail,NB Crowchild Tr: 50 Ave SW to 24 Ave NW,10,2026-09-11T17:04:08.000
2026-09-11T23:17:55.030Z,Crowchild Trail,NB Crowchild Tr: 50 Ave SW to Memorial Dr NW,4,2026-09-11T17:04:08.000
2026-09-11T23:17:55.030Z,Crowchild Trail,NB Crowchild Tr: Glenmore Tr SW to 24 Ave NW,12,2026-09-11T17:04:08.000
2026-09-11T23:17:55.030Z,Crowchild Trail,SB Crowchild Tr: 12 Mile Coulee Rd NW to Glenmore Tr SW,18,2026-09-11T17:04:08.000
2026-09-11T23:17:55.030Z,Crowchild Trail,SB Crowchild Tr: 12 Mile Coulee Rd NW to Memorial Dr NW,13,2026-09-11T17:04:08.000
2026-09-11T23:17:55.030Z,Crowchild Trail,SB Crowchild Tr: 24 Ave NW to 17 Ave SW,6,2026-09-11T17:04:08.000
2026-09-11T23:17:55.030Z,Crowchild Trail,SB Crowchild Tr: 24 Ave NW to Glenmore Tr SW,10,2026-09-11T17:04:08.000
2026-09-11T23:17:55.030Z,Crowchild Trail,SB Crowchild Tr: 33 Ave SW to Deerfoot Tr SE,10,2026-09-11T17:04:08.000
2026-09-11T23:17:55.030Z,Crowchild Trail,SB Crowchild Tr: 33 Ave SW to Glenmore Tr SW,4,2026-09-11T17:04:08.000
2026-09-11T23:17:55.030Z,Deerfoot Trail,NB Deerfoot Tr: 17 Ave SE to Airport Tr NE,16,2026-09-11T17:04:08.000
2026-09-11T23:17:55.030Z,Deerfoot Trail,NB Deerfoot Tr: 17 Ave SE to Stoney Tr NE,22,2026-09-11T17:04:08.000
2026-09-11T23:17:55.030Z,Deerfoot Trail,NB Deerfoot Tr: 274 Ave S to City Centre via Deerfoot Tr,40,2026-09-11T17:04:08.000
2026-09-11T23:17:55.030Z,Deerfoot Trail,NB Deerfoot Tr: 32 Ave NE to Airport Tr NE,7,2026-09-11T17:04:08.000
2026-09-11T23:17:55.030Z,Deerfoot Trail,NB Deerfoot Tr: 32 Ave NE to Stoney Tr NE,12,2026-09-11T17:04:08.000
2026-09-11T23:17:55.030Z,Deerfoot Trail,NB Deerfoot Tr: 8 Ave NE to Airport Tr NE,9,2026-09-11T17:04:08.000
2026-09-11T23:17:55.030Z,Deerfoot Trail,NB Deerfoot Tr: 8 Ave NE to Stoney Tr NE,14,2026-09-11T17:04:08.000
2026-09-11T23:17:55.030Z,Deerfoot Trail,NB Deerfoot Tr: Anderson Rd SE to Airport Tr NE,28,2026-09-11T17:04:08.000
2026-09-11T23:17:55.030Z,Deerfoot Trail,NB Deerfoot Tr: Anderson Rd SE to Memorial Dr SE,18,2026-09-11T17:04:08.000
2026-09-11T23:17:55.030Z,Deerfoot Trail,NB Deerfoot Tr: Cranston Ave SE to Memorial Dr SE,28,2026-09-11T17:04:08.000
2026-09-11T23:17:55.030Z,Deerfoot Trail,NB Deerfoot Tr: Cranston Ave SE to Southland Dr SE,13,2026-09-11T17:04:08.000
2026-09-11T23:17:55.030Z,Deerfoot Trail,NB Deerfoot Tr: Glenmore Tr SE to Airport Tr NE,22,2026-09-11T17:04:08.000
2026-09-11T23:17:55.030Z,Deerfoot Trail,NB Deerfoot Tr: Glenmore Tr SE to Memorial Dr SE,13,2026-09-11T17:04:08.000
2026-09-11T23:17:55.030Z,Deerfoot Trail,NB Deerfoot Tr: Glenmore Tr SE to Stoney Tr NE,26,2026-09-11T17:04:08.000
2026-09-11T23:17:55.030Z,Deerfoot Trail,SB Deerfoot Tr: 17 Ave SE to Anderson Rd SE,11,2026-09-11T17:04:08.000
2026-09-11T23:17:55.030Z,Deerfoot Trail,SB Deerfoot Tr: 17 Ave SE to Stoney Tr SE,16,2026-09-11T17:04:08.000
2026-09-11T23:17:55.030Z,Deerfoot Trail,SB Deerfoot Tr: 64 Ave NE to Anderson Rd SE,25,2026-09-11T17:04:08.000
2026-09-11T23:17:55.030Z,Deerfoot Trail,SB Deerfoot Tr: 64 Ave NE to Memorial Dr SE,11,2026-09-11T17:04:08.000
2026-09-11T23:17:55.030Z,Deerfoot Trail,SB Deerfoot Tr: 8 Ave SE to Glenmore Tr SE,10,2026-09-11T17:04:08.000
2026-09-11T23:17:55.030Z,Deerfoot Trail,SB Deerfoot Tr: 8 Ave SE to Stoney Tr SE,22,2026-09-11T17:04:08.000
2026-09-11T23:17:55.030Z,Deerfoot Trail,SB Deerfoot Tr: Airport Tr NE to Anderson Rd SE,27,2026-09-11T17:04:08.000
2026-09-11T23:17:55.030Z,Deerfoot Trail,SB Deerfoot Tr: Airport Tr NE to Memorial Dr SE,13,2026-09-11T17:04:08.000
2026-09-11T23:17:55.030Z,Deerfoot Trail,SB Deerfoot Tr: Balzac  to Stoney Tr SE via Deerfoot Tr,37,2026-09-11T17:04:08.000
2026-09-11T23:17:55.030Z,Deerfoot Trail,SB Deerfoot Tr: Peigan Tr SE to Anderson Rd SE,10,2026-09-11T17:04:08.000
2026-09-11T23:17:55.030Z,Deerfoot Trail,SB Deerfoot Tr: Peigan Tr SE to Stoney Tr SE,15,2026-09-11T17:04:08.000
2026-09-11T23:17:55.030Z,Glenmore Trail,EB Glenmore Tr: Crowchild Tr SW to Deerfoot Tr SE,7,2026-09-11T17:04:08.000
2026-09-11T23:17:55.030Z,Glenmore Trail,WB Glenmore Tr: Odgen Rd SE to Bow Trail SW,16,2026-09-11T17:04:08.000
2026-09-11T23:17:55.030Z,Glenmore Trail,WB Glenmore Tr: Odgen Rd SE to Crowchild Tr SW,12,2026-09-11T17:04:08.000
2026-09-11T23:17:55.030Z,Macleod Trail,NB Macleod Tr: 274 Ave S to City Centre via Macleod Tr,33,2026-09-11T17:04:08.000
2026-09-11T23:17:55.030Z,Macleod Trail,NB Macleod Tr: Anderson Rd SE to 7 Av SE,18,2026-09-11T17:04:08.000
2026-09-11T23:17:55.030Z,Macleod Trail,NB Macleod Tr: Anderson Rd SE to Blackfoot Tr SW,29,2026-09-11T17:04:08.000
2026-09-11T23:17:55.030Z,Macleod Trail,NB Macleod Tr: Anderson Rd SE to Crowchild Tr SW,13,2026-09-11T17:04:08.000
2026-09-11T23:17:55.030Z,Macleod Trail,NB Macleod Tr: N of 25 Ave S to City Centre,3,2026-09-11T17:04:08.000
2026-09-11T23:17:55.030Z,Stoney Trail,EB Stoney Tr: Chaparral Blvd SE to 16 Ave NE,15,2026-09-11T17:04:08.000
2026-09-11T23:17:55.030Z,Stoney Trail,EB Stoney Tr: Chaparral Blvd SE to Glenmore Tr SE,10,2026-09-11T17:04:08.000
2026-09-11T23:17:55.030Z,Stoney Trail,EB Stoney Tr: Harvest Hills Blvd NW to 16 Ave NE,14,2026-09-11T17:04:08.000
2026-09-11T23:17:55.030Z,Stoney Trail,EB Stoney Tr: Harvest Hills Blvd NW to Glenmore Tr SE,19,2026-09-11T17:04:08.000
2026-09-11T23:17:55.030Z,Stoney Trail,EB Stoney W : Sarcee Tr NW to 16 Ave NE,19,2026-09-11T17:04:08.000
2026-09-11T23:17:55.030Z,Stoney Trail,EB Stoney W : Sarcee Tr NW to Deerfoot Tr N,8,2026-09-11T17:04:08.000
2026-09-11T23:17:55.030Z,Stoney Trail,NB Stoney Tr: 114 Ave SE to 16 Ave NE,8,2026-09-11T17:04:08.000
2026-09-11T23:17:55.030Z,Stoney Trail,NB Stoney Tr: 114 Ave SE to Deerfoot Tr NE,20,2026-09-11T17:04:08.000
2026-09-11T23:17:55.030Z,Stoney Trail,NB Stoney Tr: McKnight Blvd NE to Crowchild Tr NW,22,2026-09-11T17:04:08.000
2026-09-11T23:17:55.030Z,Stoney Trail,NB Stoney Tr: McKnight Blvd NE to Deerfoot Tr N,10,2026-09-11T17:04:08.000
2026-09-11T23:17:55.030Z,Stoney Trail,NB Stoney Tr: Peigan Tr SE to Deerfoot Tr NE,16,2026-09-11T17:04:08.000
2026-09-11T23:17:55.030Z,Stoney Trail,NB Stoney Tr: Peigan Tr SE to McKnight Blvd NE,6,2026-09-11T17:04:08.000
2026-09-11T23:17:55.030Z,Stoney Trail,SB Deerfoot Tr: Balzac  to Stoney Tr SE via Stoney Tr,26,2026-09-11T17:04:08.000
2026-09-11T23:17:55.030Z,Stoney Trail,SB Stoney Tr: Mcknight Blvd NE to Deerfoot Tr S,14,2026-09-11T17:04:08.000
2026-09-11T23:17:55.030Z,Stoney Trail,SB Stoney Tr: Mcknight Blvd NE to Glenmore Tr SE,7,2026-09-11T17:04:08.000
2026-09-11T23:17:55.030Z,Stoney Trail,SB Stoney Tr: Peigan Tr SE to 52 St SE,8,2026-09-11T17:04:08.000
2026-09-11T23:17:55.030Z,Stoney Trail,SB Stoney Tr: Peigan Tr SE to Macleod Tr SE,13,2026-09-11T17:04:08.000
2026-09-11T23:17:55.030Z,Stoney Trail,WB Stoney Tr: 52 St SE to James Mckevitt Rd SW,7,2026-09-11T17:04:08.000
2026-09-11T23:17:55.030Z,Stoney Trail,WB Stoney Tr: 52 St SE to Macleod Tr SE,5,2026-09-11T17:04:08.000
2026-09-11T23:17:55.030Z,Stoney Trail,WB Stoney Tr: Country Hills Blvd NW to 16 Ave NW,6,2026-09-11T17:04:08.000
2026-09-11T23:17:55.030Z,Stoney Trail,WB Stoney Tr: Deerfoot Tr NW to 16 Ave NW,13,2026-09-11T17:04:08.000
2026-09-11T23:17:55.030Z,Stoney Trail,WB Stoney Tr: Deerfoot Tr NW to Crowchild Tr NW,9,2026-09-11T17:04:08.000
2026-09-11T23:17:55.030Z,Trans Canada Highway,WB Trans Canada Hwy: Hwy 22 to Banff,52,2026-09-11T17:04:08.000
2026-09-11T23:17:55.030Z,Trans Canada Highway,WB Trans Canada Hwy: Hwy 22 to Kananaskis Village,46,2026-09-11T17:04:08.000
2026-09-12T01:12:29.079Z,16 Avenue,WB 16 Ave: Stoney Tr NE to Valley Ridge Bv NW via 16 Ave,32,2026-09-11T19:04:08.000
2026-09-12T01:12:29.079Z,16 Avenue,WB 16 Ave: Stoney Tr NE to Valley Ridge Bv Via Stoney Tr,27,2026-09-11T19:04:08.000
2026-09-12T01:12:29.079Z,Crowchild Trail,NB Crowchild Tr: 50 Ave SW to 24 Ave NW,8,2026-09-11T19:04:08.000
2026-09-12T01:12:29.079Z,Crowchild Trail,NB Crowchild Tr: 50 Ave SW to Memorial Dr NW,4,2026-09-11T19:04:08.000
2026-09-12T01:12:29.079Z,Crowchild Trail,NB Crowchild Tr: Glenmore Tr SW to 24 Ave NW,10,2026-09-11T19:04:08.000
2026-09-12T01:12:29.079Z,Crowchild Trail,SB Crowchild Tr: 12 Mile Coulee Rd NW to Glenmore Tr SW,17,2026-09-11T19:04:08.000
2026-09-12T01:12:29.079Z,Crowchild Trail,SB Crowchild Tr: 12 Mile Coulee Rd NW to Memorial Dr NW,12,2026-09-11T19:04:08.000
2026-09-12T01:12:29.079Z,Crowchild Trail,SB Crowchild Tr: 24 Ave NW to 17 Ave SW,5,2026-09-11T19:04:08.000
2026-09-12T01:12:29.079Z,Crowchild Trail,SB Crowchild Tr: 24 Ave NW to Glenmore Tr SW,10,2026-09-11T19:04:08.000
2026-09-12T01:12:29.079Z,Crowchild Trail,SB Crowchild Tr: 33 Ave SW to Deerfoot Tr SE,9,2026-09-11T19:04:08.000
2026-09-12T01:12:29.079Z,Crowchild Trail,SB Crowchild Tr: 33 Ave SW to Glenmore Tr SW,4,2026-09-11T19:04:08.000
2026-09-12T01:12:29.079Z,Deerfoot Trail,NB Deerfoot Tr: 17 Ave SE to Airport Tr NE,8,2026-09-11T19:04:08.000
2026-09-12T01:12:29.079Z,Deerfoot Trail,NB Deerfoot Tr: 17 Ave SE to Stoney Tr NE,11,2026-09-11T19:04:08.000
2026-09-12T01:12:29.079Z,Deerfoot Trail,NB Deerfoot Tr: 274 Ave S to City Centre via Deerfoot Tr,33,2026-09-11T19:04:08.000
2026-09-12T01:12:29.079Z,Deerfoot Trail,NB Deerfoot Tr: 32 Ave NE to Airport Tr NE,4,2026-09-11T19:04:08.000
2026-09-12T01:12:29.079Z,Deerfoot Trail,NB Deerfoot Tr: 32 Ave NE to Stoney Tr NE,7,2026-09-11T19:04:08.000
2026-09-12T01:12:29.079Z,Deerfoot Trail,NB Deerfoot Tr: 8 Ave NE to Airport Tr NE,6,2026-09-11T19:04:08.000
2026-09-12T01:12:29.079Z,Deerfoot Trail,NB Deerfoot Tr: 8 Ave NE to Stoney Tr NE,9,2026-09-11T19:04:08.000
2026-09-12T01:12:29.079Z,Deerfoot Trail,NB Deerfoot Tr: Anderson Rd SE to Airport Tr NE,16,2026-09-11T19:04:08.000
2026-09-12T01:12:29.079Z,Deerfoot Trail,NB Deerfoot Tr: Anderson Rd SE to Memorial Dr SE,10,2026-09-11T19:04:08.000
2026-09-12T01:12:29.079Z,Deerfoot Trail,NB Deerfoot Tr: Cranston Ave SE to Memorial Dr SE,20,2026-09-11T19:04:08.000
2026-09-12T01:12:29.079Z,Deerfoot Trail,NB Deerfoot Tr: Cranston Ave SE to Southland Dr SE,12,2026-09-11T19:04:08.000
2026-09-12T01:12:29.079Z,Deerfoot Trail,NB Deerfoot Tr: Glenmore Tr SE to Airport Tr NE,11,2026-09-11T19:04:08.000
2026-09-12T01:12:29.079Z,Deerfoot Trail,NB Deerfoot Tr: Glenmore Tr SE to Memorial Dr SE,5,2026-09-11T19:04:08.000
2026-09-12T01:12:29.079Z,Deerfoot Trail,NB Deerfoot Tr: Glenmore Tr SE to Stoney Tr NE,13,2026-09-11T19:04:08.000
2026-09-12T01:12:29.079Z,Deerfoot Trail,SB Deerfoot Tr: 17 Ave SE to Anderson Rd SE,9,2026-09-11T19:04:08.000
2026-09-12T01:12:29.079Z,Deerfoot Trail,SB Deerfoot Tr: 17 Ave SE to Stoney Tr SE,13,2026-09-11T19:04:08.000
2026-09-12T01:12:29.079Z,Deerfoot Trail,SB Deerfoot Tr: 64 Ave NE to Anderson Rd SE,14,2026-09-11T19:04:08.000
2026-09-12T01:12:29.079Z,Deerfoot Trail,SB Deerfoot Tr: 64 Ave NE to Memorial Dr SE,5,2026-09-11T19:04:08.000
2026-09-12T01:12:29.079Z,Deerfoot Trail,SB Deerfoot Tr: 8 Ave SE to Glenmore Tr SE,6,2026-09-11T19:04:08.000
2026-09-12T01:12:29.079Z,Deerfoot Trail,SB Deerfoot Tr: 8 Ave SE to Stoney Tr SE,15,2026-09-11T19:04:08.000
2026-09-12T01:12:29.079Z,Deerfoot Trail,SB Deerfoot Tr: Airport Tr NE to Anderson Rd SE,16,2026-09-11T19:04:08.000
2026-09-12T01:12:29.079Z,Deerfoot Trail,SB Deerfoot Tr: Airport Tr NE to Memorial Dr SE,7,2026-09-11T19:04:08.000
2026-09-12T01:12:29.079Z,Deerfoot Trail,SB Deerfoot Tr: Balzac  to Stoney Tr SE via Deerfoot Tr,25,2026-09-11T19:04:08.000
2026-09-12T01:12:29.079Z,Deerfoot Trail,SB Deerfoot Tr: Peigan Tr SE to Anderson Rd SE,7,2026-09-11T19:04:08.000
2026-09-12T01:12:29.079Z,Deerfoot Trail,SB Deerfoot Tr: Peigan Tr SE to Stoney Tr SE,12,2026-09-11T19:04:08.000
2026-09-12T01:12:29.079Z,Glenmore Trail,EB Glenmore Tr: Crowchild Tr SW to Deerfoot Tr SE,6,2026-09-11T19:04:08.000
2026-09-12T01:12:29.079Z,Glenmore Trail,WB Glenmore Tr: Odgen Rd SE to Bow Trail SW,12,2026-09-11T19:04:08.000
2026-09-12T01:12:29.079Z,Glenmore Trail,WB Glenmore Tr: Odgen Rd SE to Crowchild Tr SW,8,2026-09-11T19:04:08.000
2026-09-12T01:12:29.079Z,Macleod Trail,NB Macleod Tr: 274 Ave S to City Centre via Macleod Tr,32,2026-09-11T19:04:08.000
2026-09-12T01:12:29.079Z,Macleod Trail,NB Macleod Tr: Anderson Rd SE to 7 Av SE,18,2026-09-11T19:04:08.000
2026-09-12T01:12:29.079Z,Macleod Trail,NB Macleod Tr: Anderson Rd SE to Blackfoot Tr SW,25,2026-09-11T19:04:08.000
2026-09-12T01:12:29.079Z,Macleod Trail,NB Macleod Tr: Anderson Rd SE to Crowchild Tr SW,11,2026-09-11T19:04:08.000
2026-09-12T01:12:29.079Z,Macleod Trail,NB Macleod Tr: N of 25 Ave S to City Centre,4,2026-09-11T19:04:08.000
2026-09-12T01:12:29.079Z,Stoney Trail,EB Stoney Tr: Chaparral Blvd SE to 16 Ave NE,15,2026-09-11T19:04:08.000
2026-09-12T01:12:29.079Z,Stoney Trail,EB Stoney Tr: Chaparral Blvd SE to Glenmore Tr SE,10,2026-09-11T19:04:08.000
2026-09-12T01:12:29.079Z,Stoney Trail,EB Stoney Tr: Harvest Hills Blvd NW to 16 Ave NE,13,2026-09-11T19:04:08.000
2026-09-12T01:12:29.079Z,Stoney Trail,EB Stoney Tr: Harvest Hills Blvd NW to Glenmore Tr SE,19,2026-09-11T19:04:08.000
2026-09-12T01:12:29.079Z,Stoney Trail,EB Stoney W : Sarcee Tr NW to 16 Ave NE,18,2026-09-11T19:04:08.000
2026-09-12T01:12:29.079Z,Stoney Trail,EB Stoney W : Sarcee Tr NW to Deerfoot Tr N,8,2026-09-11T19:04:08.000
2026-09-12T01:12:29.079Z,Stoney Trail,NB Stoney Tr: 114 Ave SE to 16 Ave NE,8,2026-09-11T19:04:08.000
2026-09-12T01:12:29.079Z,Stoney Trail,NB Stoney Tr: 114 Ave SE to Deerfoot Tr NE,18,2026-09-11T19:04:08.000
2026-09-12T01:12:29.079Z,Stoney Trail,NB Stoney Tr: McKnight Blvd NE to Crowchild Tr NW,20,2026-09-11T19:04:08.000
2026-09-12T01:12:29.079Z,Stoney Trail,NB Stoney Tr: McKnight Blvd NE to Deerfoot Tr N,9,2026-09-11T19:04:08.000
2026-09-12T01:12:29.079Z,Stoney Trail,NB Stoney Tr: Peigan Tr SE to Deerfoot Tr NE,14,2026-09-11T19:04:08.000
2026-09-12T01:12:29.079Z,Stoney Trail,NB Stoney Tr: Peigan Tr SE to McKnight Blvd NE,6,2026-09-11T19:04:08.000
2026-09-12T01:12:29.079Z,Stoney Trail,SB Deerfoot Tr: Balzac  to Stoney Tr SE via Stoney Tr,25,2026-09-11T19:04:08.000
2026-09-12T01:12:29.079Z,Stoney Trail,SB Stoney Tr: Mcknight Blvd NE to Deerfoot Tr S,15,2026-09-11T19:04:08.000
2026-09-12T01:12:29.079Z,Stoney Trail,SB Stoney Tr: Mcknight Blvd NE to Glenmore Tr SE,8,2026-09-11T19:04:08.000
2026-09-12T01:12:29.079Z,Stoney Trail,SB Stoney Tr: Peigan Tr SE to 52 St SE,9,2026-09-11T19:04:08.000
2026-09-12T01:12:29.079Z,Stoney Trail,SB Stoney Tr: Peigan Tr SE to Macleod Tr SE,13,2026-09-11T19:04:08.000
2026-09-12T01:12:29.079Z,Stoney Trail,WB Stoney Tr: 52 St SE to James Mckevitt Rd SW,7,2026-09-11T19:04:08.000
2026-09-12T01:12:29.079Z,Stoney Trail,WB Stoney Tr: 52 St SE to Macleod Tr SE,5,2026-09-11T19:04:08.000
2026-09-12T01:12:29.079Z,Stoney Trail,WB Stoney Tr: Country Hills Blvd NW to 16 Ave NW,6,2026-09-11T19:04:08.000
2026-09-12T01:12:29.079Z,Stoney Trail,WB Stoney Tr: Deerfoot Tr NW to 16 Ave NW,14,2026-09-11T19:04:08.000
2026-09-12T01:12:29.079Z,Stoney Trail,WB Stoney Tr: Deerfoot Tr NW to Crowchild Tr NW,10,2026-09-11T19:04:08.000
2026-09-12T01:12:29.079Z,Trans Canada Highway,WB Trans Canada Hwy: Hwy 22 to Banff,50,2026-09-11T19:04:08.000
2026-09-12T01:12:29.079Z,Trans Canada Highway,WB Trans Canada Hwy: Hwy 22 to Kananaskis Village,46,2026-09-11T19:04:08.000
2026-09-12T05:50:59.254Z,16 Avenue,WB 16 Ave: Stoney Tr NE to Valley Ridge Bv NW via 16 Ave,29,2026-09-11T23:44:12.000
2026-09-12T05:50:59.254Z,16 Avenue,WB 16 Ave: Stoney Tr NE to Valley Ridge Bv Via Stoney Tr,27,2026-09-11T23:44:12.000
2026-09-12T05:50:59.254Z,Crowchild Trail,NB Crowchild Tr: 50 Ave SW to 24 Ave NW,8,2026-09-11T23:44:12.000
2026-09-12T05:50:59.254Z,Crowchild Trail,NB Crowchild Tr: 50 Ave SW to Memorial Dr NW,4,2026-09-11T23:44:12.000
2026-09-12T05:50:59.254Z,Crowchild Trail,NB Crowchild Tr: Glenmore Tr SW to 24 Ave NW,10,2026-09-11T23:44:12.000
2026-09-12T05:50:59.254Z,Crowchild Trail,SB Crowchild Tr: 12 Mile Coulee Rd NW to Glenmore Tr SW,17,2026-09-11T23:44:12.000
2026-09-12T05:50:59.254Z,Crowchild Trail,SB Crowchild Tr: 12 Mile Coulee Rd NW to Memorial Dr NW,12,2026-09-11T23:44:12.000
2026-09-12T05:50:59.254Z,Crowchild Trail,SB Crowchild Tr: 24 Ave NW to 17 Ave SW,5,2026-09-11T23:44:12.000
2026-09-12T05:50:59.254Z,Crowchild Trail,SB Crowchild Tr: 24 Ave NW to Glenmore Tr SW,9,2026-09-11T23:44:12.000
2026-09-12T05:50:59.254Z,Crowchild Trail,SB Crowchild Tr: 33 Ave SW to Deerfoot Tr SE,8,2026-09-11T23:44:12.000
2026-09-12T05:50:59.254Z,Crowchild Trail,SB Crowchild Tr: 33 Ave SW to Glenmore Tr SW,4,2026-09-11T23:44:12.000
2026-09-12T05:50:59.254Z,Deerfoot Trail,NB Deerfoot Tr: 17 Ave SE to Airport Tr NE,10,2026-09-11T23:44:12.000
2026-09-12T05:50:59.254Z,Deerfoot Trail,NB Deerfoot Tr: 17 Ave SE to Stoney Tr NE,13,2026-09-11T23:44:12.000
2026-09-12T05:50:59.254Z,Deerfoot Trail,NB Deerfoot Tr: 274 Ave S to City Centre via Deerfoot Tr,29,2026-09-11T23:44:12.000
2026-09-12T05:50:59.254Z,Deerfoot Trail,NB Deerfoot Tr: 32 Ave NE to Airport Tr NE,5,2026-09-11T23:44:12.000
2026-09-12T05:50:59.254Z,Deerfoot Trail,NB Deerfoot Tr: 32 Ave NE to Stoney Tr NE,7,2026-09-11T23:44:12.000
2026-09-12T05:50:59.254Z,Deerfoot Trail,NB Deerfoot Tr: 8 Ave NE to Airport Tr NE,7,2026-09-11T23:44:12.000
2026-09-12T05:50:59.254Z,Deerfoot Trail,NB Deerfoot Tr: 8 Ave NE to Stoney Tr NE,10,2026-09-11T23:44:12.000
2026-09-12T05:50:59.254Z,Deerfoot Trail,NB Deerfoot Tr: Anderson Rd SE to Airport Tr NE,17,2026-09-11T23:44:12.000
2026-09-12T05:50:59.254Z,Deerfoot Trail,NB Deerfoot Tr: Anderson Rd SE to Memorial Dr SE,10,2026-09-11T23:44:12.000
2026-09-12T05:50:59.254Z,Deerfoot Trail,NB Deerfoot Tr: Cranston Ave SE to Memorial Dr SE,19,2026-09-11T23:44:12.000
2026-09-12T05:50:59.254Z,Deerfoot Trail,NB Deerfoot Tr: Cranston Ave SE to Southland Dr SE,11,2026-09-11T23:44:12.000
2026-09-12T05:50:59.254Z,Deerfoot Trail,NB Deerfoot Tr: Glenmore Tr SE to Airport Tr NE,12,2026-09-11T23:44:12.000
2026-09-12T05:50:59.254Z,Deerfoot Trail,NB Deerfoot Tr: Glenmore Tr SE to Memorial Dr SE,5,2026-09-11T23:44:12.000
2026-09-12T05:50:59.254Z,Deerfoot Trail,NB Deerfoot Tr: Glenmore Tr SE to Stoney Tr NE,15,2026-09-11T23:44:12.000
2026-09-12T05:50:59.254Z,Deerfoot Trail,SB Deerfoot Tr: 17 Ave SE to Anderson Rd SE,9,2026-09-11T23:44:12.000
2026-09-12T05:50:59.254Z,Deerfoot Trail,SB Deerfoot Tr: 17 Ave SE to Stoney Tr SE,13,2026-09-11T23:44:12.000
2026-09-12T05:50:59.254Z,Deerfoot Trail,SB Deerfoot Tr: 64 Ave NE to Anderson Rd SE,14,2026-09-11T23:44:12.000
2026-09-12T05:50:59.254Z,Deerfoot Trail,SB Deerfoot Tr: 64 Ave NE to Memorial Dr SE,5,2026-09-11T23:44:12.000
2026-09-12T05:50:59.254Z,Deerfoot Trail,SB Deerfoot Tr: 8 Ave SE to Glenmore Tr SE,7,2026-09-11T23:44:12.000
2026-09-12T05:50:59.254Z,Deerfoot Trail,SB Deerfoot Tr: 8 Ave SE to Stoney Tr SE,15,2026-09-11T23:44:12.000
2026-09-12T05:50:59.254Z,Deerfoot Trail,SB Deerfoot Tr: Airport Tr NE to Anderson Rd SE,16,2026-09-11T23:44:12.000
2026-09-12T05:50:59.254Z,Deerfoot Trail,SB Deerfoot Tr: Airport Tr NE to Memorial Dr SE,7,2026-09-11T23:44:12.000
2026-09-12T05:50:59.254Z,Deerfoot Trail,SB Deerfoot Tr: Balzac  to Stoney Tr SE via Deerfoot Tr,26,2026-09-11T23:44:12.000
2026-09-12T05:50:59.254Z,Deerfoot Trail,SB Deerfoot Tr: Peigan Tr SE to Anderson Rd SE,7,2026-09-11T23:44:12.000
2026-09-12T05:50:59.254Z,Deerfoot Trail,SB Deerfoot Tr: Peigan Tr SE to Stoney Tr SE,12,2026-09-11T23:44:12.000
2026-09-12T05:50:59.254Z,Glenmore Trail,EB Glenmore Tr: Crowchild Tr SW to Deerfoot Tr SE,5,2026-09-11T23:44:12.000
2026-09-12T05:50:59.254Z,Glenmore Trail,WB Glenmore Tr: Odgen Rd SE to Bow Trail SW,11,2026-09-11T23:44:12.000
2026-09-12T05:50:59.254Z,Glenmore Trail,WB Glenmore Tr: Odgen Rd SE to Crowchild Tr SW,8,2026-09-11T23:44:12.000
2026-09-12T05:50:59.254Z,Macleod Trail,NB Macleod Tr: 274 Ave S to City Centre via Macleod Tr,28,2026-09-11T23:44:12.000
2026-09-12T05:50:59.254Z,Macleod Trail,NB Macleod Tr: Anderson Rd SE to 7 Av SE,16,2026-09-11T23:44:12.000
2026-09-12T05:50:59.254Z,Macleod Trail,NB Macleod Tr: Anderson Rd SE to Blackfoot Tr SW,24,2026-09-11T23:44:12.000
2026-09-12T05:50:59.254Z,Macleod Trail,NB Macleod Tr: Anderson Rd SE to Crowchild Tr SW,10,2026-09-11T23:44:12.000
2026-09-12T05:50:59.254Z,Macleod Trail,NB Macleod Tr: N of 25 Ave S to City Centre,3,2026-09-11T23:44:12.000
2026-09-12T05:50:59.254Z,Stoney Trail,EB Stoney Tr: Chaparral Blvd SE to 16 Ave NE,15,2026-09-11T23:44:12.000
2026-09-12T05:50:59.254Z,Stoney Trail,EB Stoney Tr: Chaparral Blvd SE to Glenmore Tr SE,9,2026-09-11T23:44:12.000
2026-09-12T05:50:59.254Z,Stoney Trail,EB Stoney Tr: Harvest Hills Blvd NW to 16 Ave NE,13,2026-09-11T23:44:12.000
2026-09-12T05:50:59.254Z,Stoney Trail,EB Stoney Tr: Harvest Hills Blvd NW to Glenmore Tr SE,19,2026-09-11T23:44:12.000
2026-09-12T05:50:59.254Z,Stoney Trail,EB Stoney W : Sarcee Tr NW to 16 Ave NE,17,2026-09-11T23:44:12.000
2026-09-12T05:50:59.254Z,Stoney Trail,EB Stoney W : Sarcee Tr NW to Deerfoot Tr N,7,2026-09-11T23:44:12.000
2026-09-12T05:50:59.254Z,Stoney Trail,NB Stoney Tr: 114 Ave SE to 16 Ave NE,9,2026-09-11T23:44:12.000
2026-09-12T05:50:59.254Z,Stoney Trail,NB Stoney Tr: 114 Ave SE to Deerfoot Tr NE,20,2026-09-11T23:44:12.000
2026-09-12T05:50:59.254Z,Stoney Trail,NB Stoney Tr: McKnight Blvd NE to Crowchild Tr NW,20,2026-09-11T23:44:12.000
2026-09-12T05:50:59.254Z,Stoney Trail,NB Stoney Tr: McKnight Blvd NE to Deerfoot Tr N,9,2026-09-11T23:44:12.000
2026-09-12T05:50:59.254Z,Stoney Trail,NB Stoney Tr: Peigan Tr SE to Deerfoot Tr NE,15,2026-09-11T23:44:12.000
2026-09-12T05:50:59.254Z,Stoney Trail,NB Stoney Tr: Peigan Tr SE to McKnight Blvd NE,6,2026-09-11T23:44:12.000
2026-09-12T05:50:59.254Z,Stoney Trail,SB Deerfoot Tr: Balzac  to Stoney Tr SE via Stoney Tr,26,2026-09-11T23:44:12.000
2026-09-12T05:50:59.254Z,Stoney Trail,SB Stoney Tr: Mcknight Blvd NE to Deerfoot Tr S,14,2026-09-11T23:44:12.000
2026-09-12T05:50:59.254Z,Stoney Trail,SB Stoney Tr: Mcknight Blvd NE to Glenmore Tr SE,7,2026-09-11T23:44:12.000
2026-09-12T05:50:59.254Z,Stoney Trail,SB Stoney Tr: Peigan Tr SE to 52 St SE,9,2026-09-11T23:44:12.000
2026-09-12T05:50:59.254Z,Stoney Trail,SB Stoney Tr: Peigan Tr SE to Macleod Tr SE,13,2026-09-11T23:44:12.000
2026-09-12T05:50:59.254Z,Stoney Trail,WB Stoney Tr: 52 St SE to James Mckevitt Rd SW,7,2026-09-11T23:44:12.000
2026-09-12T05:50:59.254Z,Stoney Trail,WB Stoney Tr: 52 St SE to Macleod Tr SE,5,2026-09-11T23:44:12.000
2026-09-12T05:50:59.254Z,Stoney Trail,WB Stoney Tr: Country Hills Blvd NW to 16 Ave NW,5,2026-09-11T23:44:12.000
2026-09-12T05:50:59.254Z,Stoney Trail,WB Stoney Tr: Deerfoot Tr NW to 16 Ave NW,13,2026-09-11T23:44:12.000
2026-09-12T05:50:59.254Z,Stoney Trail,WB Stoney Tr: Deerfoot Tr NW to Crowchild Tr NW,10,2026-09-11T23:44:12.000
2026-09-12T05:50:59.254Z,Trans Canada Highway,WB Trans Canada Hwy: Hwy 22 to Banff,53,2026-09-11T23:44:12.000
2026-09-12T05:50:59.254Z,Trans Canada Highway,WB Trans Canada Hwy: Hwy 22 to Kananaskis Village,45,2026-09-11T23:44:12.000
2026-09-12T09:54:01.193Z,16 Avenue,WB 16 Ave: Stoney Tr NE to Valley Ridge Bv NW via 16 Ave,30,2026-09-12T03:44:10.000
2026-09-12T09:54:01.193Z,16 Avenue,WB 16 Ave: Stoney Tr NE to Valley Ridge Bv Via Stoney Tr,26,2026-09-12T03:44:10.000
2026-09-12T09:54:01.193Z,Crowchild Trail,NB Crowchild Tr: 50 Ave SW to 24 Ave NW,8,2026-09-12T03:44:10.000
2026-09-12T09:54:01.193Z,Crowchild Trail,NB Crowchild Tr: 50 Ave SW to Memorial Dr NW,4,2026-09-12T03:44:10.000
2026-09-12T09:54:01.193Z,Crowchild Trail,NB Crowchild Tr: Glenmore Tr SW to 24 Ave NW,10,2026-09-12T03:44:10.000
2026-09-12T09:54:01.193Z,Crowchild Trail,SB Crowchild Tr: 12 Mile Coulee Rd NW to Glenmore Tr SW,17,2026-09-12T03:44:10.000
2026-09-12T09:54:01.193Z,Crowchild Trail,SB Crowchild Tr: 12 Mile Coulee Rd NW to Memorial Dr NW,12,2026-09-12T03:44:10.000
2026-09-12T09:54:01.193Z,Crowchild Trail,SB Crowchild Tr: 24 Ave NW to 17 Ave SW,5,2026-09-12T03:44:10.000
2026-09-12T09:54:01.193Z,Crowchild Trail,SB Crowchild Tr: 24 Ave NW to Glenmore Tr SW,9,2026-09-12T03:44:10.000
2026-09-12T09:54:01.193Z,Crowchild Trail,SB Crowchild Tr: 33 Ave SW to Deerfoot Tr SE,8,2026-09-12T03:44:10.000
2026-09-12T09:54:01.193Z,Crowchild Trail,SB Crowchild Tr: 33 Ave SW to Glenmore Tr SW,4,2026-09-12T03:44:10.000
2026-09-12T09:54:01.193Z,Deerfoot Trail,NB Deerfoot Tr: 17 Ave SE to Airport Tr NE,9,2026-09-12T03:44:10.000
2026-09-12T09:54:01.193Z,Deerfoot Trail,NB Deerfoot Tr: 17 Ave SE to Stoney Tr NE,12,2026-09-12T03:44:10.000
2026-09-12T09:54:01.193Z,Deerfoot Trail,NB Deerfoot Tr: 274 Ave S to City Centre via Deerfoot Tr,27,2026-09-12T03:44:10.000
2026-09-12T09:54:01.193Z,Deerfoot Trail,NB Deerfoot Tr: 32 Ave NE to Airport Tr NE,4,2026-09-12T03:44:10.000
2026-09-12T09:54:01.193Z,Deerfoot Trail,NB Deerfoot Tr: 32 Ave NE to Stoney Tr NE,7,2026-09-12T03:44:10.000
2026-09-12T09:54:01.193Z,Deerfoot Trail,NB Deerfoot Tr: 8 Ave NE to Airport Tr NE,7,2026-09-12T03:44:10.000
2026-09-12T09:54:01.193Z,Deerfoot Trail,NB Deerfoot Tr: 8 Ave NE to Stoney Tr NE,10,2026-09-12T03:44:10.000
2026-09-12T09:54:01.193Z,Deerfoot Trail,NB Deerfoot Tr: Anderson Rd SE to Airport Tr NE,16,2026-09-12T03:44:10.000
2026-09-12T09:54:01.193Z,Deerfoot Trail,NB Deerfoot Tr: Anderson Rd SE to Memorial Dr SE,9,2026-09-12T03:44:10.000
2026-09-12T09:54:01.193Z,Deerfoot Trail,NB Deerfoot Tr: Cranston Ave SE to Memorial Dr SE,17,2026-09-12T03:44:10.000
2026-09-12T09:54:01.193Z,Deerfoot Trail,NB Deerfoot Tr: Cranston Ave SE to Southland Dr SE,10,2026-09-12T03:44:10.000
2026-09-12T09:54:01.193Z,Deerfoot Trail,NB Deerfoot Tr: Glenmore Tr SE to Airport Tr NE,12,2026-09-12T03:44:10.000
2026-09-12T09:54:01.193Z,Deerfoot Trail,NB Deerfoot Tr: Glenmore Tr SE to Memorial Dr SE,5,2026-09-12T03:44:10.000
2026-09-12T09:54:01.193Z,Deerfoot Trail,NB Deerfoot Tr: Glenmore Tr SE to Stoney Tr NE,14,2026-09-12T03:44:10.000
2026-09-12T09:54:01.193Z,Deerfoot Trail,SB Deerfoot Tr: 17 Ave SE to Anderson Rd SE,8,2026-09-12T03:44:10.000
2026-09-12T09:54:01.193Z,Deerfoot Trail,SB Deerfoot Tr: 17 Ave SE to Stoney Tr SE,13,2026-09-12T03:44:10.000
2026-09-12T09:54:01.193Z,Deerfoot Trail,SB Deerfoot Tr: 64 Ave NE to Anderson Rd SE,13,2026-09-12T03:44:10.000
2026-09-12T09:54:01.193Z,Deerfoot Trail,SB Deerfoot Tr: 64 Ave NE to Memorial Dr SE,5,2026-09-12T03:44:10.000
2026-09-12T09:54:01.193Z,Deerfoot Trail,SB Deerfoot Tr: 8 Ave SE to Glenmore Tr SE,6,2026-09-12T03:44:10.000
2026-09-12T09:54:01.193Z,Deerfoot Trail,SB Deerfoot Tr: 8 Ave SE to Stoney Tr SE,14,2026-09-12T03:44:10.000
2026-09-12T09:54:01.193Z,Deerfoot Trail,SB Deerfoot Tr: Airport Tr NE to Anderson Rd SE,16,2026-09-12T03:44:10.000
2026-09-12T09:54:01.193Z,Deerfoot Trail,SB Deerfoot Tr: Airport Tr NE to Memorial Dr SE,7,2026-09-12T03:44:10.000
2026-09-12T09:54:01.193Z,Deerfoot Trail,SB Deerfoot Tr: Balzac  to Stoney Tr SE via Deerfoot Tr,25,2026-09-12T03:44:10.000
2026-09-12T09:54:01.193Z,Deerfoot Trail,SB Deerfoot Tr: Peigan Tr SE to Anderson Rd SE,7,2026-09-12T03:44:10.000
2026-09-12T09:54:01.193Z,Deerfoot Trail,SB Deerfoot Tr: Peigan Tr SE to Stoney Tr SE,12,2026-09-12T03:44:10.000
2026-09-12T09:54:01.193Z,Glenmore Trail,EB Glenmore Tr: Crowchild Tr SW to Deerfoot Tr SE,6,2026-09-12T03:44:10.000
2026-09-12T09:54:01.193Z,Glenmore Trail,WB Glenmore Tr: Odgen Rd SE to Bow Trail SW,11,2026-09-12T03:44:10.000
2026-09-12T09:54:01.193Z,Glenmore Trail,WB Glenmore Tr: Odgen Rd SE to Crowchild Tr SW,8,2026-09-12T03:44:10.000
2026-09-12T09:54:01.193Z,Macleod Trail,NB Macleod Tr: 274 Ave S to City Centre via Macleod Tr,26,2026-09-12T03:44:10.000
2026-09-12T09:54:01.193Z,Macleod Trail,NB Macleod Tr: Anderson Rd SE to 7 Av SE,14,2026-09-12T03:44:10.000
2026-09-12T09:54:01.193Z,Macleod Trail,NB Macleod Tr: Anderson Rd SE to Blackfoot Tr SW,23,2026-09-12T03:44:10.000
2026-09-12T09:54:01.193Z,Macleod Trail,NB Macleod Tr: Anderson Rd SE to Crowchild Tr SW,9,2026-09-12T03:44:10.000
2026-09-12T09:54:01.193Z,Macleod Trail,NB Macleod Tr: N of 25 Ave S to City Centre,3,2026-09-12T03:44:10.000
2026-09-12T09:54:01.193Z,Stoney Trail,EB Stoney Tr: Chaparral Blvd SE to 16 Ave NE,15,2026-09-12T03:44:10.000
2026-09-12T09:54:01.193Z,Stoney Trail,EB Stoney Tr: Chaparral Blvd SE to Glenmore Tr SE,9,2026-09-12T03:44:10.000
2026-09-12T09:54:01.193Z,Stoney Trail,EB Stoney Tr: Harvest Hills Blvd NW to 16 Ave NE,14,2026-09-12T03:44:10.000
2026-09-12T09:54:01.193Z,Stoney Trail,EB Stoney Tr: Harvest Hills Blvd NW to Glenmore Tr SE,20,2026-09-12T03:44:10.000
2026-09-12T09:54:01.193Z,Stoney Trail,EB Stoney W : Sarcee Tr NW to 16 Ave NE,18,2026-09-12T03:44:10.000
2026-09-12T09:54:01.193Z,Stoney Trail,EB Stoney W : Sarcee Tr NW to Deerfoot Tr N,8,2026-09-12T03:44:10.000
2026-09-12T09:54:01.193Z,Stoney Trail,NB Stoney Tr: 114 Ave SE to 16 Ave NE,8,2026-09-12T03:44:10.000
2026-09-12T09:54:01.193Z,Stoney Trail,NB Stoney Tr: 114 Ave SE to Deerfoot Tr NE,18,2026-09-12T03:44:10.000
2026-09-12T09:54:01.193Z,Stoney Trail,NB Stoney Tr: McKnight Blvd NE to Crowchild Tr NW,19,2026-09-12T03:44:10.000
2026-09-12T09:54:01.193Z,Stoney Trail,NB Stoney Tr: McKnight Blvd NE to Deerfoot Tr N,9,2026-09-12T03:44:10.000
2026-09-12T09:54:01.193Z,Stoney Trail,NB Stoney Tr: Peigan Tr SE to Deerfoot Tr NE,14,2026-09-12T03:44:10.000
2026-09-12T09:54:01.193Z,Stoney Trail,NB Stoney Tr: Peigan Tr SE to McKnight Blvd NE,6,2026-09-12T03:44:10.000
2026-09-12T09:54:01.193Z,Stoney Trail,SB Deerfoot Tr: Balzac  to Stoney Tr SE via Stoney Tr,26,2026-09-12T03:44:10.000
2026-09-12T09:54:01.193Z,Stoney Trail,SB Stoney Tr: Mcknight Blvd NE to Deerfoot Tr S,15,2026-09-12T03:44:10.000
2026-09-12T09:54:01.193Z,Stoney Trail,SB Stoney Tr: Mcknight Blvd NE to Glenmore Tr SE,8,2026-09-12T03:44:10.000
2026-09-12T09:54:01.193Z,Stoney Trail,SB Stoney Tr: Peigan Tr SE to 52 St SE,8,2026-09-12T03:44:10.000
2026-09-12T09:54:01.193Z,Stoney Trail,SB Stoney Tr: Peigan Tr SE to Macleod Tr SE,13,2026-09-12T03:44:10.000
2026-09-12T09:54:01.193Z,Stoney Trail,WB Stoney Tr: 52 St SE to James Mckevitt Rd SW,7,2026-09-12T03:44:10.000
2026-09-12T09:54:01.193Z,Stoney Trail,WB Stoney Tr: 52 St SE to Macleod Tr SE,5,2026-09-12T03:44:10.000
2026-09-12T09:54:01.193Z,Stoney Trail,WB Stoney Tr: Country Hills Blvd NW to 16 Ave NW,5,2026-09-12T03:44:10.000
2026-09-12T09:54:01.193Z,Stoney Trail,WB Stoney Tr: Deerfoot Tr NW to 16 Ave NW,13,2026-09-12T03:44:10.000
2026-09-12T09:54:01.193Z,Stoney Trail,WB Stoney Tr: Deerfoot Tr NW to Crowchild Tr NW,9,2026-09-12T03:44:10.000
2026-09-12T09:54:01.193Z,Trans Canada Highway,WB Trans Canada Hwy: Hwy 22 to Banff,50,2026-09-12T03:44:10.000
2026-09-12T09:54:01.193Z,Trans Canada Highway,WB Trans Canada Hwy: Hwy 22 to Kananaskis Village,42,2026-09-12T03:44:10.000
2026-09-12T13:17:18.719Z,16 Avenue,WB 16 Ave: Stoney Tr NE to Valley Ridge Bv NW via 16 Ave,30,2026-09-12T07:04:08.000
2026-09-12T13:17:18.719Z,16 Avenue,WB 16 Ave: Stoney Tr NE to Valley Ridge Bv Via Stoney Tr,26,2026-09-12T07:04:08.000
2026-09-12T13:17:18.719Z,Crowchild Trail,NB Crowchild Tr: 50 Ave SW to 24 Ave NW,7,2026-09-12T07:04:08.000
2026-09-12T13:17:18.719Z,Crowchild Trail,NB Crowchild Tr: 50 Ave SW to Memorial Dr NW,4,2026-09-12T07:04:08.000
2026-09-12T13:17:18.719Z,Crowchild Trail,NB Crowchild Tr: Glenmore Tr SW to 24 Ave NW,9,2026-09-12T07:04:08.000
2026-09-12T13:17:18.719Z,Crowchild Trail,SB Crowchild Tr: 12 Mile Coulee Rd NW to Glenmore Tr SW,17,2026-09-12T07:04:08.000
2026-09-12T13:17:18.719Z,Crowchild Trail,SB Crowchild Tr: 12 Mile Coulee Rd NW to Memorial Dr NW,12,2026-09-12T07:04:08.000
2026-09-12T13:17:18.719Z,Crowchild Trail,SB Crowchild Tr: 24 Ave NW to 17 Ave SW,5,2026-09-12T07:04:08.000
2026-09-12T13:17:18.719Z,Crowchild Trail,SB Crowchild Tr: 24 Ave NW to Glenmore Tr SW,9,2026-09-12T07:04:08.000
2026-09-12T13:17:18.719Z,Crowchild Trail,SB Crowchild Tr: 33 Ave SW to Deerfoot Tr SE,7,2026-09-12T07:04:08.000
2026-09-12T13:17:18.719Z,Crowchild Trail,SB Crowchild Tr: 33 Ave SW to Glenmore Tr SW,3,2026-09-12T07:04:08.000
2026-09-12T13:17:18.719Z,Deerfoot Trail,NB Deerfoot Tr: 17 Ave SE to Airport Tr NE,9,2026-09-12T07:04:08.000
2026-09-12T13:17:18.719Z,Deerfoot Trail,NB Deerfoot Tr: 17 Ave SE to Stoney Tr NE,11,2026-09-12T07:04:08.000
2026-09-12T13:17:18.719Z,Deerfoot Trail,NB Deerfoot Tr: 274 Ave S to City Centre via Deerfoot Tr,29,2026-09-12T07:04:08.000
2026-09-12T13:17:18.719Z,Deerfoot Trail,NB Deerfoot Tr: 32 Ave NE to Airport Tr NE,4,2026-09-12T07:04:08.000
2026-09-12T13:17:18.719Z,Deerfoot Trail,NB Deerfoot Tr: 32 Ave NE to Stoney Tr NE,7,2026-09-12T07:04:08.000
2026-09-12T13:17:18.719Z,Deerfoot Trail,NB Deerfoot Tr: 8 Ave NE to Airport Tr NE,7,2026-09-12T07:04:08.000
2026-09-12T13:17:18.719Z,Deerfoot Trail,NB Deerfoot Tr: 8 Ave NE to Stoney Tr NE,9,2026-09-12T07:04:08.000
2026-09-12T13:17:18.719Z,Deerfoot Trail,NB Deerfoot Tr: Anderson Rd SE to Airport Tr NE,16,2026-09-12T07:04:08.000
2026-09-12T13:17:18.719Z,Deerfoot Trail,NB Deerfoot Tr: Anderson Rd SE to Memorial Dr SE,10,2026-09-12T07:04:08.000
2026-09-12T13:17:18.719Z,Deerfoot Trail,NB Deerfoot Tr: Cranston Ave SE to Memorial Dr SE,17,2026-09-12T07:04:08.000
2026-09-12T13:17:18.719Z,Deerfoot Trail,NB Deerfoot Tr: Cranston Ave SE to Southland Dr SE,10,2026-09-12T07:04:08.000
2026-09-12T13:17:18.719Z,Deerfoot Trail,NB Deerfoot Tr: Glenmore Tr SE to Airport Tr NE,11,2026-09-12T07:04:08.000
2026-09-12T13:17:18.719Z,Deerfoot Trail,NB Deerfoot Tr: Glenmore Tr SE to Memorial Dr SE,5,2026-09-12T07:04:08.000
2026-09-12T13:17:18.719Z,Deerfoot Trail,NB Deerfoot Tr: Glenmore Tr SE to Stoney Tr NE,14,2026-09-12T07:04:08.000
2026-09-12T13:17:18.719Z,Deerfoot Trail,SB Deerfoot Tr: 17 Ave SE to Anderson Rd SE,8,2026-09-12T07:04:08.000
2026-09-12T13:17:18.719Z,Deerfoot Trail,SB Deerfoot Tr: 17 Ave SE to Stoney Tr SE,13,2026-09-12T07:04:08.000
2026-09-12T13:17:18.719Z,Deerfoot Trail,SB Deerfoot Tr: 64 Ave NE to Anderson Rd SE,13,2026-09-12T07:04:08.000
2026-09-12T13:17:18.719Z,Deerfoot Trail,SB Deerfoot Tr: 64 Ave NE to Memorial Dr SE,5,2026-09-12T07:04:08.000
2026-09-12T13:17:18.719Z,Deerfoot Trail,SB Deerfoot Tr: 8 Ave SE to Glenmore Tr SE,6,2026-09-12T07:04:08.000
2026-09-12T13:17:18.719Z,Deerfoot Trail,SB Deerfoot Tr: 8 Ave SE to Stoney Tr SE,14,2026-09-12T07:04:08.000
2026-09-12T13:17:18.719Z,Deerfoot Trail,SB Deerfoot Tr: Airport Tr NE to Anderson Rd SE,15,2026-09-12T07:04:08.000
2026-09-12T13:17:18.719Z,Deerfoot Trail,SB Deerfoot Tr: Airport Tr NE to Memorial Dr SE,7,2026-09-12T07:04:08.000
2026-09-12T13:17:18.719Z,Deerfoot Trail,SB Deerfoot Tr: Balzac  to Stoney Tr SE via Deerfoot Tr,24,2026-09-12T07:04:08.000
2026-09-12T13:17:18.719Z,Deerfoot Trail,SB Deerfoot Tr: Peigan Tr SE to Anderson Rd SE,7,2026-09-12T07:04:08.000
2026-09-12T13:17:18.719Z,Deerfoot Trail,SB Deerfoot Tr: Peigan Tr SE to Stoney Tr SE,11,2026-09-12T07:04:08.000
2026-09-12T13:17:18.719Z,Glenmore Trail,EB Glenmore Tr: Crowchild Tr SW to Deerfoot Tr SE,5,2026-09-12T07:04:08.000
2026-09-12T13:17:18.719Z,Glenmore Trail,WB Glenmore Tr: Odgen Rd SE to Bow Trail SW,11,2026-09-12T07:04:08.000
2026-09-12T13:17:18.719Z,Glenmore Trail,WB Glenmore Tr: Odgen Rd SE to Crowchild Tr SW,7,2026-09-12T07:04:08.000
2026-09-12T13:17:18.719Z,Macleod Trail,NB Macleod Tr: 274 Ave S to City Centre via Macleod Tr,26,2026-09-12T07:04:08.000
2026-09-12T13:17:18.719Z,Macleod Trail,NB Macleod Tr: Anderson Rd SE to 7 Av SE,13,2026-09-12T07:04:08.000
2026-09-12T13:17:18.719Z,Macleod Trail,NB Macleod Tr: Anderson Rd SE to Blackfoot Tr SW,22,2026-09-12T07:04:08.000
2026-09-12T13:17:18.719Z,Macleod Trail,NB Macleod Tr: Anderson Rd SE to Crowchild Tr SW,9,2026-09-12T07:04:08.000
2026-09-12T13:17:18.719Z,Macleod Trail,NB Macleod Tr: N of 25 Ave S to City Centre,3,2026-09-12T07:04:08.000
2026-09-12T13:17:18.719Z,Stoney Trail,EB Stoney Tr: Chaparral Blvd SE to 16 Ave NE,15,2026-09-12T07:04:08.000
2026-09-12T13:17:18.719Z,Stoney Trail,EB Stoney Tr: Chaparral Blvd SE to Glenmore Tr SE,9,2026-09-12T07:04:08.000
2026-09-12T13:17:18.719Z,Stoney Trail,EB Stoney Tr: Harvest Hills Blvd NW to 16 Ave NE,13,2026-09-12T07:04:08.000
2026-09-12T13:17:18.719Z,Stoney Trail,EB Stoney Tr: Harvest Hills Blvd NW to Glenmore Tr SE,19,2026-09-12T07:04:08.000
2026-09-12T13:17:18.719Z,Stoney Trail,EB Stoney W : Sarcee Tr NW to 16 Ave NE,18,2026-09-12T07:04:08.000
2026-09-12T13:17:18.719Z,Stoney Trail,EB Stoney W : Sarcee Tr NW to Deerfoot Tr N,7,2026-09-12T07:04:08.000
2026-09-12T13:17:18.719Z,Stoney Trail,NB Stoney Tr: 114 Ave SE to 16 Ave NE,8,2026-09-12T07:04:08.000
2026-09-12T13:17:18.719Z,Stoney Trail,NB Stoney Tr: 114 Ave SE to Deerfoot Tr NE,18,2026-09-12T07:04:08.000
2026-09-12T13:17:18.719Z,Stoney Trail,NB Stoney Tr: McKnight Blvd NE to Crowchild Tr NW,19,2026-09-12T07:04:08.000
2026-09-12T13:17:18.719Z,Stoney Trail,NB Stoney Tr: McKnight Blvd NE to Deerfoot Tr N,9,2026-09-12T07:04:08.000
2026-09-12T13:17:18.719Z,Stoney Trail,NB Stoney Tr: Peigan Tr SE to Deerfoot Tr NE,14,2026-09-12T07:04:08.000
2026-09-12T13:17:18.719Z,Stoney Trail,NB Stoney Tr: Peigan Tr SE to McKnight Blvd NE,5,2026-09-12T07:04:08.000
2026-09-12T13:17:18.719Z,Stoney Trail,SB Deerfoot Tr: Balzac  to Stoney Tr SE via Stoney Tr,26,2026-09-12T07:04:08.000
2026-09-12T13:17:18.719Z,Stoney Trail,SB Stoney Tr: Mcknight Blvd NE to Deerfoot Tr S,15,2026-09-12T07:04:08.000
2026-09-12T13:17:18.719Z,Stoney Trail,SB Stoney Tr: Mcknight Blvd NE to Glenmore Tr SE,8,2026-09-12T07:04:08.000
2026-09-12T13:17:18.719Z,Stoney Trail,SB Stoney Tr: Peigan Tr SE to 52 St SE,9,2026-09-12T07:04:08.000
2026-09-12T13:17:18.719Z,Stoney Trail,SB Stoney Tr: Peigan Tr SE to Macleod Tr SE,13,2026-09-12T07:04:08.000
2026-09-12T13:17:18.719Z,Stoney Trail,WB Stoney Tr: 52 St SE to James Mckevitt Rd SW,7,2026-09-12T07:04:08.000
2026-09-12T13:17:18.719Z,Stoney Trail,WB Stoney Tr: 52 St SE to Macleod Tr SE,5,2026-09-12T07:04:08.000
2026-09-12T13:17:18.719Z,Stoney Trail,WB Stoney Tr: Country Hills Blvd NW to 16 Ave NW,5,2026-09-12T07:04:08.000
2026-09-12T13:17:18.719Z,Stoney Trail,WB Stoney Tr: Deerfoot Tr NW to 16 Ave NW,13,2026-09-12T07:04:08.000
2026-09-12T13:17:18.719Z,Stoney Trail,WB Stoney Tr: Deerfoot Tr NW to Crowchild Tr NW,9,2026-09-12T07:04:08.000
2026-09-12T13:17:18.719Z,Trans Canada Highway,WB Trans Canada Hwy: Hwy 22 to Banff,51,2026-09-12T07:04:08.000
2026-09-12T13:17:18.719Z,Trans Canada Highway,WB Trans Canada Hwy: Hwy 22 to Kananaskis Village,43,2026-09-12T07:04:08.000
2026-09-12T16:21:48.408Z,16 Avenue,WB 16 Ave: Stoney Tr NE to Valley Ridge Bv NW via 16 Ave,33,2026-09-12T10:04:08.000
2026-09-12T16:21:48.408Z,16 Avenue,WB 16 Ave: Stoney Tr NE to Valley Ridge Bv Via Stoney Tr,27,2026-09-12T10:04:08.000
2026-09-12T16:21:48.408Z,Crowchild Trail,NB Crowchild Tr: 50 Ave SW to 24 Ave NW,8,2026-09-12T10:04:08.000
2026-09-12T16:21:48.408Z,Crowchild Trail,NB Crowchild Tr: 50 Ave SW to Memorial Dr NW,4,2026-09-12T10:04:08.000
2026-09-12T16:21:48.408Z,Crowchild Trail,NB Crowchild Tr: Glenmore Tr SW to 24 Ave NW,10,2026-09-12T10:04:08.000
2026-09-12T16:21:48.408Z,Crowchild Trail,SB Crowchild Tr: 12 Mile Coulee Rd NW to Glenmore Tr SW,16,2026-09-12T10:04:08.000
2026-09-12T16:21:48.408Z,Crowchild Trail,SB Crowchild Tr: 12 Mile Coulee Rd NW to Memorial Dr NW,12,2026-09-12T10:04:08.000
2026-09-12T16:21:48.408Z,Crowchild Trail,SB Crowchild Tr: 24 Ave NW to 17 Ave SW,5,2026-09-12T10:04:08.000
2026-09-12T16:21:48.408Z,Crowchild Trail,SB Crowchild Tr: 24 Ave NW to Glenmore Tr SW,9,2026-09-12T10:04:08.000
2026-09-12T16:21:48.408Z,Crowchild Trail,SB Crowchild Tr: 33 Ave SW to Deerfoot Tr SE,9,2026-09-12T10:04:08.000
2026-09-12T16:21:48.408Z,Crowchild Trail,SB Crowchild Tr: 33 Ave SW to Glenmore Tr SW,4,2026-09-12T10:04:08.000
2026-09-12T16:21:48.408Z,Deerfoot Trail,NB Deerfoot Tr: 17 Ave SE to Airport Tr NE,9,2026-09-12T10:04:08.000
2026-09-12T16:21:48.408Z,Deerfoot Trail,NB Deerfoot Tr: 17 Ave SE to Stoney Tr NE,11,2026-09-12T10:04:08.000
2026-09-12T16:21:48.408Z,Deerfoot Trail,NB Deerfoot Tr: 274 Ave S to City Centre via Deerfoot Tr,29,2026-09-12T10:04:08.000
2026-09-12T16:21:48.408Z,Deerfoot Trail,NB Deerfoot Tr: 32 Ave NE to Airport Tr NE,4,2026-09-12T10:04:08.000
2026-09-12T16:21:48.408Z,Deerfoot Trail,NB Deerfoot Tr: 32 Ave NE to Stoney Tr NE,7,2026-09-12T10:04:08.000
2026-09-12T16:21:48.408Z,Deerfoot Trail,NB Deerfoot Tr: 8 Ave NE to Airport Tr NE,6,2026-09-12T10:04:08.000
2026-09-12T16:21:48.408Z,Deerfoot Trail,NB Deerfoot Tr: 8 Ave NE to Stoney Tr NE,9,2026-09-12T10:04:08.000
2026-09-12T16:21:48.408Z,Deerfoot Trail,NB Deerfoot Tr: Anderson Rd SE to Airport Tr NE,17,2026-09-12T10:04:08.000
2026-09-12T16:21:48.408Z,Deerfoot Trail,NB Deerfoot Tr: Anderson Rd SE to Memorial Dr SE,11,2026-09-12T10:04:08.000
2026-09-12T16:21:48.408Z,Deerfoot Trail,NB Deerfoot Tr: Cranston Ave SE to Memorial Dr SE,19,2026-09-12T10:04:08.000
2026-09-12T16:21:48.408Z,Deerfoot Trail,NB Deerfoot Tr: Cranston Ave SE to Southland Dr SE,11,2026-09-12T10:04:08.000
2026-09-12T16:21:48.408Z,Deerfoot Trail,NB Deerfoot Tr: Glenmore Tr SE to Airport Tr NE,11,2026-09-12T10:04:08.000
2026-09-12T16:21:48.408Z,Deerfoot Trail,NB Deerfoot Tr: Glenmore Tr SE to Memorial Dr SE,5,2026-09-12T10:04:08.000
2026-09-12T16:21:48.408Z,Deerfoot Trail,NB Deerfoot Tr: Glenmore Tr SE to Stoney Tr NE,13,2026-09-12T10:04:08.000
2026-09-12T16:21:48.408Z,Deerfoot Trail,SB Deerfoot Tr: 17 Ave SE to Anderson Rd SE,8,2026-09-12T10:04:08.000
2026-09-12T16:21:48.408Z,Deerfoot Trail,SB Deerfoot Tr: 17 Ave SE to Stoney Tr SE,13,2026-09-12T10:04:08.000
2026-09-12T16:21:48.408Z,Deerfoot Trail,SB Deerfoot Tr: 64 Ave NE to Anderson Rd SE,14,2026-09-12T10:04:08.000
2026-09-12T16:21:48.408Z,Deerfoot Trail,SB Deerfoot Tr: 64 Ave NE to Memorial Dr SE,5,2026-09-12T10:04:08.000
2026-09-12T16:21:48.408Z,Deerfoot Trail,SB Deerfoot Tr: 8 Ave SE to Glenmore Tr SE,6,2026-09-12T10:04:08.000
2026-09-12T16:21:48.408Z,Deerfoot Trail,SB Deerfoot Tr: 8 Ave SE to Stoney Tr SE,15,2026-09-12T10:04:08.000
2026-09-12T16:21:48.408Z,Deerfoot Trail,SB Deerfoot Tr: Airport Tr NE to Anderson Rd SE,16,2026-09-12T10:04:08.000
2026-09-12T16:21:48.408Z,Deerfoot Trail,SB Deerfoot Tr: Airport Tr NE to Memorial Dr SE,7,2026-09-12T10:04:08.000
2026-09-12T16:21:48.408Z,Deerfoot Trail,SB Deerfoot Tr: Balzac  to Stoney Tr SE via Deerfoot Tr,25,2026-09-12T10:04:08.000
2026-09-12T16:21:48.408Z,Deerfoot Trail,SB Deerfoot Tr: Peigan Tr SE to Anderson Rd SE,7,2026-09-12T10:04:08.000
2026-09-12T16:21:48.408Z,Deerfoot Trail,SB Deerfoot Tr: Peigan Tr SE to Stoney Tr SE,12,2026-09-12T10:04:08.000
2026-09-12T16:21:48.408Z,Glenmore Trail,EB Glenmore Tr: Crowchild Tr SW to Deerfoot Tr SE,8,2026-09-12T10:04:08.000
2026-09-12T16:21:48.408Z,Glenmore Trail,WB Glenmore Tr: Odgen Rd SE to Bow Trail SW,11,2026-09-12T10:04:08.000
2026-09-12T16:21:48.408Z,Glenmore Trail,WB Glenmore Tr: Odgen Rd SE to Crowchild Tr SW,8,2026-09-12T10:04:08.000
2026-09-12T16:21:48.408Z,Macleod Trail,NB Macleod Tr: 274 Ave S to City Centre via Macleod Tr,30,2026-09-12T10:04:08.000
2026-09-12T16:21:48.408Z,Macleod Trail,NB Macleod Tr: Anderson Rd SE to 7 Av SE,17,2026-09-12T10:04:08.000
2026-09-12T16:21:48.408Z,Macleod Trail,NB Macleod Tr: Anderson Rd SE to Blackfoot Tr SW,25,2026-09-12T10:04:08.000
2026-09-12T16:21:48.408Z,Macleod Trail,NB Macleod Tr: Anderson Rd SE to Crowchild Tr SW,10,2026-09-12T10:04:08.000
2026-09-12T16:21:48.408Z,Macleod Trail,NB Macleod Tr: N of 25 Ave S to City Centre,3,2026-09-12T10:04:08.000
2026-09-12T16:21:48.408Z,Stoney Trail,EB Stoney Tr: Chaparral Blvd SE to 16 Ave NE,15,2026-09-12T10:04:08.000
2026-09-12T16:21:48.408Z,Stoney Trail,EB Stoney Tr: Chaparral Blvd SE to Glenmore Tr SE,9,2026-09-12T10:04:08.000
2026-09-12T16:21:48.408Z,Stoney Trail,EB Stoney Tr: Harvest Hills Blvd NW to 16 Ave NE,13,2026-09-12T10:04:08.000
2026-09-12T16:21:48.408Z,Stoney Trail,EB Stoney Tr: Harvest Hills Blvd NW to Glenmore Tr SE,19,2026-09-12T10:04:08.000
2026-09-12T16:21:48.408Z,Stoney Trail,EB Stoney W : Sarcee Tr NW to 16 Ave NE,18,2026-09-12T10:04:08.000
2026-09-12T16:21:48.408Z,Stoney Trail,EB Stoney W : Sarcee Tr NW to Deerfoot Tr N,7,2026-09-12T10:04:08.000
2026-09-12T16:21:48.408Z,Stoney Trail,NB Stoney Tr: 114 Ave SE to 16 Ave NE,8,2026-09-12T10:04:08.000
2026-09-12T16:21:48.408Z,Stoney Trail,NB Stoney Tr: 114 Ave SE to Deerfoot Tr NE,18,2026-09-12T10:04:08.000
2026-09-12T16:21:48.408Z,Stoney Trail,NB Stoney Tr: McKnight Blvd NE to Crowchild Tr NW,21,2026-09-12T10:04:08.000
2026-09-12T16:21:48.408Z,Stoney Trail,NB Stoney Tr: McKnight Blvd NE to Deerfoot Tr N,9,2026-09-12T10:04:08.000
2026-09-12T16:21:48.408Z,Stoney Trail,NB Stoney Tr: Peigan Tr SE to Deerfoot Tr NE,15,2026-09-12T10:04:08.000
2026-09-12T16:21:48.408Z,Stoney Trail,NB Stoney Tr: Peigan Tr SE to McKnight Blvd NE,6,2026-09-12T10:04:08.000
2026-09-12T16:21:48.408Z,Stoney Trail,SB Deerfoot Tr: Balzac  to Stoney Tr SE via Stoney Tr,26,2026-09-12T10:04:08.000
2026-09-12T16:21:48.408Z,Stoney Trail,SB Stoney Tr: Mcknight Blvd NE to Deerfoot Tr S,15,2026-09-12T10:04:08.000
2026-09-12T16:21:48.408Z,Stoney Trail,SB Stoney Tr: Mcknight Blvd NE to Glenmore Tr SE,8,2026-09-12T10:04:08.000
2026-09-12T16:21:48.408Z,Stoney Trail,SB Stoney Tr: Peigan Tr SE to 52 St SE,9,2026-09-12T10:04:08.000
2026-09-12T16:21:48.408Z,Stoney Trail,SB Stoney Tr: Peigan Tr SE to Macleod Tr SE,13,2026-09-12T10:04:08.000
2026-09-12T16:21:48.408Z,Stoney Trail,WB Stoney Tr: 52 St SE to James Mckevitt Rd SW,7,2026-09-12T10:04:08.000
2026-09-12T16:21:48.408Z,Stoney Trail,WB Stoney Tr: 52 St SE to Macleod Tr SE,5,2026-09-12T10:04:08.000
2026-09-12T16:21:48.408Z,Stoney Trail,WB Stoney Tr: Country Hills Blvd NW to 16 Ave NW,5,2026-09-12T10:04:08.000
2026-09-12T16:21:48.408Z,Stoney Trail,WB Stoney Tr: Deerfoot Tr NW to 16 Ave NW,13,2026-09-12T10:04:08.000
2026-09-12T16:21:48.408Z,Stoney Trail,WB Stoney Tr: Deerfoot Tr NW to Crowchild Tr NW,10,2026-09-12T10:04:08.000
2026-09-12T16:21:48.408Z,Trans Canada Highway,WB Trans Canada Hwy: Hwy 22 to Banff,55,2026-09-12T10:04:08.000
2026-09-12T16:21:48.408Z,Trans Canada Highway,WB Trans Canada Hwy: Hwy 22 to Kananaskis Village,45,2026-09-12T10:04:08.000
2026-09-12T18:42:12.720Z,16 Avenue,WB 16 Ave: Stoney Tr NE to Valley Ridge Bv NW via 16 Ave,32,2026-09-12T12:24:08.000
2026-09-12T18:42:12.720Z,16 Avenue,WB 16 Ave: Stoney Tr NE to Valley Ridge Bv Via Stoney Tr,27,2026-09-12T12:24:08.000
2026-09-12T18:42:12.720Z,Crowchild Trail,NB Crowchild Tr: 50 Ave SW to 24 Ave NW,9,2026-09-12T12:24:08.000
2026-09-12T18:42:12.720Z,Crowchild Trail,NB Crowchild Tr: 50 Ave SW to Memorial Dr NW,5,2026-09-12T12:24:08.000
2026-09-12T18:42:12.720Z,Crowchild Trail,NB Crowchild Tr: Glenmore Tr SW to 24 Ave NW,11,2026-09-12T12:24:08.000
2026-09-12T18:42:12.720Z,Crowchild Trail,SB Crowchild Tr: 12 Mile Coulee Rd NW to Glenmore Tr SW,17,2026-09-12T12:24:08.000
2026-09-12T18:42:12.720Z,Crowchild Trail,SB Crowchild Tr: 12 Mile Coulee Rd NW to Memorial Dr NW,13,2026-09-12T12:24:08.000
2026-09-12T18:42:12.720Z,Crowchild Trail,SB Crowchild Tr: 24 Ave NW to 17 Ave SW,5,2026-09-12T12:24:08.000
2026-09-12T18:42:12.720Z,Crowchild Trail,SB Crowchild Tr: 24 Ave NW to Glenmore Tr SW,10,2026-09-12T12:24:08.000
2026-09-12T18:42:12.720Z,Crowchild Trail,SB Crowchild Tr: 33 Ave SW to Deerfoot Tr SE,9,2026-09-12T12:24:08.000
2026-09-12T18:42:12.720Z,Crowchild Trail,SB Crowchild Tr: 33 Ave SW to Glenmore Tr SW,4,2026-09-12T12:24:08.000
2026-09-12T18:42:12.720Z,Deerfoot Trail,NB Deerfoot Tr: 17 Ave SE to Airport Tr NE,9,2026-09-12T12:24:08.000
2026-09-12T18:42:12.720Z,Deerfoot Trail,NB Deerfoot Tr: 17 Ave SE to Stoney Tr NE,12,2026-09-12T12:24:08.000
2026-09-12T18:42:12.720Z,Deerfoot Trail,NB Deerfoot Tr: 274 Ave S to City Centre via Deerfoot Tr,29,2026-09-12T12:24:08.000
2026-09-12T18:42:12.720Z,Deerfoot Trail,NB Deerfoot Tr: 32 Ave NE to Airport Tr NE,4,2026-09-12T12:24:08.000
2026-09-12T18:42:12.720Z,Deerfoot Trail,NB Deerfoot Tr: 32 Ave NE to Stoney Tr NE,7,2026-09-12T12:24:08.000
2026-09-12T18:42:12.720Z,Deerfoot Trail,NB Deerfoot Tr: 8 Ave NE to Airport Tr NE,7,2026-09-12T12:24:08.000
2026-09-12T18:42:12.720Z,Deerfoot Trail,NB Deerfoot Tr: 8 Ave NE to Stoney Tr NE,9,2026-09-12T12:24:08.000
2026-09-12T18:42:12.720Z,Deerfoot Trail,NB Deerfoot Tr: Anderson Rd SE to Airport Tr NE,16,2026-09-12T12:24:08.000
2026-09-12T18:42:12.720Z,Deerfoot Trail,NB Deerfoot Tr: Anderson Rd SE to Memorial Dr SE,10,2026-09-12T12:24:08.000
2026-09-12T18:42:12.720Z,Deerfoot Trail,NB Deerfoot Tr: Cranston Ave SE to Memorial Dr SE,18,2026-09-12T12:24:08.000
2026-09-12T18:42:12.720Z,Deerfoot Trail,NB Deerfoot Tr: Cranston Ave SE to Southland Dr SE,11,2026-09-12T12:24:08.000
2026-09-12T18:42:12.720Z,Deerfoot Trail,NB Deerfoot Tr: Glenmore Tr SE to Airport Tr NE,11,2026-09-12T12:24:08.000
2026-09-12T18:42:12.720Z,Deerfoot Trail,NB Deerfoot Tr: Glenmore Tr SE to Memorial Dr SE,5,2026-09-12T12:24:08.000
2026-09-12T18:42:12.720Z,Deerfoot Trail,NB Deerfoot Tr: Glenmore Tr SE to Stoney Tr NE,14,2026-09-12T12:24:08.000
2026-09-12T18:42:12.720Z,Deerfoot Trail,SB Deerfoot Tr: 17 Ave SE to Anderson Rd SE,9,2026-09-12T12:24:08.000
2026-09-12T18:42:12.720Z,Deerfoot Trail,SB Deerfoot Tr: 17 Ave SE to Stoney Tr SE,13,2026-09-12T12:24:08.000
2026-09-12T18:42:12.720Z,Deerfoot Trail,SB Deerfoot Tr: 64 Ave NE to Anderson Rd SE,14,2026-09-12T12:24:08.000
2026-09-12T18:42:12.720Z,Deerfoot Trail,SB Deerfoot Tr: 64 Ave NE to Memorial Dr SE,5,2026-09-12T12:24:08.000
2026-09-12T18:42:12.720Z,Deerfoot Trail,SB Deerfoot Tr: 8 Ave SE to Glenmore Tr SE,6,2026-09-12T12:24:08.000
2026-09-12T18:42:12.720Z,Deerfoot Trail,SB Deerfoot Tr: 8 Ave SE to Stoney Tr SE,15,2026-09-12T12:24:08.000
2026-09-12T18:42:12.720Z,Deerfoot Trail,SB Deerfoot Tr: Airport Tr NE to Anderson Rd SE,16,2026-09-12T12:24:08.000
2026-09-12T18:42:12.720Z,Deerfoot Trail,SB Deerfoot Tr: Airport Tr NE to Memorial Dr SE,7,2026-09-12T12:24:08.000
2026-09-12T18:42:12.720Z,Deerfoot Trail,SB Deerfoot Tr: Balzac  to Stoney Tr SE via Deerfoot Tr,24,2026-09-12T12:24:08.000
2026-09-12T18:42:12.720Z,Deerfoot Trail,SB Deerfoot Tr: Peigan Tr SE to Anderson Rd SE,7,2026-09-12T12:24:08.000
2026-09-12T18:42:12.720Z,Deerfoot Trail,SB Deerfoot Tr: Peigan Tr SE to Stoney Tr SE,12,2026-09-12T12:24:08.000
2026-09-12T18:42:12.720Z,Glenmore Trail,EB Glenmore Tr: Crowchild Tr SW to Deerfoot Tr SE,8,2026-09-12T12:24:08.000
2026-09-12T18:42:12.720Z,Glenmore Trail,WB Glenmore Tr: Odgen Rd SE to Bow Trail SW,11,2026-09-12T12:24:08.000
2026-09-12T18:42:12.720Z,Glenmore Trail,WB Glenmore Tr: Odgen Rd SE to Crowchild Tr SW,8,2026-09-12T12:24:08.000
2026-09-12T18:42:12.720Z,Macleod Trail,NB Macleod Tr: 274 Ave S to City Centre via Macleod Tr,34,2026-09-12T12:24:08.000
2026-09-12T18:42:12.720Z,Macleod Trail,NB Macleod Tr: Anderson Rd SE to 7 Av SE,19,2026-09-12T12:24:08.000
2026-09-12T18:42:12.720Z,Macleod Trail,NB Macleod Tr: Anderson Rd SE to Blackfoot Tr SW,27,2026-09-12T12:24:08.000
2026-09-12T18:42:12.720Z,Macleod Trail,NB Macleod Tr: Anderson Rd SE to Crowchild Tr SW,12,2026-09-12T12:24:08.000
2026-09-12T18:42:12.720Z,Macleod Trail,NB Macleod Tr: N of 25 Ave S to City Centre,4,2026-09-12T12:24:08.000
2026-09-12T18:42:12.720Z,Stoney Trail,EB Stoney Tr: Chaparral Blvd SE to 16 Ave NE,15,2026-09-12T12:24:08.000
2026-09-12T18:42:12.720Z,Stoney Trail,EB Stoney Tr: Chaparral Blvd SE to Glenmore Tr SE,10,2026-09-12T12:24:08.000
2026-09-12T18:42:12.720Z,Stoney Trail,EB Stoney Tr: Harvest Hills Blvd NW to 16 Ave NE,13,2026-09-12T12:24:08.000
2026-09-12T18:42:12.720Z,Stoney Trail,EB Stoney Tr: Harvest Hills Blvd NW to Glenmore Tr SE,19,2026-09-12T12:24:08.000
2026-09-12T18:42:12.720Z,Stoney Trail,EB Stoney W : Sarcee Tr NW to 16 Ave NE,18,2026-09-12T12:24:08.000
2026-09-12T18:42:12.720Z,Stoney Trail,EB Stoney W : Sarcee Tr NW to Deerfoot Tr N,7,2026-09-12T12:24:08.000
2026-09-12T18:42:12.720Z,Stoney Trail,NB Stoney Tr: 114 Ave SE to 16 Ave NE,8,2026-09-12T12:24:08.000
2026-09-12T18:42:12.720Z,Stoney Trail,NB Stoney Tr: 114 Ave SE to Deerfoot Tr NE,18,2026-09-12T12:24:08.000
2026-09-12T18:42:12.720Z,Stoney Trail,NB Stoney Tr: McKnight Blvd NE to Crowchild Tr NW,19,2026-09-12T12:24:08.000
2026-09-12T18:42:12.720Z,Stoney Trail,NB Stoney Tr: McKnight Blvd NE to Deerfoot Tr N,9,2026-09-12T12:24:08.000
2026-09-12T18:42:12.720Z,Stoney Trail,NB Stoney Tr: Peigan Tr SE to Deerfoot Tr NE,14,2026-09-12T12:24:08.000
2026-09-12T18:42:12.720Z,Stoney Trail,NB Stoney Tr: Peigan Tr SE to McKnight Blvd NE,6,2026-09-12T12:24:08.000
2026-09-12T18:42:12.720Z,Stoney Trail,SB Deerfoot Tr: Balzac  to Stoney Tr SE via Stoney Tr,25,2026-09-12T12:24:08.000
2026-09-12T18:42:12.720Z,Stoney Trail,SB Stoney Tr: Mcknight Blvd NE to Deerfoot Tr S,14,2026-09-12T12:24:08.000
2026-09-12T18:42:12.720Z,Stoney Trail,SB Stoney Tr: Mcknight Blvd NE to Glenmore Tr SE,7,2026-09-12T12:24:08.000
2026-09-12T18:42:12.720Z,Stoney Trail,SB Stoney Tr: Peigan Tr SE to 52 St SE,8,2026-09-12T12:24:08.000
2026-09-12T18:42:12.720Z,Stoney Trail,SB Stoney Tr: Peigan Tr SE to Macleod Tr SE,12,2026-09-12T12:24:08.000
2026-09-12T18:42:12.720Z,Stoney Trail,WB Stoney Tr: 52 St SE to James Mckevitt Rd SW,7,2026-09-12T12:24:08.000
2026-09-12T18:42:12.720Z,Stoney Trail,WB Stoney Tr: 52 St SE to Macleod Tr SE,5,2026-09-12T12:24:08.000
2026-09-12T18:42:12.720Z,Stoney Trail,WB Stoney Tr: Country Hills Blvd NW to 16 Ave NW,5,2026-09-12T12:24:08.000
2026-09-12T18:42:12.720Z,Stoney Trail,WB Stoney Tr: Deerfoot Tr NW to 16 Ave NW,13,2026-09-12T12:24:08.000
2026-09-12T18:42:12.720Z,Stoney Trail,WB Stoney Tr: Deerfoot Tr NW to Crowchild Tr NW,9,2026-09-12T12:24:08.000
2026-09-12T18:42:12.720Z,Trans Canada Highway,WB Trans Canada Hwy: Hwy 22 to Banff,53,2026-09-12T12:24:08.000
2026-09-12T18:42:12.720Z,Trans Canada Highway,WB Trans Canada Hwy: Hwy 22 to Kananaskis Village,45,2026-09-12T12:24:08.000
